date,time_slot,classes_ending_near,academic_workload,semester_stage,campus_event_flag,event_type,sports_visitor_count,sports_prev_crowd,sports_capacity,sports_overcrowded_flag,sports_load_pct,food_orders_demand,food_risk_category,library_occupancy,library_capacity,library_load_pct,campus_pulse_index,starting_hour,day_of_week,day_of_week_num,is_weekend,is_peak_hour,month,semester_week,is_exam_week,is_midterm,is_assignment_deadline,sports_event_flag,tournament_flag,cultural_major_event_flag,expected_event_attendance,temperature,rain_flag,weather_condition,outdoor_suitability,sports_active_courts,sports_hist_avg_crowd,sports_hist_peak_crowd,sports_risk_level,food_outlet_name,food_category,food_price_tier,food_prev_orders,food_hist_demand,food_prepared_qty,food_sold_qty,food_surplus_qty,food_surplus_pct,food_shortage_qty,library_prev_occupancy,library_hist_avg_occupancy,library_hist_peak_occupancy,library_high_demand_flag,study_space_availability,campus_activity_status,record_id,data_source_label
2026-08-03,Morning,2,Medium,Mid,0,None,43,20,120,0,35.8,35,Balanced,38,250,15.2,0.26,8,Monday,0,0,0,8,1,0,0,0,0,0,0,0,24.0,0,Clear,1.0,5,51.3,130,Low,Central Cafeteria,Meals,Standard,35,78.3,37,35,2,5.4,0,38,56.5,196,0,Ample,Low Activity,EXP-0001,USER_PREPARED_CAMPUS_DATA
2026-08-03,Late Morning,0,Medium,Mid,0,None,23,43,120,0,19.2,45,Balanced,40,250,16.0,0.21,10,Monday,0,0,0,8,1,0,0,0,0,0,0,0,24.0,0,Clear,1.0,5,51.3,130,Low,Central Cafeteria,Meals,Standard,35,78.3,47,45,2,4.3,0,38,56.5,196,0,Ample,Low Activity,EXP-0002,USER_PREPARED_CAMPUS_DATA
2026-08-03,Noon / Lunch,6,Medium,Mid,1,None,21,23,120,0,17.5,183,Shortage Risk,48,250,19.2,0.47,12,Monday,0,0,1,8,1,0,0,0,0,0,0,0,24.0,0,Clear,1.0,5,51.3,130,Low,Central Cafeteria,Meals,Standard,45,78.3,156,156,0,0.0,27,40,56.5,196,0,Ample,Low Activity,EXP-0003,USER_PREPARED_CAMPUS_DATA
2026-08-03,Afternoon,0,Medium,Mid,1,None,27,21,120,0,22.5,47,Balanced,54,250,21.6,0.24,14,Monday,0,0,1,8,1,0,0,0,0,0,0,0,24.0,0,Clear,1.0,5,51.3,130,Low,Central Cafeteria,Meals,Standard,183,78.3,49,47,2,4.1,0,48,56.5,196,0,Ample,Low Activity,EXP-0004,USER_PREPARED_CAMPUS_DATA
2026-08-03,Afternoon,8,Medium,Mid,0,None,79,27,120,0,65.8,67,Balanced,21,250,8.4,0.44,16,Monday,0,0,0,8,1,0,0,0,0,0,0,0,24.0,0,Clear,1.0,5,51.3,130,Moderate,Central Cafeteria,Meals,Standard,47,78.3,70,67,3,4.3,0,54,56.5,196,0,Ample,Low Activity,EXP-0005,USER_PREPARED_CAMPUS_DATA
2026-08-03,Evening Peak,0,Medium,Mid,0,None,88,79,120,0,73.3,111,Balanced,60,250,24.0,0.59,18,Monday,0,0,1,8,1,0,0,0,0,0,0,0,24.0,0,Clear,1.0,5,51.3,130,Moderate,Central Cafeteria,Meals,Standard,67,78.3,117,111,6,5.1,0,21,56.5,196,0,Ample,Low Activity,EXP-0006,USER_PREPARED_CAMPUS_DATA
2026-08-03,Night,0,Medium,Mid,1,Sports_Tournament,103,88,120,1,85.8,126,Balanced,67,250,26.8,0.68,20,Monday,0,0,1,8,1,0,0,0,1,1,0,80,24.0,0,Clear,1.0,5,51.3,130,High,Central Cafeteria,Meals,Standard,111,78.3,132,126,6,4.5,0,60,56.5,196,0,Ample,Low Activity,EXP-0007,USER_PREPARED_CAMPUS_DATA
2026-08-04,Morning,2,Low,Mid,0,None,50,20,120,0,41.7,33,Balanced,24,250,9.6,0.27,8,Tuesday,1,0,0,8,1,0,0,0,0,0,0,0,24.0,0,Clear,1.0,5,51.3,130,Low,Central Cafeteria,Meals,Standard,126,78.3,35,33,2,5.7,0,67,56.5,196,0,Ample,Low Activity,EXP-0008,USER_PREPARED_CAMPUS_DATA
2026-08-04,Late Morning,1,Low,Mid,0,None,18,50,120,0,15.0,36,Balanced,25,250,10.0,0.16,10,Tuesday,1,0,0,8,1,0,0,0,0,0,0,0,24.0,0,Clear,1.0,5,51.3,130,Low,Central Cafeteria,Meals,Standard,33,78.3,38,36,2,5.3,0,24,56.5,196,0,Ample,Low Activity,EXP-0009,USER_PREPARED_CAMPUS_DATA
2026-08-04,Noon / Lunch,8,Low,Mid,0,None,19,18,120,0,15.8,152,Shortage Risk,53,250,21.2,0.41,12,Tuesday,1,0,1,8,1,0,0,0,0,0,0,0,24.0,0,Clear,1.0,5,51.3,130,Low,Central Cafeteria,Meals,Standard,36,78.3,129,129,0,0.0,23,25,56.5,196,0,Ample,Low Activity,EXP-0010,USER_PREPARED_CAMPUS_DATA
2026-08-04,Afternoon,2,Low,Mid,0,None,22,19,120,0,18.3,49,Balanced,48,250,19.2,0.22,14,Tuesday,1,0,1,8,1,0,0,0,0,0,0,0,24.0,0,Clear,1.0,5,51.3,130,Low,Central Cafeteria,Meals,Standard,152,78.3,51,49,2,3.9,0,53,56.5,196,0,Ample,Low Activity,EXP-0011,USER_PREPARED_CAMPUS_DATA
2026-08-04,Afternoon,8,Low,Mid,0,None,81,22,120,0,67.5,57,Balanced,17,250,6.8,0.43,16,Tuesday,1,0,0,8,1,0,0,0,0,0,0,0,24.0,0,Clear,1.0,5,51.3,130,Moderate,Central Cafeteria,Meals,Standard,49,78.3,60,57,3,5.0,0,48,56.5,196,0,Ample,Low Activity,EXP-0012,USER_PREPARED_CAMPUS_DATA
2026-08-04,Evening Peak,0,Low,Mid,0,None,84,81,120,0,70.0,107,Balanced,65,250,26.0,0.57,18,Tuesday,1,0,1,8,1,0,0,0,0,0,0,0,24.0,0,Clear,1.0,5,51.3,130,Moderate,Central Cafeteria,Meals,Standard,57,78.3,112,107,5,4.5,0,17,56.5,196,0,Ample,Low Activity,EXP-0013,USER_PREPARED_CAMPUS_DATA
2026-08-04,Night,2,Low,Mid,0,None,69,84,120,0,57.5,123,Balanced,74,250,29.6,0.56,20,Tuesday,1,0,1,8,1,0,0,0,0,0,0,0,24.0,0,Clear,1.0,5,51.3,130,Low,Central Cafeteria,Meals,Standard,107,78.3,129,123,6,4.7,0,65,56.5,196,0,Ample,Low Activity,EXP-0014,USER_PREPARED_CAMPUS_DATA
2026-08-05,Morning,0,Medium,Mid,0,None,42,20,120,0,35.0,29,Balanced,32,250,12.8,0.24,8,Wednesday,2,0,0,8,1,0,0,0,0,0,0,0,24.0,0,Clear,1.0,5,51.3,130,Low,Central Cafeteria,Meals,Standard,123,78.3,30,29,1,3.3,0,74,56.5,196,0,Ample,Low Activity,EXP-0015,USER_PREPARED_CAMPUS_DATA
2026-08-05,Late Morning,1,Medium,Mid,0,None,23,42,120,0,19.2,32,Balanced,37,250,14.8,0.18,10,Wednesday,2,0,0,8,1,0,0,0,0,0,0,0,24.0,0,Clear,1.0,5,51.3,130,Low,Central Cafeteria,Meals,Standard,29,78.3,34,32,2,5.9,0,32,56.5,196,0,Ample,Low Activity,EXP-0016,USER_PREPARED_CAMPUS_DATA
2026-08-05,Noon / Lunch,7,Medium,Mid,0,None,9,23,120,0,7.5,138,Shortage Risk,56,250,22.4,0.35,12,Wednesday,2,0,1,8,1,0,0,0,0,0,0,0,24.0,0,Clear,1.0,5,51.3,130,Low,Central Cafeteria,Meals,Standard,32,78.3,117,117,0,0.0,21,37,56.5,196,0,Ample,Low Activity,EXP-0017,USER_PREPARED_CAMPUS_DATA
2026-08-05,Afternoon,2,Medium,Mid,0,None,21,9,120,0,17.5,53,Balanced,27,250,10.8,0.2,14,Wednesday,2,0,1,8,1,0,0,0,0,0,0,0,24.0,0,Clear,1.0,5,51.3,130,Low,Central Cafeteria,Meals,Standard,138,78.3,56,53,3,5.4,0,56,56.5,196,0,Ample,Low Activity,EXP-0018,USER_PREPARED_CAMPUS_DATA
2026-08-05,Afternoon,5,Medium,Mid,1,Sports_Tournament,113,21,120,1,94.2,106,Balanced,27,250,10.8,0.65,16,Wednesday,2,0,0,8,1,0,0,0,1,1,0,80,24.0,0,Clear,1.0,5,51.3,130,High,Central Cafeteria,Meals,Standard,53,78.3,111,106,5,4.5,0,27,56.5,196,0,Ample,Low Activity,EXP-0019,USER_PREPARED_CAMPUS_DATA
2026-08-05,Evening Peak,0,Medium,Mid,0,None,89,113,120,0,74.2,93,Balanced,65,250,26.0,0.57,18,Wednesday,2,0,1,8,1,0,0,0,0,0,0,0,24.0,0,Clear,1.0,5,51.3,130,Moderate,Central Cafeteria,Meals,Standard,106,78.3,98,93,5,5.1,0,27,56.5,196,0,Ample,Low Activity,EXP-0020,USER_PREPARED_CAMPUS_DATA
2026-08-05,Night,0,Medium,Mid,0,None,70,89,120,0,58.3,113,Balanced,66,250,26.4,0.54,20,Wednesday,2,0,1,8,1,0,0,0,0,0,0,0,24.0,0,Clear,1.0,5,51.3,130,Low,Central Cafeteria,Meals,Standard,93,78.3,119,113,6,5.0,0,65,56.5,196,0,Ample,Low Activity,EXP-0021,USER_PREPARED_CAMPUS_DATA
2026-08-06,Morning,1,Medium,Mid,0,None,47,20,120,0,39.2,49,Balanced,25,250,10.0,0.29,8,Thursday,3,0,0,8,1,0,0,0,0,0,0,0,24.0,0,Clear,1.0,5,51.3,130,Low,Central Cafeteria,Meals,Standard,113,78.3,51,49,2,3.9,0,66,56.5,196,0,Ample,Low Activity,EXP-0022,USER_PREPARED_CAMPUS_DATA
2026-08-06,Late Morning,0,Medium,Mid,0,None,20,47,120,0,16.7,34,Balanced,25,250,10.0,0.16,10,Thursday,3,0,0,8,1,0,0,0,0,0,0,0,24.0,0,Clear,1.0,5,51.3,130,Low,Central Cafeteria,Meals,Standard,49,78.3,36,34,2,5.6,0,25,56.5,196,0,Ample,Low Activity,EXP-0023,USER_PREPARED_CAMPUS_DATA
2026-08-06,Noon / Lunch,5,Medium,Mid,0,None,12,20,120,0,10.0,135,Shortage Risk,41,250,16.4,0.34,12,Thursday,3,0,1,8,1,0,0,0,0,0,0,0,24.0,0,Clear,1.0,5,51.3,130,Low,Central Cafeteria,Meals,Standard,34,78.3,115,115,0,0.0,20,25,56.5,196,0,Ample,Low Activity,EXP-0024,USER_PREPARED_CAMPUS_DATA
2026-08-06,Afternoon,1,Medium,Mid,0,None,16,12,120,0,13.3,46,Balanced,45,250,18.0,0.18,14,Thursday,3,0,1,8,1,0,0,0,0,0,0,0,24.0,0,Clear,1.0,5,51.3,130,Low,Central Cafeteria,Meals,Standard,135,78.3,48,46,2,4.2,0,41,56.5,196,0,Ample,Low Activity,EXP-0025,USER_PREPARED_CAMPUS_DATA
2026-08-06,Afternoon,8,Medium,Mid,0,None,76,16,120,0,63.3,78,Balanced,11,250,4.4,0.44,16,Thursday,3,0,0,8,1,0,0,0,0,0,0,0,24.0,0,Clear,1.0,5,51.3,130,Moderate,Central Cafeteria,Meals,Standard,46,78.3,82,78,4,4.9,0,45,56.5,196,0,Ample,Low Activity,EXP-0026,USER_PREPARED_CAMPUS_DATA
2026-08-06,Evening Peak,1,Medium,Mid,1,Sports_Tournament,113,76,120,1,94.2,137,Shortage Risk,69,250,27.6,0.74,18,Thursday,3,0,1,8,1,0,0,0,1,1,0,80,24.0,0,Clear,1.0,5,51.3,130,High,Central Cafeteria,Meals,Standard,78,78.3,116,116,0,0.0,21,11,56.5,196,0,Ample,Low Activity,EXP-0027,USER_PREPARED_CAMPUS_DATA
2026-08-06,Night,0,Medium,Mid,1,Sports_Tournament,123,113,120,1,102.5,118,Balanced,79,250,31.6,0.75,20,Thursday,3,0,1,8,1,0,0,0,1,1,0,80,24.0,0,Clear,1.0,5,51.3,130,Severe,Central Cafeteria,Meals,Standard,137,78.3,124,118,6,4.8,0,69,56.5,196,0,Ample,Low Activity,EXP-0028,USER_PREPARED_CAMPUS_DATA
2026-08-07,Morning,1,Medium,Mid,0,None,47,20,120,0,39.2,49,Balanced,34,250,13.6,0.3,8,Friday,4,0,0,8,1,0,0,0,0,0,0,0,24.0,0,Clear,1.0,5,51.3,130,Low,Central Cafeteria,Meals,Standard,118,78.3,51,49,2,3.9,0,79,56.5,196,0,Ample,Low Activity,EXP-0029,USER_PREPARED_CAMPUS_DATA
2026-08-07,Late Morning,1,Medium,Mid,0,None,19,47,120,0,15.8,63,Balanced,32,250,12.8,0.22,10,Friday,4,0,0,8,1,0,0,0,0,0,0,0,24.0,0,Clear,1.0,5,51.3,130,Low,Central Cafeteria,Meals,Standard,49,78.3,66,63,3,4.5,0,34,56.5,196,0,Ample,Low Activity,EXP-0030,USER_PREPARED_CAMPUS_DATA
2026-08-07,Noon / Lunch,5,Medium,Mid,0,None,19,19,120,0,15.8,148,Shortage Risk,38,250,15.2,0.39,12,Friday,4,0,1,8,1,0,0,0,0,0,0,0,24.0,0,Clear,1.0,5,51.3,130,Low,Central Cafeteria,Meals,Standard,63,78.3,126,126,0,0.0,22,32,56.5,196,0,Ample,Low Activity,EXP-0031,USER_PREPARED_CAMPUS_DATA
2026-08-07,Afternoon,2,Medium,Mid,0,None,21,19,120,0,17.5,51,Balanced,55,250,22.0,0.22,14,Friday,4,0,1,8,1,0,0,0,0,0,0,0,24.0,0,Clear,1.0,5,51.3,130,Low,Central Cafeteria,Meals,Standard,148,78.3,54,51,3,5.6,0,38,56.5,196,0,Ample,Low Activity,EXP-0032,USER_PREPARED_CAMPUS_DATA
2026-08-07,Afternoon,7,Medium,Mid,0,None,80,21,120,0,66.7,68,Balanced,20,250,8.0,0.45,16,Friday,4,0,0,8,1,0,0,0,0,0,0,0,24.0,0,Clear,1.0,5,51.3,130,Moderate,Central Cafeteria,Meals,Standard,51,78.3,71,68,3,4.2,0,55,56.5,196,0,Ample,Low Activity,EXP-0033,USER_PREPARED_CAMPUS_DATA
2026-08-07,Evening Peak,0,Medium,Mid,0,None,87,80,120,0,72.5,113,Balanced,67,250,26.8,0.6,18,Friday,4,0,1,8,1,0,0,0,0,0,0,0,24.0,0,Clear,1.0,5,51.3,130,Moderate,Central Cafeteria,Meals,Standard,68,78.3,119,113,6,5.0,0,20,56.5,196,0,Ample,Low Activity,EXP-0034,USER_PREPARED_CAMPUS_DATA
2026-08-07,Night,1,Medium,Mid,0,None,71,87,120,0,59.2,112,Balanced,73,250,29.2,0.54,20,Friday,4,0,1,8,1,0,0,0,0,0,0,0,24.0,0,Clear,1.0,5,51.3,130,Low,Central Cafeteria,Meals,Standard,113,78.3,118,112,6,5.1,0,67,56.5,196,0,Ample,Low Activity,EXP-0035,USER_PREPARED_CAMPUS_DATA
2026-08-08,Morning,0,Medium,Mid,0,None,56,20,120,0,46.7,27,Balanced,35,250,14.0,0.29,8,Saturday,5,1,0,8,1,0,0,0,0,0,0,0,24.0,0,Clear,1.0,5,51.3,130,Low,Central Cafeteria,Meals,Standard,112,78.3,28,27,1,3.6,0,73,56.5,196,0,Ample,Low Activity,EXP-0036,USER_PREPARED_CAMPUS_DATA
2026-08-08,Late Morning,0,Medium,Mid,0,None,36,56,120,0,30.0,46,Balanced,36,250,14.4,0.25,10,Saturday,5,1,0,8,1,0,0,0,0,0,0,0,24.0,0,Clear,1.0,5,51.3,130,Low,Central Cafeteria,Meals,Standard,27,78.3,48,46,2,4.2,0,35,56.5,196,0,Ample,Low Activity,EXP-0037,USER_PREPARED_CAMPUS_DATA
2026-08-08,Noon / Lunch,0,Medium,Mid,0,None,43,36,120,0,35.8,112,Balanced,20,250,8.0,0.4,12,Saturday,5,1,1,8,1,0,0,0,0,0,0,0,24.0,0,Clear,1.0,5,51.3,130,Low,Central Cafeteria,Meals,Standard,46,78.3,118,112,6,5.1,0,36,56.5,196,0,Ample,Low Activity,EXP-0038,USER_PREPARED_CAMPUS_DATA
2026-08-08,Afternoon,0,Medium,Mid,0,None,36,43,120,0,30.0,24,Balanced,27,250,10.8,0.2,14,Saturday,5,1,1,8,1,0,0,0,0,0,0,0,24.0,0,Clear,1.0,5,51.3,130,Low,Central Cafeteria,Meals,Standard,112,78.3,25,24,1,4.0,0,20,56.5,196,0,Ample,Low Activity,EXP-0039,USER_PREPARED_CAMPUS_DATA
2026-08-08,Afternoon,0,Medium,Mid,0,None,92,36,120,0,76.7,47,Balanced,34,250,13.6,0.46,16,Saturday,5,1,0,8,1,0,0,0,0,0,0,0,24.0,0,Clear,1.0,5,51.3,130,Moderate,Central Cafeteria,Meals,Standard,24,78.3,49,47,2,4.1,0,27,56.5,196,0,Ample,Low Activity,EXP-0040,USER_PREPARED_CAMPUS_DATA
2026-08-08,Evening Peak,0,Medium,Mid,0,None,105,92,120,1,87.5,94,Balanced,94,250,37.6,0.65,18,Saturday,5,1,1,8,1,0,0,0,0,0,0,0,24.0,0,Clear,1.0,5,51.3,130,High,Central Cafeteria,Meals,Standard,47,78.3,99,94,5,5.1,0,34,56.5,196,0,Ample,Low Activity,EXP-0041,USER_PREPARED_CAMPUS_DATA
2026-08-08,Night,0,Medium,Mid,0,None,90,105,120,0,75.0,112,Balanced,69,250,27.6,0.61,20,Saturday,5,1,1,8,1,0,0,0,0,0,0,0,24.0,0,Clear,1.0,5,51.3,130,Moderate,Central Cafeteria,Meals,Standard,94,78.3,118,112,6,5.1,0,94,56.5,196,0,Ample,Low Activity,EXP-0042,USER_PREPARED_CAMPUS_DATA
2026-08-09,Morning,0,Medium,Mid,0,None,60,20,120,0,50.0,46,Balanced,17,250,6.8,0.33,8,Sunday,6,1,0,8,1,0,0,0,0,0,0,0,24.0,0,Clear,1.0,5,51.3,130,Low,Central Cafeteria,Meals,Standard,112,78.3,48,46,2,4.2,0,69,56.5,196,0,Ample,Low Activity,EXP-0043,USER_PREPARED_CAMPUS_DATA
2026-08-09,Late Morning,0,Medium,Mid,0,None,40,60,120,0,33.3,37,Balanced,50,250,20.0,0.26,10,Sunday,6,1,0,8,1,0,0,0,0,0,0,0,24.0,0,Clear,1.0,5,51.3,130,Low,Central Cafeteria,Meals,Standard,46,78.3,39,37,2,5.1,0,17,56.5,196,0,Ample,Low Activity,EXP-0044,USER_PREPARED_CAMPUS_DATA
2026-08-09,Noon / Lunch,0,Medium,Mid,0,None,26,40,120,0,21.7,126,Balanced,26,250,10.4,0.36,12,Sunday,6,1,1,8,1,0,0,0,0,0,0,0,24.0,0,Clear,1.0,5,51.3,130,Low,Central Cafeteria,Meals,Standard,37,78.3,132,126,6,4.5,0,50,56.5,196,0,Ample,Low Activity,EXP-0045,USER_PREPARED_CAMPUS_DATA
2026-08-09,Afternoon,0,Medium,Mid,0,None,35,26,120,0,29.2,18,Balanced,32,250,12.8,0.19,14,Sunday,6,1,1,8,1,0,0,0,0,0,0,0,24.0,0,Clear,1.0,5,51.3,130,Low,Central Cafeteria,Meals,Standard,126,78.3,19,18,1,5.3,0,26,56.5,196,0,Ample,Low Activity,EXP-0046,USER_PREPARED_CAMPUS_DATA
2026-08-09,Afternoon,0,Medium,Mid,0,None,87,35,120,0,72.5,36,Balanced,23,250,9.2,0.42,16,Sunday,6,1,0,8,1,0,0,0,0,0,0,0,24.0,0,Clear,1.0,5,51.3,130,Moderate,Central Cafeteria,Meals,Standard,18,78.3,38,36,2,5.3,0,32,56.5,196,0,Ample,Low Activity,EXP-0047,USER_PREPARED_CAMPUS_DATA
2026-08-09,Evening Peak,0,Medium,Mid,0,None,92,87,120,0,76.7,104,Balanced,78,250,31.2,0.61,18,Sunday,6,1,1,8,1,0,0,0,0,0,0,0,24.0,0,Clear,1.0,5,51.3,130,Moderate,Central Cafeteria,Meals,Standard,36,78.3,109,104,5,4.6,0,23,56.5,196,0,Ample,Low Activity,EXP-0048,USER_PREPARED_CAMPUS_DATA
2026-08-09,Night,0,Medium,Mid,0,None,78,92,120,0,65.0,99,Balanced,81,250,32.4,0.55,20,Sunday,6,1,1,8,1,0,0,0,0,0,0,0,24.0,0,Clear,1.0,5,51.3,130,Moderate,Central Cafeteria,Meals,Standard,104,78.3,104,99,5,4.8,0,78,56.5,196,0,Ample,Low Activity,EXP-0049,USER_PREPARED_CAMPUS_DATA
2026-08-10,Morning,0,Medium,Mid,0,None,36,20,120,0,30.0,51,Balanced,20,250,8.0,0.25,8,Monday,0,0,0,8,2,0,0,0,0,0,0,0,24.0,0,Clear,1.0,5,51.3,130,Low,Central Cafeteria,Meals,Standard,99,78.3,54,51,3,5.6,0,81,56.5,196,0,Ample,Low Activity,EXP-0050,USER_PREPARED_CAMPUS_DATA
2026-08-10,Late Morning,2,Medium,Mid,0,None,14,36,120,0,11.7,37,Balanced,23,250,9.2,0.14,10,Monday,0,0,0,8,2,0,0,0,0,0,0,0,24.0,0,Clear,1.0,5,51.3,130,Low,Central Cafeteria,Meals,Standard,51,78.3,39,37,2,5.1,0,20,56.5,196,0,Ample,Low Activity,EXP-0051,USER_PREPARED_CAMPUS_DATA
2026-08-10,Noon / Lunch,8,Medium,Mid,1,None,19,14,120,0,15.8,187,Shortage Risk,52,250,20.8,0.48,12,Monday,0,0,1,8,2,0,0,0,0,0,0,0,24.0,0,Clear,1.0,5,51.3,130,Low,Central Cafeteria,Meals,Standard,37,78.3,159,159,0,0.0,28,23,56.5,196,0,Ample,Low Activity,EXP-0052,USER_PREPARED_CAMPUS_DATA
2026-08-10,Afternoon,1,Medium,Mid,0,None,17,19,120,0,14.2,33,Balanced,54,250,21.6,0.17,14,Monday,0,0,1,8,2,0,0,0,0,0,0,0,24.0,0,Clear,1.0,5,51.3,130,Low,Central Cafeteria,Meals,Standard,187,78.3,35,33,2,5.7,0,52,56.5,196,0,Ample,Low Activity,EXP-0053,USER_PREPARED_CAMPUS_DATA
2026-08-10,Afternoon,6,Medium,Mid,0,None,75,17,120,0,62.5,54,Balanced,20,250,8.0,0.4,16,Monday,0,0,0,8,2,0,0,0,0,0,0,0,24.0,0,Clear,1.0,5,51.3,130,Moderate,Central Cafeteria,Meals,Standard,33,78.3,57,54,3,5.3,0,54,56.5,196,0,Ample,Low Activity,EXP-0054,USER_PREPARED_CAMPUS_DATA
2026-08-10,Evening Peak,1,Medium,Mid,0,None,85,75,120,0,70.8,102,Balanced,70,250,28.0,0.57,18,Monday,0,0,1,8,2,0,0,0,0,0,0,0,24.0,0,Clear,1.0,5,51.3,130,Moderate,Central Cafeteria,Meals,Standard,54,78.3,107,102,5,4.7,0,20,56.5,196,0,Ample,Low Activity,EXP-0055,USER_PREPARED_CAMPUS_DATA
2026-08-10,Night,0,Medium,Mid,0,None,69,85,120,0,57.5,106,Balanced,79,250,31.6,0.53,20,Monday,0,0,1,8,2,0,0,0,0,0,0,0,24.0,0,Clear,1.0,5,51.3,130,Low,Central Cafeteria,Meals,Standard,102,78.3,111,106,5,4.5,0,70,56.5,196,0,Ample,Low Activity,EXP-0056,USER_PREPARED_CAMPUS_DATA
2026-08-11,Morning,2,Low,Mid,0,None,48,20,120,0,40.0,45,Balanced,34,250,13.6,0.3,8,Tuesday,1,0,0,8,2,0,0,0,0,0,0,0,24.0,0,Clear,1.0,5,51.3,130,Low,Central Cafeteria,Meals,Standard,106,78.3,47,45,2,4.3,0,79,56.5,196,0,Ample,Low Activity,EXP-0057,USER_PREPARED_CAMPUS_DATA
2026-08-11,Late Morning,0,Low,Mid,0,None,26,48,120,0,21.7,18,Balanced,17,250,6.8,0.15,10,Tuesday,1,0,0,8,2,0,0,0,0,0,0,0,24.0,0,Clear,1.0,5,51.3,130,Low,Central Cafeteria,Meals,Standard,45,78.3,19,18,1,5.3,0,34,56.5,196,0,Ample,Low Activity,EXP-0058,USER_PREPARED_CAMPUS_DATA
2026-08-11,Noon / Lunch,6,Low,Mid,0,None,23,26,120,0,19.2,131,Balanced,54,250,21.6,0.38,12,Tuesday,1,0,1,8,2,0,0,0,0,0,0,0,24.0,0,Clear,1.0,5,51.3,130,Low,Central Cafeteria,Meals,Standard,18,78.3,138,131,7,5.1,0,17,56.5,196,0,Ample,Low Activity,EXP-0059,USER_PREPARED_CAMPUS_DATA
2026-08-11,Afternoon,1,Low,Mid,0,None,18,23,120,0,15.0,39,Balanced,45,250,18.0,0.18,14,Tuesday,1,0,1,8,2,0,0,0,0,0,0,0,24.0,0,Clear,1.0,5,51.3,130,Low,Central Cafeteria,Meals,Standard,131,78.3,41,39,2,4.9,0,54,56.5,196,0,Ample,Low Activity,EXP-0060,USER_PREPARED_CAMPUS_DATA
2026-08-11,Afternoon,5,Low,Mid,0,None,79,18,120,0,65.8,42,Balanced,41,250,16.4,0.41,16,Tuesday,1,0,0,8,2,0,0,0,0,0,0,0,24.0,0,Clear,1.0,5,51.3,130,Moderate,Central Cafeteria,Meals,Standard,39,78.3,44,42,2,4.5,0,45,56.5,196,0,Ample,Low Activity,EXP-0061,USER_PREPARED_CAMPUS_DATA
2026-08-11,Evening Peak,2,Low,Mid,0,None,97,79,120,1,80.8,133,Balanced,68,250,27.2,0.68,18,Tuesday,1,0,1,8,2,0,0,0,0,0,0,0,24.0,0,Clear,1.0,5,51.3,130,High,Central Cafeteria,Meals,Standard,42,78.3,140,133,7,5.0,0,41,56.5,196,0,Ample,Low Activity,EXP-0062,USER_PREPARED_CAMPUS_DATA
2026-08-11,Night,0,Low,Mid,0,None,66,97,120,0,55.0,88,Balanced,69,250,27.6,0.47,20,Tuesday,1,0,1,8,2,0,0,0,0,0,0,0,24.0,0,Clear,1.0,5,51.3,130,Low,Central Cafeteria,Meals,Standard,133,78.3,92,88,4,4.3,0,68,56.5,196,0,Ample,Low Activity,EXP-0063,USER_PREPARED_CAMPUS_DATA
2026-08-12,Morning,1,Medium,Mid,0,None,35,20,120,0,29.2,49,Balanced,28,250,11.2,0.25,8,Wednesday,2,0,0,8,2,0,0,0,0,0,0,0,24.0,0,Clear,1.0,5,51.3,130,Low,Central Cafeteria,Meals,Standard,88,78.3,51,49,2,3.9,0,69,56.5,196,0,Ample,Low Activity,EXP-0064,USER_PREPARED_CAMPUS_DATA
2026-08-12,Late Morning,0,Medium,Mid,0,None,21,35,120,0,17.5,44,Balanced,28,250,11.2,0.19,10,Wednesday,2,0,0,8,2,0,0,0,0,0,0,0,24.0,0,Clear,1.0,5,51.3,130,Low,Central Cafeteria,Meals,Standard,49,78.3,46,44,2,4.3,0,28,56.5,196,0,Ample,Low Activity,EXP-0065,USER_PREPARED_CAMPUS_DATA
2026-08-12,Noon / Lunch,6,Medium,Mid,0,None,20,21,120,0,16.7,146,Shortage Risk,39,250,15.6,0.39,12,Wednesday,2,0,1,8,2,0,0,0,0,0,0,0,24.0,0,Clear,1.0,5,51.3,130,Low,Central Cafeteria,Meals,Standard,44,78.3,124,124,0,0.0,22,28,56.5,196,0,Ample,Low Activity,EXP-0066,USER_PREPARED_CAMPUS_DATA
2026-08-12,Afternoon,2,Medium,Mid,0,None,18,20,120,0,15.0,47,Balanced,52,250,20.8,0.2,14,Wednesday,2,0,1,8,2,0,0,0,0,0,0,0,24.0,0,Clear,1.0,5,51.3,130,Low,Central Cafeteria,Meals,Standard,146,78.3,49,47,2,4.1,0,39,56.5,196,0,Ample,Low Activity,EXP-0067,USER_PREPARED_CAMPUS_DATA
2026-08-12,Afternoon,8,Medium,Mid,0,None,74,18,120,0,61.7,56,Balanced,40,250,16.0,0.42,16,Wednesday,2,0,0,8,2,0,0,0,0,0,0,0,24.0,0,Clear,1.0,5,51.3,130,Moderate,Central Cafeteria,Meals,Standard,47,78.3,59,56,3,5.1,0,52,56.5,196,0,Ample,Low Activity,EXP-0068,USER_PREPARED_CAMPUS_DATA
2026-08-12,Evening Peak,2,Medium,Mid,0,None,84,74,120,0,70.0,124,Balanced,67,250,26.8,0.61,18,Wednesday,2,0,1,8,2,0,0,0,0,0,0,0,24.0,0,Clear,1.0,5,51.3,130,Moderate,Central Cafeteria,Meals,Standard,56,78.3,130,124,6,4.6,0,40,56.5,196,0,Ample,Low Activity,EXP-0069,USER_PREPARED_CAMPUS_DATA
2026-08-12,Night,0,Medium,Mid,0,None,78,84,120,0,65.0,116,Balanced,64,250,25.6,0.57,20,Wednesday,2,0,1,8,2,0,0,0,0,0,0,0,24.0,0,Clear,1.0,5,51.3,130,Moderate,Central Cafeteria,Meals,Standard,124,78.3,122,116,6,4.9,0,67,56.5,196,0,Ample,Low Activity,EXP-0070,USER_PREPARED_CAMPUS_DATA
2026-08-13,Morning,2,Low,Mid,0,None,41,20,120,0,34.2,57,Balanced,28,250,11.2,0.29,8,Thursday,3,0,0,8,2,0,0,0,0,0,0,0,24.0,0,Clear,1.0,5,51.3,130,Low,Central Cafeteria,Meals,Standard,116,78.3,60,57,3,5.0,0,64,56.5,196,0,Ample,Low Activity,EXP-0071,USER_PREPARED_CAMPUS_DATA
2026-08-13,Late Morning,1,Low,Mid,0,None,20,41,120,0,16.7,45,Balanced,15,250,6.0,0.18,10,Thursday,3,0,0,8,2,0,0,0,0,0,0,0,24.0,0,Clear,1.0,5,51.3,130,Low,Central Cafeteria,Meals,Standard,57,78.3,47,45,2,4.3,0,28,56.5,196,0,Ample,Low Activity,EXP-0072,USER_PREPARED_CAMPUS_DATA
2026-08-13,Noon / Lunch,7,Low,Mid,0,None,17,20,120,0,14.2,147,Shortage Risk,50,250,20.0,0.39,12,Thursday,3,0,1,8,2,0,0,0,0,0,0,0,24.0,0,Clear,1.0,5,51.3,130,Low,Central Cafeteria,Meals,Standard,45,78.3,125,125,0,0.0,22,15,56.5,196,0,Ample,Low Activity,EXP-0073,USER_PREPARED_CAMPUS_DATA
2026-08-13,Afternoon,1,Low,Mid,0,None,23,17,120,0,19.2,38,Balanced,43,250,17.2,0.2,14,Thursday,3,0,1,8,2,0,0,0,0,0,0,0,24.0,0,Clear,1.0,5,51.3,130,Low,Central Cafeteria,Meals,Standard,147,78.3,40,38,2,5.0,0,50,56.5,196,0,Ample,Low Activity,EXP-0074,USER_PREPARED_CAMPUS_DATA
2026-08-13,Afternoon,5,Low,Mid,1,Sports_Tournament,114,23,120,1,95.0,81,Balanced,26,250,10.4,0.61,16,Thursday,3,0,0,8,2,0,0,0,1,1,0,80,24.0,0,Clear,1.0,5,51.3,130,Severe,Central Cafeteria,Meals,Standard,38,78.3,85,81,4,4.7,0,43,56.5,196,0,Ample,Low Activity,EXP-0075,USER_PREPARED_CAMPUS_DATA
2026-08-13,Evening Peak,0,Low,Mid,0,None,97,114,120,1,80.8,99,Balanced,71,250,28.4,0.61,18,Thursday,3,0,1,8,2,0,0,0,0,0,0,0,24.0,0,Clear,1.0,5,51.3,130,High,Central Cafeteria,Meals,Standard,81,78.3,104,99,5,4.8,0,26,56.5,196,0,Ample,Low Activity,EXP-0076,USER_PREPARED_CAMPUS_DATA
2026-08-13,Night,0,Low,Mid,0,None,77,97,120,0,64.2,101,Balanced,75,250,30.0,0.55,20,Thursday,3,0,1,8,2,0,0,0,0,0,0,0,24.0,0,Clear,1.0,5,51.3,130,Moderate,Central Cafeteria,Meals,Standard,99,78.3,106,101,5,4.7,0,71,56.5,196,0,Ample,Low Activity,EXP-0077,USER_PREPARED_CAMPUS_DATA
2026-08-14,Morning,2,Medium,Mid,0,None,41,20,120,0,34.2,49,Balanced,42,250,16.8,0.28,8,Friday,4,0,0,8,2,0,0,0,0,0,0,0,24.0,0,Clear,1.0,5,51.3,130,Low,Central Cafeteria,Meals,Standard,101,78.3,51,49,2,3.9,0,75,56.5,196,0,Ample,Low Activity,EXP-0078,USER_PREPARED_CAMPUS_DATA
2026-08-14,Late Morning,0,Medium,Mid,0,None,26,41,120,0,21.7,33,Balanced,38,250,15.2,0.19,10,Friday,4,0,0,8,2,0,0,0,0,0,0,0,24.0,0,Clear,1.0,5,51.3,130,Low,Central Cafeteria,Meals,Standard,49,78.3,35,33,2,5.7,0,42,56.5,196,0,Ample,Low Activity,EXP-0079,USER_PREPARED_CAMPUS_DATA
2026-08-14,Noon / Lunch,6,Medium,Mid,0,None,21,26,120,0,17.5,132,Balanced,48,250,19.2,0.37,12,Friday,4,0,1,8,2,0,0,0,0,0,0,0,24.0,0,Clear,1.0,5,51.3,130,Low,Central Cafeteria,Meals,Standard,33,78.3,139,132,7,5.0,0,38,56.5,196,0,Ample,Low Activity,EXP-0080,USER_PREPARED_CAMPUS_DATA
2026-08-14,Afternoon,0,Medium,Mid,0,None,25,21,120,0,20.8,31,Balanced,44,250,17.6,0.19,14,Friday,4,0,1,8,2,0,0,0,0,0,0,0,24.0,0,Clear,1.0,5,51.3,130,Low,Central Cafeteria,Meals,Standard,132,78.3,33,31,2,6.1,0,48,56.5,196,0,Ample,Low Activity,EXP-0081,USER_PREPARED_CAMPUS_DATA
2026-08-14,Afternoon,5,Medium,Mid,0,None,85,25,120,0,70.8,46,Balanced,39,250,15.6,0.44,16,Friday,4,0,0,8,2,0,0,0,0,0,0,0,24.0,0,Clear,1.0,5,51.3,130,Moderate,Central Cafeteria,Meals,Standard,31,78.3,48,46,2,4.2,0,44,56.5,196,0,Ample,Low Activity,EXP-0082,USER_PREPARED_CAMPUS_DATA
2026-08-14,Evening Peak,2,Medium,Mid,0,None,89,85,120,0,74.2,114,Balanced,61,250,24.4,0.6,18,Friday,4,0,1,8,2,0,0,0,0,0,0,0,24.0,0,Clear,1.0,5,51.3,130,Moderate,Central Cafeteria,Meals,Standard,46,78.3,120,114,6,5.0,0,39,56.5,196,0,Ample,Low Activity,EXP-0083,USER_PREPARED_CAMPUS_DATA
2026-08-14,Night,0,Medium,Mid,1,Sports_Tournament,105,89,120,1,87.5,140,Shortage Risk,74,250,29.6,0.72,20,Friday,4,0,1,8,2,0,0,0,1,1,0,80,24.0,0,Clear,1.0,5,51.3,130,High,Central Cafeteria,Meals,Standard,114,78.3,119,119,0,0.0,21,61,56.5,196,0,Ample,Low Activity,EXP-0084,USER_PREPARED_CAMPUS_DATA
2026-08-15,Morning,0,Medium,Mid,0,None,50,20,120,0,41.7,38,Balanced,10,250,4.0,0.27,8,Saturday,5,1,0,8,2,0,0,0,0,0,0,0,24.0,0,Clear,1.0,5,51.3,130,Low,Central Cafeteria,Meals,Standard,140,78.3,40,38,2,5.0,0,74,56.5,196,0,Ample,Low Activity,EXP-0085,USER_PREPARED_CAMPUS_DATA
2026-08-15,Late Morning,0,Medium,Mid,0,None,32,50,120,0,26.7,43,Balanced,12,250,4.8,0.21,10,Saturday,5,1,0,8,2,0,0,0,0,0,0,0,24.0,0,Clear,1.0,5,51.3,130,Low,Central Cafeteria,Meals,Standard,38,78.3,45,43,2,4.4,0,10,56.5,196,0,Ample,Low Activity,EXP-0086,USER_PREPARED_CAMPUS_DATA
2026-08-15,Noon / Lunch,0,Medium,Mid,1,None,37,32,120,0,30.8,140,Shortage Risk,19,250,7.6,0.43,12,Saturday,5,1,1,8,2,0,0,0,0,0,0,0,24.0,0,Clear,1.0,5,51.3,130,Low,Central Cafeteria,Meals,Standard,43,78.3,119,119,0,0.0,21,12,56.5,196,0,Ample,Low Activity,EXP-0087,USER_PREPARED_CAMPUS_DATA
2026-08-15,Afternoon,0,Medium,Mid,0,None,29,37,120,0,24.2,53,Balanced,20,250,8.0,0.23,14,Saturday,5,1,1,8,2,0,0,0,0,0,0,0,24.0,0,Clear,1.0,5,51.3,130,Low,Central Cafeteria,Meals,Standard,140,78.3,56,53,3,5.4,0,19,56.5,196,0,Ample,Low Activity,EXP-0088,USER_PREPARED_CAMPUS_DATA
2026-08-15,Afternoon,0,Medium,Mid,0,None,90,29,120,0,75.0,34,Balanced,23,250,9.2,0.42,16,Saturday,5,1,0,8,2,0,0,0,0,0,0,0,24.0,0,Clear,1.0,5,51.3,130,Moderate,Central Cafeteria,Meals,Standard,53,78.3,36,34,2,5.6,0,20,56.5,196,0,Ample,Low Activity,EXP-0089,USER_PREPARED_CAMPUS_DATA
2026-08-15,Evening Peak,0,Medium,Mid,0,None,98,90,120,1,81.7,123,Balanced,60,250,24.0,0.66,18,Saturday,5,1,1,8,2,0,0,0,0,0,0,0,24.0,0,Clear,1.0,5,51.3,130,High,Central Cafeteria,Meals,Standard,34,78.3,129,123,6,4.7,0,23,56.5,196,0,Ample,Low Activity,EXP-0090,USER_PREPARED_CAMPUS_DATA
2026-08-15,Night,0,Medium,Mid,0,None,81,98,120,0,67.5,104,Balanced,59,250,23.6,0.55,20,Saturday,5,1,1,8,2,0,0,0,0,0,0,0,24.0,0,Clear,1.0,5,51.3,130,Moderate,Central Cafeteria,Meals,Standard,123,78.3,109,104,5,4.6,0,60,56.5,196,0,Ample,Low Activity,EXP-0091,USER_PREPARED_CAMPUS_DATA
2026-08-16,Morning,0,Low,Mid,0,None,45,20,120,0,37.5,23,Balanced,41,250,16.4,0.25,8,Sunday,6,1,0,8,2,0,0,0,0,0,0,0,24.0,0,Clear,1.0,5,51.3,130,Low,Central Cafeteria,Meals,Standard,104,78.3,24,23,1,4.2,0,59,56.5,196,0,Ample,Low Activity,EXP-0092,USER_PREPARED_CAMPUS_DATA
2026-08-16,Late Morning,0,Low,Mid,0,None,35,45,120,0,29.2,45,Balanced,33,250,13.2,0.24,10,Sunday,6,1,0,8,2,0,0,0,0,0,0,0,24.0,0,Clear,1.0,5,51.3,130,Low,Central Cafeteria,Meals,Standard,23,78.3,47,45,2,4.3,0,41,56.5,196,0,Ample,Low Activity,EXP-0093,USER_PREPARED_CAMPUS_DATA
2026-08-16,Noon / Lunch,0,Low,Mid,0,None,35,35,120,0,29.2,133,Balanced,29,250,11.6,0.41,12,Sunday,6,1,1,8,2,0,0,0,0,0,0,0,24.0,0,Clear,1.0,5,51.3,130,Low,Central Cafeteria,Meals,Standard,45,78.3,140,133,7,5.0,0,33,56.5,196,0,Ample,Low Activity,EXP-0094,USER_PREPARED_CAMPUS_DATA
2026-08-16,Afternoon,0,Low,Mid,0,None,41,35,120,0,34.2,41,Balanced,24,250,9.6,0.25,14,Sunday,6,1,1,8,2,0,0,0,0,0,0,0,24.0,0,Clear,1.0,5,51.3,130,Low,Central Cafeteria,Meals,Standard,133,78.3,43,41,2,4.7,0,29,56.5,196,0,Ample,Low Activity,EXP-0095,USER_PREPARED_CAMPUS_DATA
2026-08-16,Afternoon,0,Low,Mid,0,None,93,41,120,0,77.5,52,Balanced,23,250,9.2,0.47,16,Sunday,6,1,0,8,2,0,0,0,0,0,0,0,24.0,0,Clear,1.0,5,51.3,130,Moderate,Central Cafeteria,Meals,Standard,41,78.3,55,52,3,5.5,0,24,56.5,196,0,Ample,Low Activity,EXP-0096,USER_PREPARED_CAMPUS_DATA
2026-08-16,Evening Peak,0,Low,Mid,0,None,99,93,120,1,82.5,111,Balanced,70,250,28.0,0.64,18,Sunday,6,1,1,8,2,0,0,0,0,0,0,0,24.0,0,Clear,1.0,5,51.3,130,High,Central Cafeteria,Meals,Standard,52,78.3,117,111,6,5.1,0,23,56.5,196,0,Ample,Low Activity,EXP-0097,USER_PREPARED_CAMPUS_DATA
2026-08-16,Night,0,Low,Mid,0,None,95,99,120,0,79.2,116,Balanced,71,250,28.4,0.64,20,Sunday,6,1,1,8,2,0,0,0,0,0,0,0,24.0,0,Clear,1.0,5,51.3,130,Moderate,Central Cafeteria,Meals,Standard,111,78.3,122,116,6,4.9,0,70,56.5,196,0,Ample,Low Activity,EXP-0098,USER_PREPARED_CAMPUS_DATA
2026-08-17,Morning,2,Medium,Mid,0,None,40,20,120,0,33.3,31,Balanced,15,250,6.0,0.22,8,Monday,0,0,0,8,3,0,0,0,0,0,0,0,24.0,0,Clear,1.0,5,51.3,130,Low,Central Cafeteria,Meals,Standard,116,78.3,33,31,2,6.1,0,71,56.5,196,0,Ample,Low Activity,EXP-0099,USER_PREPARED_CAMPUS_DATA
2026-08-17,Late Morning,1,Medium,Mid,0,None,25,40,120,0,20.8,38,Balanced,21,250,8.4,0.18,10,Monday,0,0,0,8,3,0,0,0,0,0,0,0,24.0,0,Clear,1.0,5,51.3,130,Low,Central Cafeteria,Meals,Standard,31,78.3,40,38,2,5.0,0,15,56.5,196,0,Ample,Low Activity,EXP-0100,USER_PREPARED_CAMPUS_DATA
2026-08-17,Noon / Lunch,6,Medium,Mid,0,None,26,25,120,0,21.7,153,Shortage Risk,47,250,18.8,0.43,12,Monday,0,0,1,8,3,0,0,0,0,0,0,0,24.0,0,Clear,1.0,5,51.3,130,Low,Central Cafeteria,Meals,Standard,38,78.3,130,130,0,0.0,23,21,56.5,196,0,Ample,Low Activity,EXP-0101,USER_PREPARED_CAMPUS_DATA
2026-08-17,Afternoon,1,Medium,Mid,0,None,17,26,120,0,14.2,51,Balanced,46,250,18.4,0.2,14,Monday,0,0,1,8,3,0,0,0,0,0,0,0,24.0,0,Clear,1.0,5,51.3,130,Low,Central Cafeteria,Meals,Standard,153,78.3,54,51,3,5.6,0,47,56.5,196,0,Ample,Low Activity,EXP-0102,USER_PREPARED_CAMPUS_DATA
2026-08-17,Afternoon,7,Medium,Mid,0,None,84,17,120,0,70.0,73,Balanced,24,250,9.6,0.48,16,Monday,0,0,0,8,3,0,0,0,0,0,0,0,24.0,0,Clear,1.0,5,51.3,130,Moderate,Central Cafeteria,Meals,Standard,51,78.3,77,73,4,5.2,0,46,56.5,196,0,Ample,Low Activity,EXP-0103,USER_PREPARED_CAMPUS_DATA
2026-08-17,Evening Peak,1,Medium,Mid,0,None,91,84,120,0,75.8,93,Balanced,78,250,31.2,0.58,18,Monday,0,0,1,8,3,0,0,0,0,0,0,0,24.0,0,Clear,1.0,5,51.3,130,Moderate,Central Cafeteria,Meals,Standard,73,78.3,98,93,5,5.1,0,24,56.5,196,0,Ample,Low Activity,EXP-0104,USER_PREPARED_CAMPUS_DATA
2026-08-17,Night,2,Medium,Mid,0,None,73,91,120,0,60.8,94,Balanced,66,250,26.4,0.51,20,Monday,0,0,1,8,3,0,0,0,0,0,0,0,24.0,0,Clear,1.0,5,51.3,130,Moderate,Central Cafeteria,Meals,Standard,93,78.3,99,94,5,5.1,0,78,56.5,196,0,Ample,Low Activity,EXP-0105,USER_PREPARED_CAMPUS_DATA
2026-08-18,Morning,1,Medium,Mid,0,None,51,20,120,0,42.5,40,Balanced,14,250,5.6,0.28,8,Tuesday,1,0,0,8,3,0,0,0,0,0,0,0,24.0,0,Clear,1.0,5,51.3,130,Low,Central Cafeteria,Meals,Standard,94,78.3,42,40,2,4.8,0,66,56.5,196,0,Ample,Low Activity,EXP-0106,USER_PREPARED_CAMPUS_DATA
2026-08-18,Late Morning,1,Medium,Mid,0,None,17,51,120,0,14.2,45,Balanced,37,250,14.8,0.18,10,Tuesday,1,0,0,8,3,0,0,0,0,0,0,0,24.0,0,Clear,1.0,5,51.3,130,Low,Central Cafeteria,Meals,Standard,40,78.3,47,45,2,4.3,0,14,56.5,196,0,Ample,Low Activity,EXP-0107,USER_PREPARED_CAMPUS_DATA
2026-08-18,Noon / Lunch,7,Medium,Mid,0,None,12,17,120,0,10.0,152,Shortage Risk,39,250,15.6,0.37,12,Tuesday,1,0,1,8,3,0,0,0,0,0,0,0,24.0,0,Clear,1.0,5,51.3,130,Low,Central Cafeteria,Meals,Standard,45,78.3,129,129,0,0.0,23,37,56.5,196,0,Ample,Low Activity,EXP-0108,USER_PREPARED_CAMPUS_DATA
2026-08-18,Afternoon,2,Medium,Mid,0,None,18,12,120,0,15.0,45,Balanced,56,250,22.4,0.2,14,Tuesday,1,0,1,8,3,0,0,0,0,0,0,0,24.0,0,Clear,1.0,5,51.3,130,Low,Central Cafeteria,Meals,Standard,152,78.3,47,45,2,4.3,0,39,56.5,196,0,Ample,Low Activity,EXP-0109,USER_PREPARED_CAMPUS_DATA
2026-08-18,Afternoon,5,Medium,Mid,0,None,79,18,120,0,65.8,47,Balanced,23,250,9.2,0.41,16,Tuesday,1,0,0,8,3,0,0,0,0,0,0,0,24.0,0,Clear,1.0,5,51.3,130,Moderate,Central Cafeteria,Meals,Standard,45,78.3,49,47,2,4.1,0,56,56.5,196,0,Ample,Low Activity,EXP-0110,USER_PREPARED_CAMPUS_DATA
2026-08-18,Evening Peak,0,Medium,Mid,0,None,96,79,120,1,80.0,115,Balanced,89,250,35.6,0.66,18,Tuesday,1,0,1,8,3,0,0,0,0,0,0,0,24.0,0,Clear,1.0,5,51.3,130,High,Central Cafeteria,Meals,Standard,47,78.3,121,115,6,5.0,0,23,56.5,196,0,Ample,Low Activity,EXP-0111,USER_PREPARED_CAMPUS_DATA
2026-08-18,Night,1,Medium,Mid,0,None,71,96,120,0,59.2,111,Balanced,69,250,27.6,0.54,20,Tuesday,1,0,1,8,3,0,0,0,0,0,0,0,24.0,0,Clear,1.0,5,51.3,130,Low,Central Cafeteria,Meals,Standard,115,78.3,117,111,6,5.1,0,89,56.5,196,0,Ample,Low Activity,EXP-0112,USER_PREPARED_CAMPUS_DATA
2026-08-19,Morning,2,Medium,Mid,0,None,35,20,120,0,29.2,46,Balanced,28,250,11.2,0.24,8,Wednesday,2,0,0,8,3,0,0,0,0,0,0,0,24.0,0,Clear,1.0,5,51.3,130,Low,Central Cafeteria,Meals,Standard,111,78.3,48,46,2,4.2,0,69,56.5,196,0,Ample,Low Activity,EXP-0113,USER_PREPARED_CAMPUS_DATA
2026-08-19,Late Morning,1,Medium,Mid,0,None,22,35,120,0,18.3,33,Balanced,34,250,13.6,0.17,10,Wednesday,2,0,0,8,3,0,0,0,0,0,0,0,24.0,0,Clear,1.0,5,51.3,130,Low,Central Cafeteria,Meals,Standard,46,78.3,35,33,2,5.7,0,28,56.5,196,0,Ample,Low Activity,EXP-0114,USER_PREPARED_CAMPUS_DATA
2026-08-19,Noon / Lunch,6,Medium,Mid,0,None,24,22,120,0,20.0,144,Shortage Risk,40,250,16.0,0.4,12,Wednesday,2,0,1,8,3,0,0,0,0,0,0,0,24.0,0,Clear,1.0,5,51.3,130,Low,Central Cafeteria,Meals,Standard,33,78.3,122,122,0,0.0,22,34,56.5,196,0,Ample,Low Activity,EXP-0115,USER_PREPARED_CAMPUS_DATA
2026-08-19,Afternoon,0,Medium,Mid,0,None,25,24,120,0,20.8,47,Balanced,45,250,18.0,0.22,14,Wednesday,2,0,1,8,3,0,0,0,0,0,0,0,24.0,0,Clear,1.0,5,51.3,130,Low,Central Cafeteria,Meals,Standard,144,78.3,49,47,2,4.1,0,40,56.5,196,0,Ample,Low Activity,EXP-0116,USER_PREPARED_CAMPUS_DATA
2026-08-19,Afternoon,8,Medium,Mid,0,None,74,25,120,0,61.7,59,Balanced,16,250,6.4,0.4,16,Wednesday,2,0,0,8,3,0,0,0,0,0,0,0,24.0,0,Clear,1.0,5,51.3,130,Moderate,Central Cafeteria,Meals,Standard,47,78.3,62,59,3,4.8,0,45,56.5,196,0,Ample,Low Activity,EXP-0117,USER_PREPARED_CAMPUS_DATA
2026-08-19,Evening Peak,0,Medium,Mid,0,None,81,74,120,0,67.5,86,Balanced,67,250,26.8,0.52,18,Wednesday,2,0,1,8,3,0,0,0,0,0,0,0,24.0,0,Clear,1.0,5,51.3,130,Moderate,Central Cafeteria,Meals,Standard,59,78.3,90,86,4,4.4,0,16,56.5,196,0,Ample,Low Activity,EXP-0118,USER_PREPARED_CAMPUS_DATA
2026-08-19,Night,0,Medium,Mid,0,None,66,81,120,0,55.0,131,Balanced,69,250,27.6,0.56,20,Wednesday,2,0,1,8,3,0,0,0,0,0,0,0,24.0,0,Clear,1.0,5,51.3,130,Low,Central Cafeteria,Meals,Standard,86,78.3,138,131,7,5.1,0,67,56.5,196,0,Ample,Low Activity,EXP-0119,USER_PREPARED_CAMPUS_DATA
2026-08-20,Morning,2,Medium,Mid,0,None,46,20,120,0,38.3,33,Balanced,15,250,6.0,0.25,8,Thursday,3,0,0,8,3,0,0,0,0,0,0,0,24.0,0,Clear,1.0,5,51.3,130,Low,Central Cafeteria,Meals,Standard,131,78.3,35,33,2,5.7,0,69,56.5,196,0,Ample,Low Activity,EXP-0120,USER_PREPARED_CAMPUS_DATA
2026-08-20,Late Morning,1,Medium,Mid,0,None,24,46,120,0,20.0,46,Balanced,14,250,5.6,0.19,10,Thursday,3,0,0,8,3,0,0,0,0,0,0,0,24.0,0,Clear,1.0,5,51.3,130,Low,Central Cafeteria,Meals,Standard,33,78.3,48,46,2,4.2,0,15,56.5,196,0,Ample,Low Activity,EXP-0121,USER_PREPARED_CAMPUS_DATA
2026-08-20,Noon / Lunch,5,Medium,Mid,1,None,19,24,120,0,15.8,159,Shortage Risk,44,250,17.6,0.42,12,Thursday,3,0,1,8,3,0,0,0,0,0,0,0,24.0,0,Clear,1.0,5,51.3,130,Low,Central Cafeteria,Meals,Standard,46,78.3,135,135,0,0.0,24,14,56.5,196,0,Ample,Low Activity,EXP-0122,USER_PREPARED_CAMPUS_DATA
2026-08-20,Afternoon,2,Medium,Mid,0,None,20,19,120,0,16.7,44,Balanced,55,250,22.0,0.2,14,Thursday,3,0,1,8,3,0,0,0,0,0,0,0,24.0,0,Clear,1.0,5,51.3,130,Low,Central Cafeteria,Meals,Standard,159,78.3,46,44,2,4.3,0,44,56.5,196,0,Ample,Low Activity,EXP-0123,USER_PREPARED_CAMPUS_DATA
2026-08-20,Afternoon,6,Medium,Mid,0,None,79,20,120,0,65.8,66,Balanced,28,250,11.2,0.45,16,Thursday,3,0,0,8,3,0,0,0,0,0,0,0,24.0,0,Clear,1.0,5,51.3,130,Moderate,Central Cafeteria,Meals,Standard,44,78.3,69,66,3,4.3,0,55,56.5,196,0,Ample,Low Activity,EXP-0124,USER_PREPARED_CAMPUS_DATA
2026-08-20,Evening Peak,2,Medium,Mid,0,None,86,79,120,0,71.7,121,Balanced,73,250,29.2,0.62,18,Thursday,3,0,1,8,3,0,0,0,0,0,0,0,24.0,0,Clear,1.0,5,51.3,130,Moderate,Central Cafeteria,Meals,Standard,66,78.3,127,121,6,4.7,0,28,56.5,196,0,Ample,Low Activity,EXP-0125,USER_PREPARED_CAMPUS_DATA
2026-08-20,Night,0,Medium,Mid,0,None,67,86,120,0,55.8,115,Balanced,57,250,22.8,0.52,20,Thursday,3,0,1,8,3,0,0,0,0,0,0,0,24.0,0,Clear,1.0,5,51.3,130,Low,Central Cafeteria,Meals,Standard,121,78.3,121,115,6,5.0,0,73,56.5,196,0,Ample,Low Activity,EXP-0126,USER_PREPARED_CAMPUS_DATA
2026-08-21,Morning,0,Medium,Mid,0,None,38,20,120,0,31.7,29,Balanced,28,250,11.2,0.22,8,Friday,4,0,0,8,3,0,0,0,0,0,0,0,24.0,0,Clear,1.0,5,51.3,130,Low,Central Cafeteria,Meals,Standard,115,78.3,30,29,1,3.3,0,57,56.5,196,0,Ample,Low Activity,EXP-0127,USER_PREPARED_CAMPUS_DATA
2026-08-21,Late Morning,1,Medium,Mid,1,None,20,38,120,0,16.7,60,Balanced,36,250,14.4,0.22,10,Friday,4,0,0,8,3,0,0,0,0,0,0,0,24.0,0,Clear,1.0,5,51.3,130,Low,Central Cafeteria,Meals,Standard,29,78.3,63,60,3,4.8,0,28,56.5,196,0,Ample,Low Activity,EXP-0128,USER_PREPARED_CAMPUS_DATA
2026-08-21,Noon / Lunch,5,Medium,Mid,0,None,31,20,120,0,25.8,138,Shortage Risk,43,250,17.2,0.42,12,Friday,4,0,1,8,3,0,0,0,0,0,0,0,24.0,0,Clear,1.0,5,51.3,130,Low,Central Cafeteria,Meals,Standard,60,78.3,117,117,0,0.0,21,36,56.5,196,0,Ample,Low Activity,EXP-0129,USER_PREPARED_CAMPUS_DATA
2026-08-21,Afternoon,1,Medium,Mid,0,None,22,31,120,0,18.3,35,Balanced,50,250,20.0,0.19,14,Friday,4,0,1,8,3,0,0,0,0,0,0,0,24.0,0,Clear,1.0,5,51.3,130,Low,Central Cafeteria,Meals,Standard,138,78.3,37,35,2,5.4,0,43,56.5,196,0,Ample,Low Activity,EXP-0130,USER_PREPARED_CAMPUS_DATA
2026-08-21,Afternoon,8,Medium,Mid,0,None,81,22,120,0,67.5,71,Balanced,26,250,10.4,0.46,16,Friday,4,0,0,8,3,0,0,0,0,0,0,0,24.0,0,Clear,1.0,5,51.3,130,Moderate,Central Cafeteria,Meals,Standard,35,78.3,75,71,4,5.3,0,50,56.5,196,0,Ample,Low Activity,EXP-0131,USER_PREPARED_CAMPUS_DATA
2026-08-21,Evening Peak,1,Medium,Mid,0,None,91,81,120,0,75.8,116,Balanced,66,250,26.4,0.62,18,Friday,4,0,1,8,3,0,0,0,0,0,0,0,24.0,0,Clear,1.0,5,51.3,130,Moderate,Central Cafeteria,Meals,Standard,71,78.3,122,116,6,4.9,0,26,56.5,196,0,Ample,Low Activity,EXP-0132,USER_PREPARED_CAMPUS_DATA
2026-08-21,Night,1,Medium,Mid,0,None,61,91,120,0,50.8,108,Balanced,72,250,28.8,0.5,20,Friday,4,0,1,8,3,0,0,0,0,0,0,0,24.0,0,Clear,1.0,5,51.3,130,Low,Central Cafeteria,Meals,Standard,116,78.3,113,108,5,4.4,0,66,56.5,196,0,Ample,Low Activity,EXP-0133,USER_PREPARED_CAMPUS_DATA
2026-08-22,Morning,0,Medium,Mid,0,None,58,20,120,0,48.3,15,Balanced,22,250,8.8,0.26,8,Saturday,5,1,0,8,3,0,0,0,0,0,0,0,24.0,0,Clear,1.0,5,51.3,130,Low,Central Cafeteria,Meals,Standard,108,78.3,16,15,1,6.2,0,72,56.5,196,0,Ample,Low Activity,EXP-0134,USER_PREPARED_CAMPUS_DATA
2026-08-22,Late Morning,0,Medium,Mid,0,None,38,58,120,0,31.7,41,Balanced,41,250,16.4,0.26,10,Saturday,5,1,0,8,3,0,0,0,0,0,0,0,24.0,0,Clear,1.0,5,51.3,130,Low,Central Cafeteria,Meals,Standard,15,78.3,43,41,2,4.7,0,22,56.5,196,0,Ample,Low Activity,EXP-0135,USER_PREPARED_CAMPUS_DATA
2026-08-22,Noon / Lunch,0,Medium,Mid,0,None,33,38,120,0,27.5,123,Balanced,35,250,14.0,0.39,12,Saturday,5,1,1,8,3,0,0,0,0,0,0,0,24.0,0,Clear,1.0,5,51.3,130,Low,Central Cafeteria,Meals,Standard,41,78.3,129,123,6,4.7,0,41,56.5,196,0,Ample,Low Activity,EXP-0136,USER_PREPARED_CAMPUS_DATA
2026-08-22,Afternoon,0,Medium,Mid,0,None,26,33,120,0,21.7,41,Balanced,37,250,14.8,0.21,14,Saturday,5,1,1,8,3,0,0,0,0,0,0,0,24.0,0,Clear,1.0,5,51.3,130,Low,Central Cafeteria,Meals,Standard,123,78.3,43,41,2,4.7,0,35,56.5,196,0,Ample,Low Activity,EXP-0137,USER_PREPARED_CAMPUS_DATA
2026-08-22,Afternoon,0,Medium,Mid,0,None,88,26,120,0,73.3,38,Balanced,35,250,14.0,0.43,16,Saturday,5,1,0,8,3,0,0,0,0,0,0,0,24.0,0,Clear,1.0,5,51.3,130,Moderate,Central Cafeteria,Meals,Standard,41,78.3,40,38,2,5.0,0,37,56.5,196,0,Ample,Low Activity,EXP-0138,USER_PREPARED_CAMPUS_DATA
2026-08-22,Evening Peak,0,Medium,Mid,0,None,99,88,120,1,82.5,116,Balanced,63,250,25.2,0.65,18,Saturday,5,1,1,8,3,0,0,0,0,0,0,0,24.0,0,Clear,1.0,5,51.3,130,High,Central Cafeteria,Meals,Standard,38,78.3,122,116,6,4.9,0,35,56.5,196,0,Ample,Low Activity,EXP-0139,USER_PREPARED_CAMPUS_DATA
2026-08-22,Night,0,Medium,Mid,1,Sports_Tournament,116,99,120,1,96.7,137,Shortage Risk,82,250,32.8,0.77,20,Saturday,5,1,1,8,3,0,0,0,1,1,0,80,24.0,0,Clear,1.0,5,51.3,130,Severe,Central Cafeteria,Meals,Standard,116,78.3,116,116,0,0.0,21,63,56.5,196,0,Ample,Low Activity,EXP-0140,USER_PREPARED_CAMPUS_DATA
2026-08-23,Morning,0,Medium,Mid,0,None,60,20,120,0,50.0,33,Balanced,24,250,9.6,0.31,8,Sunday,6,1,0,8,3,0,0,0,0,0,0,0,24.0,0,Clear,1.0,5,51.3,130,Low,Central Cafeteria,Meals,Standard,137,78.3,35,33,2,5.7,0,82,56.5,196,0,Ample,Low Activity,EXP-0141,USER_PREPARED_CAMPUS_DATA
2026-08-23,Late Morning,0,Medium,Mid,0,None,36,60,120,0,30.0,51,Balanced,34,250,13.6,0.26,10,Sunday,6,1,0,8,3,0,0,0,0,0,0,0,24.0,0,Clear,1.0,5,51.3,130,Low,Central Cafeteria,Meals,Standard,33,78.3,54,51,3,5.6,0,24,56.5,196,0,Ample,Low Activity,EXP-0142,USER_PREPARED_CAMPUS_DATA
2026-08-23,Noon / Lunch,0,Medium,Mid,0,None,26,36,120,0,21.7,112,Balanced,30,250,12.0,0.34,12,Sunday,6,1,1,8,3,0,0,0,0,0,0,0,24.0,0,Clear,1.0,5,51.3,130,Low,Central Cafeteria,Meals,Standard,51,78.3,118,112,6,5.1,0,34,56.5,196,0,Ample,Low Activity,EXP-0143,USER_PREPARED_CAMPUS_DATA
2026-08-23,Afternoon,0,Medium,Mid,0,None,30,26,120,0,25.0,52,Balanced,13,250,5.2,0.22,14,Sunday,6,1,1,8,3,0,0,0,0,0,0,0,24.0,0,Clear,1.0,5,51.3,130,Low,Central Cafeteria,Meals,Standard,112,78.3,55,52,3,5.5,0,30,56.5,196,0,Ample,Low Activity,EXP-0144,USER_PREPARED_CAMPUS_DATA
2026-08-23,Afternoon,0,Medium,Mid,0,None,92,30,120,0,76.7,35,Balanced,49,250,19.6,0.45,16,Sunday,6,1,0,8,3,0,0,0,0,0,0,0,24.0,0,Clear,1.0,5,51.3,130,Moderate,Central Cafeteria,Meals,Standard,52,78.3,37,35,2,5.4,0,13,56.5,196,0,Ample,Low Activity,EXP-0145,USER_PREPARED_CAMPUS_DATA
2026-08-23,Evening Peak,0,Medium,Mid,0,None,102,92,120,1,85.0,115,Balanced,70,250,28.0,0.66,18,Sunday,6,1,1,8,3,0,0,0,0,0,0,0,24.0,0,Clear,1.0,5,51.3,130,High,Central Cafeteria,Meals,Standard,35,78.3,121,115,6,5.0,0,49,56.5,196,0,Ample,Low Activity,EXP-0146,USER_PREPARED_CAMPUS_DATA
2026-08-23,Night,0,Medium,Mid,0,None,87,102,120,0,72.5,110,Balanced,73,250,29.2,0.6,20,Sunday,6,1,1,8,3,0,0,0,0,0,0,0,24.0,0,Clear,1.0,5,51.3,130,Moderate,Central Cafeteria,Meals,Standard,115,78.3,116,110,6,5.2,0,70,56.5,196,0,Ample,Low Activity,EXP-0147,USER_PREPARED_CAMPUS_DATA
2026-08-24,Morning,0,Medium,Mid,0,None,35,20,120,0,29.2,33,Balanced,22,250,8.8,0.21,8,Monday,0,0,0,8,4,0,0,0,0,0,0,0,24.0,0,Clear,1.0,5,51.3,130,Low,Central Cafeteria,Meals,Standard,110,78.3,35,33,2,5.7,0,73,56.5,196,0,Ample,Low Activity,EXP-0148,USER_PREPARED_CAMPUS_DATA
2026-08-24,Late Morning,2,Medium,Mid,0,None,34,35,120,0,28.3,39,Balanced,32,250,12.8,0.23,10,Monday,0,0,0,8,4,0,0,0,0,0,0,0,24.0,0,Clear,1.0,5,51.3,130,Low,Central Cafeteria,Meals,Standard,33,78.3,41,39,2,4.9,0,22,56.5,196,0,Ample,Low Activity,EXP-0149,USER_PREPARED_CAMPUS_DATA
2026-08-24,Noon / Lunch,8,Medium,Mid,0,None,21,34,120,0,17.5,164,Shortage Risk,51,250,20.4,0.44,12,Monday,0,0,1,8,4,0,0,0,0,0,0,0,24.0,0,Clear,1.0,5,51.3,130,Low,Central Cafeteria,Meals,Standard,39,78.3,139,139,0,0.0,25,32,56.5,196,0,Ample,Low Activity,EXP-0150,USER_PREPARED_CAMPUS_DATA
2026-08-24,Afternoon,0,Medium,Mid,0,None,12,21,120,0,10.0,39,Balanced,25,250,10.0,0.14,14,Monday,0,0,1,8,4,0,0,0,0,0,0,0,24.0,0,Clear,1.0,5,51.3,130,Low,Central Cafeteria,Meals,Standard,164,78.3,41,39,2,4.9,0,51,56.5,196,0,Ample,Low Activity,EXP-0151,USER_PREPARED_CAMPUS_DATA
2026-08-24,Afternoon,7,Medium,Mid,1,Sports_Tournament,115,12,120,1,95.8,84,Balanced,26,250,10.4,0.62,16,Monday,0,0,0,8,4,0,0,0,1,1,0,80,24.0,0,Clear,1.0,5,51.3,130,Severe,Central Cafeteria,Meals,Standard,39,78.3,88,84,4,4.5,0,25,56.5,196,0,Ample,Low Activity,EXP-0152,USER_PREPARED_CAMPUS_DATA
2026-08-24,Evening Peak,1,Medium,Mid,0,None,91,115,120,0,75.8,104,Balanced,77,250,30.8,0.6,18,Monday,0,0,1,8,4,0,0,0,0,0,0,0,24.0,0,Clear,1.0,5,51.3,130,Moderate,Central Cafeteria,Meals,Standard,84,78.3,109,104,5,4.6,0,26,56.5,196,0,Ample,Low Activity,EXP-0153,USER_PREPARED_CAMPUS_DATA
2026-08-24,Night,0,Medium,Mid,0,None,69,91,120,0,57.5,106,Balanced,63,250,25.2,0.52,20,Monday,0,0,1,8,4,0,0,0,0,0,0,0,24.0,0,Clear,1.0,5,51.3,130,Low,Central Cafeteria,Meals,Standard,104,78.3,111,106,5,4.5,0,77,56.5,196,0,Ample,Low Activity,EXP-0154,USER_PREPARED_CAMPUS_DATA
2026-08-25,Morning,0,Medium,Mid,0,None,37,20,120,0,30.8,51,Balanced,15,250,6.0,0.25,8,Tuesday,1,0,0,8,4,0,0,0,0,0,0,0,24.0,0,Clear,1.0,5,51.3,130,Low,Central Cafeteria,Meals,Standard,106,78.3,54,51,3,5.6,0,63,56.5,196,0,Ample,Low Activity,EXP-0155,USER_PREPARED_CAMPUS_DATA
2026-08-25,Late Morning,1,Medium,Mid,0,None,21,37,120,0,17.5,30,Balanced,48,250,19.2,0.18,10,Tuesday,1,0,0,8,4,0,0,0,0,0,0,0,24.0,0,Clear,1.0,5,51.3,130,Low,Central Cafeteria,Meals,Standard,51,78.3,32,30,2,6.2,0,15,56.5,196,0,Ample,Low Activity,EXP-0156,USER_PREPARED_CAMPUS_DATA
2026-08-25,Noon / Lunch,6,Medium,Mid,1,None,20,21,120,0,16.7,153,Shortage Risk,62,250,24.8,0.42,12,Tuesday,1,0,1,8,4,0,0,0,0,0,0,0,24.0,0,Clear,1.0,5,51.3,130,Low,Central Cafeteria,Meals,Standard,30,78.3,130,130,0,0.0,23,48,56.5,196,0,Ample,Low Activity,EXP-0157,USER_PREPARED_CAMPUS_DATA
2026-08-25,Afternoon,2,Medium,Mid,0,None,33,20,120,0,27.5,41,Balanced,45,250,18.0,0.24,14,Tuesday,1,0,1,8,4,0,0,0,0,0,0,0,24.0,0,Clear,1.0,5,51.3,130,Low,Central Cafeteria,Meals,Standard,153,78.3,43,41,2,4.7,0,62,56.5,196,0,Ample,Low Activity,EXP-0158,USER_PREPARED_CAMPUS_DATA
2026-08-25,Afternoon,7,Medium,Mid,0,None,75,33,120,0,62.5,63,Balanced,35,250,14.0,0.43,16,Tuesday,1,0,0,8,4,0,0,0,0,0,0,0,24.0,0,Clear,1.0,5,51.3,130,Moderate,Central Cafeteria,Meals,Standard,41,78.3,66,63,3,4.5,0,45,56.5,196,0,Ample,Low Activity,EXP-0159,USER_PREPARED_CAMPUS_DATA
2026-08-25,Evening Peak,2,Medium,Mid,0,None,92,75,120,0,76.7,107,Balanced,73,250,29.2,0.61,18,Tuesday,1,0,1,8,4,0,0,0,0,0,0,0,24.0,0,Clear,1.0,5,51.3,130,Moderate,Central Cafeteria,Meals,Standard,63,78.3,112,107,5,4.5,0,35,56.5,196,0,Ample,Low Activity,EXP-0160,USER_PREPARED_CAMPUS_DATA
2026-08-25,Night,0,Medium,Mid,0,None,64,92,120,0,53.3,108,Balanced,72,250,28.8,0.51,20,Tuesday,1,0,1,8,4,0,0,0,0,0,0,0,24.0,0,Clear,1.0,5,51.3,130,Low,Central Cafeteria,Meals,Standard,107,78.3,113,108,5,4.4,0,73,56.5,196,0,Ample,Low Activity,EXP-0161,USER_PREPARED_CAMPUS_DATA
2026-08-26,Morning,0,Medium,Mid,0,None,34,20,120,0,28.3,27,Balanced,32,250,12.8,0.21,8,Wednesday,2,0,0,8,4,0,0,0,0,0,0,0,24.0,0,Clear,1.0,5,51.3,130,Low,Central Cafeteria,Meals,Standard,108,78.3,28,27,1,3.6,0,72,56.5,196,0,Ample,Low Activity,EXP-0162,USER_PREPARED_CAMPUS_DATA
2026-08-26,Late Morning,1,Medium,Mid,0,None,28,34,120,0,23.3,38,Balanced,31,250,12.4,0.2,10,Wednesday,2,0,0,8,4,0,0,0,0,0,0,0,24.0,0,Clear,1.0,5,51.3,130,Low,Central Cafeteria,Meals,Standard,27,78.3,40,38,2,5.0,0,32,56.5,196,0,Ample,Low Activity,EXP-0163,USER_PREPARED_CAMPUS_DATA
2026-08-26,Noon / Lunch,6,Medium,Mid,0,None,15,28,120,0,12.5,131,Balanced,50,250,20.0,0.35,12,Wednesday,2,0,1,8,4,0,0,0,0,0,0,0,24.0,0,Clear,1.0,5,51.3,130,Low,Central Cafeteria,Meals,Standard,38,78.3,138,131,7,5.1,0,31,56.5,196,0,Ample,Low Activity,EXP-0164,USER_PREPARED_CAMPUS_DATA
2026-08-26,Afternoon,1,Medium,Mid,0,None,19,15,120,0,15.8,51,Balanced,53,250,21.2,0.21,14,Wednesday,2,0,1,8,4,0,0,0,0,0,0,0,24.0,0,Clear,1.0,5,51.3,130,Low,Central Cafeteria,Meals,Standard,131,78.3,54,51,3,5.6,0,50,56.5,196,0,Ample,Low Activity,EXP-0165,USER_PREPARED_CAMPUS_DATA
2026-08-26,Afternoon,7,Medium,Mid,0,None,74,19,120,0,61.7,48,Balanced,34,250,13.6,0.4,16,Wednesday,2,0,0,8,4,0,0,0,0,0,0,0,24.0,0,Clear,1.0,5,51.3,130,Moderate,Central Cafeteria,Meals,Standard,51,78.3,50,48,2,4.0,0,53,56.5,196,0,Ample,Low Activity,EXP-0166,USER_PREPARED_CAMPUS_DATA
2026-08-26,Evening Peak,1,Medium,Mid,0,None,92,74,120,0,76.7,107,Balanced,67,250,26.8,0.61,18,Wednesday,2,0,1,8,4,0,0,0,0,0,0,0,24.0,0,Clear,1.0,5,51.3,130,Moderate,Central Cafeteria,Meals,Standard,48,78.3,112,107,5,4.5,0,34,56.5,196,0,Ample,Low Activity,EXP-0167,USER_PREPARED_CAMPUS_DATA
2026-08-26,Night,2,Medium,Mid,0,None,73,92,120,0,60.8,116,Balanced,70,250,28.0,0.56,20,Wednesday,2,0,1,8,4,0,0,0,0,0,0,0,24.0,0,Clear,1.0,5,51.3,130,Moderate,Central Cafeteria,Meals,Standard,107,78.3,122,116,6,4.9,0,67,56.5,196,0,Ample,Low Activity,EXP-0168,USER_PREPARED_CAMPUS_DATA
2026-08-27,Morning,1,Medium,Mid,1,None,45,20,120,0,37.5,52,Balanced,36,250,14.4,0.3,8,Thursday,3,0,0,8,4,0,0,0,0,0,0,0,24.0,0,Clear,1.0,5,51.3,130,Low,Central Cafeteria,Meals,Standard,116,78.3,55,52,3,5.5,0,70,56.5,196,0,Ample,Low Activity,EXP-0169,USER_PREPARED_CAMPUS_DATA
2026-08-27,Late Morning,1,Medium,Mid,0,None,21,45,120,0,17.5,44,Balanced,28,250,11.2,0.19,10,Thursday,3,0,0,8,4,0,0,0,0,0,0,0,24.0,0,Clear,1.0,5,51.3,130,Low,Central Cafeteria,Meals,Standard,52,78.3,46,44,2,4.3,0,36,56.5,196,0,Ample,Low Activity,EXP-0170,USER_PREPARED_CAMPUS_DATA
2026-08-27,Noon / Lunch,7,Medium,Mid,0,None,24,21,120,0,20.0,160,Shortage Risk,52,250,20.8,0.44,12,Thursday,3,0,1,8,4,0,0,0,0,0,0,0,24.0,0,Clear,1.0,5,51.3,130,Low,Central Cafeteria,Meals,Standard,44,78.3,136,136,0,0.0,24,28,56.5,196,0,Ample,Low Activity,EXP-0171,USER_PREPARED_CAMPUS_DATA
2026-08-27,Afternoon,1,Medium,Mid,0,None,20,24,120,0,16.7,48,Balanced,64,250,25.6,0.22,14,Thursday,3,0,1,8,4,0,0,0,0,0,0,0,24.0,0,Clear,1.0,5,51.3,130,Low,Central Cafeteria,Meals,Standard,160,78.3,50,48,2,4.0,0,52,56.5,196,0,Ample,Low Activity,EXP-0172,USER_PREPARED_CAMPUS_DATA
2026-08-27,Afternoon,7,Medium,Mid,0,None,73,20,120,0,60.8,53,Balanced,20,250,8.0,0.39,16,Thursday,3,0,0,8,4,0,0,0,0,0,0,0,24.0,0,Clear,1.0,5,51.3,130,Moderate,Central Cafeteria,Meals,Standard,48,78.3,56,53,3,5.4,0,64,56.5,196,0,Ample,Low Activity,EXP-0173,USER_PREPARED_CAMPUS_DATA
2026-08-27,Evening Peak,1,Medium,Mid,0,None,91,73,120,0,75.8,95,Balanced,55,250,22.0,0.57,18,Thursday,3,0,1,8,4,0,0,0,0,0,0,0,24.0,0,Clear,1.0,5,51.3,130,Moderate,Central Cafeteria,Meals,Standard,53,78.3,100,95,5,5.0,0,20,56.5,196,0,Ample,Low Activity,EXP-0174,USER_PREPARED_CAMPUS_DATA
2026-08-27,Night,1,Medium,Mid,0,None,74,91,120,0,61.7,113,Balanced,64,250,25.6,0.55,20,Thursday,3,0,1,8,4,0,0,0,0,0,0,0,24.0,0,Clear,1.0,5,51.3,130,Moderate,Central Cafeteria,Meals,Standard,95,78.3,119,113,6,5.0,0,55,56.5,196,0,Ample,Low Activity,EXP-0175,USER_PREPARED_CAMPUS_DATA
2026-08-28,Morning,2,Low,Mid,0,None,37,20,120,0,30.8,36,Balanced,38,250,15.2,0.24,8,Friday,4,0,0,8,4,0,0,0,0,0,0,0,24.0,0,Clear,1.0,5,51.3,130,Low,Central Cafeteria,Meals,Standard,113,78.3,38,36,2,5.3,0,64,56.5,196,0,Ample,Low Activity,EXP-0176,USER_PREPARED_CAMPUS_DATA
2026-08-28,Late Morning,2,Low,Mid,0,None,22,37,120,0,18.3,27,Balanced,32,250,12.8,0.16,10,Friday,4,0,0,8,4,0,0,0,0,0,0,0,24.0,0,Clear,1.0,5,51.3,130,Low,Central Cafeteria,Meals,Standard,36,78.3,28,27,1,3.6,0,38,56.5,196,0,Ample,Low Activity,EXP-0177,USER_PREPARED_CAMPUS_DATA
2026-08-28,Noon / Lunch,7,Low,Mid,0,None,19,22,120,0,15.8,148,Shortage Risk,43,250,17.2,0.39,12,Friday,4,0,1,8,4,0,0,0,0,0,0,0,24.0,0,Clear,1.0,5,51.3,130,Low,Central Cafeteria,Meals,Standard,27,78.3,126,126,0,0.0,22,32,56.5,196,0,Ample,Low Activity,EXP-0178,USER_PREPARED_CAMPUS_DATA
2026-08-28,Afternoon,0,Low,Mid,0,None,21,19,120,0,17.5,16,Balanced,39,250,15.6,0.14,14,Friday,4,0,1,8,4,0,0,0,0,0,0,0,24.0,0,Clear,1.0,5,51.3,130,Low,Central Cafeteria,Meals,Standard,148,78.3,17,16,1,5.9,0,43,56.5,196,0,Ample,Low Activity,EXP-0179,USER_PREPARED_CAMPUS_DATA
2026-08-28,Afternoon,5,Low,Mid,0,None,76,21,120,0,63.3,55,Balanced,43,250,17.2,0.43,16,Friday,4,0,0,8,4,0,0,0,0,0,0,0,24.0,0,Clear,1.0,5,51.3,130,Moderate,Central Cafeteria,Meals,Standard,16,78.3,58,55,3,5.2,0,39,56.5,196,0,Ample,Low Activity,EXP-0180,USER_PREPARED_CAMPUS_DATA
2026-08-28,Evening Peak,2,Low,Mid,0,None,92,76,120,0,76.7,117,Balanced,65,250,26.0,0.62,18,Friday,4,0,1,8,4,0,0,0,0,0,0,0,24.0,0,Clear,1.0,5,51.3,130,Moderate,Central Cafeteria,Meals,Standard,55,78.3,123,117,6,4.9,0,43,56.5,196,0,Ample,Low Activity,EXP-0181,USER_PREPARED_CAMPUS_DATA
2026-08-28,Night,2,Low,Mid,0,None,82,92,120,0,68.3,121,Balanced,76,250,30.4,0.6,20,Friday,4,0,1,8,4,0,0,0,0,0,0,0,24.0,0,Clear,1.0,5,51.3,130,Moderate,Central Cafeteria,Meals,Standard,117,78.3,127,121,6,4.7,0,65,56.5,196,0,Ample,Low Activity,EXP-0182,USER_PREPARED_CAMPUS_DATA
2026-08-29,Morning,0,Medium,Mid,0,None,51,20,120,0,42.5,22,Balanced,33,250,13.2,0.26,8,Saturday,5,1,0,8,4,0,0,0,0,0,0,0,24.0,0,Clear,1.0,5,51.3,130,Low,Central Cafeteria,Meals,Standard,121,78.3,23,22,1,4.3,0,76,56.5,196,0,Ample,Low Activity,EXP-0183,USER_PREPARED_CAMPUS_DATA
2026-08-29,Late Morning,0,Medium,Mid,0,None,36,51,120,0,30.0,40,Balanced,31,250,12.4,0.24,10,Saturday,5,1,0,8,4,0,0,0,0,0,0,0,24.0,0,Clear,1.0,5,51.3,130,Low,Central Cafeteria,Meals,Standard,22,78.3,42,40,2,4.8,0,33,56.5,196,0,Ample,Low Activity,EXP-0184,USER_PREPARED_CAMPUS_DATA
2026-08-29,Noon / Lunch,0,Medium,Mid,0,None,38,36,120,0,31.7,127,Balanced,29,250,11.6,0.41,12,Saturday,5,1,1,8,4,0,0,0,0,0,0,0,24.0,0,Clear,1.0,5,51.3,130,Low,Central Cafeteria,Meals,Standard,40,78.3,133,127,6,4.5,0,31,56.5,196,0,Ample,Low Activity,EXP-0185,USER_PREPARED_CAMPUS_DATA
2026-08-29,Afternoon,0,Medium,Mid,0,None,33,38,120,0,27.5,44,Balanced,27,250,10.8,0.23,14,Saturday,5,1,1,8,4,0,0,0,0,0,0,0,24.0,0,Clear,1.0,5,51.3,130,Low,Central Cafeteria,Meals,Standard,127,78.3,46,44,2,4.3,0,29,56.5,196,0,Ample,Low Activity,EXP-0186,USER_PREPARED_CAMPUS_DATA
2026-08-29,Afternoon,0,Medium,Mid,0,None,89,33,120,0,74.2,23,Balanced,35,250,14.0,0.41,16,Saturday,5,1,0,8,4,0,0,0,0,0,0,0,24.0,0,Clear,1.0,5,51.3,130,Moderate,Central Cafeteria,Meals,Standard,44,78.3,24,23,1,4.2,0,27,56.5,196,0,Ample,Low Activity,EXP-0187,USER_PREPARED_CAMPUS_DATA
2026-08-29,Evening Peak,0,Medium,Mid,0,None,104,89,120,1,86.7,103,Balanced,71,250,28.4,0.65,18,Saturday,5,1,1,8,4,0,0,0,0,0,0,0,24.0,0,Clear,1.0,5,51.3,130,High,Central Cafeteria,Meals,Standard,23,78.3,108,103,5,4.6,0,35,56.5,196,0,Ample,Low Activity,EXP-0188,USER_PREPARED_CAMPUS_DATA
2026-08-29,Night,0,Medium,Mid,0,None,85,104,120,0,70.8,112,Balanced,71,250,28.4,0.59,20,Saturday,5,1,1,8,4,0,0,0,0,0,0,0,24.0,0,Clear,1.0,5,51.3,130,Moderate,Central Cafeteria,Meals,Standard,103,78.3,118,112,6,5.1,0,71,56.5,196,0,Ample,Low Activity,EXP-0189,USER_PREPARED_CAMPUS_DATA
2026-08-30,Morning,0,Medium,Mid,0,None,43,20,120,0,35.8,40,Balanced,34,250,13.6,0.27,8,Sunday,6,1,0,8,4,0,0,0,0,0,0,0,24.0,0,Clear,1.0,5,51.3,130,Low,Central Cafeteria,Meals,Standard,112,78.3,42,40,2,4.8,0,71,56.5,196,0,Ample,Low Activity,EXP-0190,USER_PREPARED_CAMPUS_DATA
2026-08-30,Late Morning,0,Medium,Mid,0,None,36,43,120,0,30.0,32,Balanced,36,250,14.4,0.23,10,Sunday,6,1,0,8,4,0,0,0,0,0,0,0,24.0,0,Clear,1.0,5,51.3,130,Low,Central Cafeteria,Meals,Standard,40,78.3,34,32,2,5.9,0,34,56.5,196,0,Ample,Low Activity,EXP-0191,USER_PREPARED_CAMPUS_DATA
2026-08-30,Noon / Lunch,0,Medium,Mid,0,None,41,36,120,0,34.2,126,Balanced,35,250,14.0,0.43,12,Sunday,6,1,1,8,4,0,0,0,0,0,0,0,24.0,0,Clear,1.0,5,51.3,130,Low,Central Cafeteria,Meals,Standard,32,78.3,132,126,6,4.5,0,36,56.5,196,0,Ample,Low Activity,EXP-0192,USER_PREPARED_CAMPUS_DATA
2026-08-30,Afternoon,0,Medium,Mid,0,None,33,41,120,0,27.5,53,Balanced,39,250,15.6,0.26,14,Sunday,6,1,1,8,4,0,0,0,0,0,0,0,24.0,0,Clear,1.0,5,51.3,130,Low,Central Cafeteria,Meals,Standard,126,78.3,56,53,3,5.4,0,35,56.5,196,0,Ample,Low Activity,EXP-0193,USER_PREPARED_CAMPUS_DATA
2026-08-30,Afternoon,0,Medium,Mid,0,None,89,33,120,0,74.2,29,Balanced,25,250,10.0,0.41,16,Sunday,6,1,0,8,4,0,0,0,0,0,0,0,24.0,0,Clear,1.0,5,51.3,130,Moderate,Central Cafeteria,Meals,Standard,53,78.3,30,29,1,3.3,0,39,56.5,196,0,Ample,Low Activity,EXP-0194,USER_PREPARED_CAMPUS_DATA
2026-08-30,Evening Peak,0,Medium,Mid,0,None,96,89,120,1,80.0,107,Balanced,63,250,25.2,0.62,18,Sunday,6,1,1,8,4,0,0,0,0,0,0,0,24.0,0,Clear,1.0,5,51.3,130,High,Central Cafeteria,Meals,Standard,29,78.3,112,107,5,4.5,0,25,56.5,196,0,Ample,Low Activity,EXP-0195,USER_PREPARED_CAMPUS_DATA
2026-08-30,Night,0,Medium,Mid,0,None,86,96,120,0,71.7,114,Balanced,61,250,24.4,0.59,20,Sunday,6,1,1,8,4,0,0,0,0,0,0,0,24.0,0,Clear,1.0,5,51.3,130,Moderate,Central Cafeteria,Meals,Standard,107,78.3,120,114,6,5.0,0,63,56.5,196,0,Ample,Low Activity,EXP-0196,USER_PREPARED_CAMPUS_DATA
2026-08-31,Morning,2,Medium,Mid,0,None,42,20,120,0,35.0,47,Balanced,28,250,11.2,0.27,8,Monday,0,0,0,8,5,0,0,0,0,0,0,0,24.0,0,Clear,1.0,5,51.3,130,Low,Central Cafeteria,Meals,Standard,114,78.3,49,47,2,4.1,0,61,56.5,196,0,Ample,Low Activity,EXP-0197,USER_PREPARED_CAMPUS_DATA
2026-08-31,Late Morning,1,Medium,Mid,0,None,28,42,120,0,23.3,57,Balanced,37,250,14.8,0.24,10,Monday,0,0,0,8,5,0,0,0,0,0,0,0,24.0,0,Clear,1.0,5,51.3,130,Low,Central Cafeteria,Meals,Standard,47,78.3,60,57,3,5.0,0,28,56.5,196,0,Ample,Low Activity,EXP-0198,USER_PREPARED_CAMPUS_DATA
2026-08-31,Noon / Lunch,6,Medium,Mid,0,None,20,28,120,0,16.7,148,Shortage Risk,43,250,17.2,0.4,12,Monday,0,0,1,8,5,0,0,0,0,0,0,0,24.0,0,Clear,1.0,5,51.3,130,Low,Central Cafeteria,Meals,Standard,57,78.3,126,126,0,0.0,22,37,56.5,196,0,Ample,Low Activity,EXP-0199,USER_PREPARED_CAMPUS_DATA
2026-08-31,Afternoon,2,Medium,Mid,0,None,22,20,120,0,18.3,39,Balanced,59,250,23.6,0.21,14,Monday,0,0,1,8,5,0,0,0,0,0,0,0,24.0,0,Clear,1.0,5,51.3,130,Low,Central Cafeteria,Meals,Standard,148,78.3,41,39,2,4.9,0,43,56.5,196,0,Ample,Low Activity,EXP-0200,USER_PREPARED_CAMPUS_DATA
2026-08-31,Afternoon,8,Medium,Mid,0,None,77,22,120,0,64.2,79,Balanced,35,250,14.0,0.47,16,Monday,0,0,0,8,5,0,0,0,0,0,0,0,24.0,0,Clear,1.0,5,51.3,130,Moderate,Central Cafeteria,Meals,Standard,39,78.3,83,79,4,4.8,0,59,56.5,196,0,Ample,Low Activity,EXP-0201,USER_PREPARED_CAMPUS_DATA
2026-08-31,Evening Peak,1,Medium,Mid,1,Sports_Tournament,126,77,120,1,105.0,147,Shortage Risk,68,250,27.2,0.81,18,Monday,0,0,1,8,5,0,0,0,1,1,0,80,24.0,0,Clear,1.0,5,51.3,130,Severe,Central Cafeteria,Meals,Standard,79,78.3,125,125,0,0.0,22,35,56.5,196,0,Ample,Low Activity,EXP-0202,USER_PREPARED_CAMPUS_DATA
2026-08-31,Night,2,Medium,Mid,0,None,81,126,120,0,67.5,106,Balanced,78,250,31.2,0.57,20,Monday,0,0,1,8,5,0,0,0,0,0,0,0,24.0,0,Clear,1.0,5,51.3,130,Moderate,Central Cafeteria,Meals,Standard,147,78.3,111,106,5,4.5,0,68,56.5,196,0,Ample,Low Activity,EXP-0203,USER_PREPARED_CAMPUS_DATA
2026-09-01,Morning,2,Medium,Mid,0,None,42,20,120,0,35.0,62,Balanced,27,250,10.8,0.3,8,Tuesday,1,0,0,9,5,0,0,0,0,0,0,0,24.0,0,Clear,1.0,5,51.3,130,Low,Central Cafeteria,Meals,Standard,106,78.3,65,62,3,4.6,0,78,56.5,196,0,Ample,Low Activity,EXP-0204,USER_PREPARED_CAMPUS_DATA
2026-09-01,Late Morning,0,Medium,Mid,0,None,28,42,120,0,23.3,56,Balanced,28,250,11.2,0.24,10,Tuesday,1,0,0,9,5,0,0,0,0,0,0,0,24.0,0,Clear,1.0,5,51.3,130,Low,Central Cafeteria,Meals,Standard,62,78.3,59,56,3,5.1,0,27,56.5,196,0,Ample,Low Activity,EXP-0205,USER_PREPARED_CAMPUS_DATA
2026-09-01,Noon / Lunch,5,Medium,Mid,0,None,25,28,120,0,20.8,136,Shortage Risk,52,250,20.8,0.4,12,Tuesday,1,0,1,9,5,0,0,0,0,0,0,0,24.0,0,Clear,1.0,5,51.3,130,Low,Central Cafeteria,Meals,Standard,56,78.3,116,116,0,0.0,20,28,56.5,196,0,Ample,Low Activity,EXP-0206,USER_PREPARED_CAMPUS_DATA
2026-09-01,Afternoon,0,Medium,Mid,0,None,19,25,120,0,15.8,26,Balanced,45,250,18.0,0.16,14,Tuesday,1,0,1,9,5,0,0,0,0,0,0,0,24.0,0,Clear,1.0,5,51.3,130,Low,Central Cafeteria,Meals,Standard,136,78.3,27,26,1,3.7,0,52,56.5,196,0,Ample,Low Activity,EXP-0207,USER_PREPARED_CAMPUS_DATA
2026-09-01,Afternoon,8,Medium,Mid,0,None,73,19,120,0,60.8,72,Balanced,39,250,15.6,0.44,16,Tuesday,1,0,0,9,5,0,0,0,0,0,0,0,24.0,0,Clear,1.0,5,51.3,130,Moderate,Central Cafeteria,Meals,Standard,26,78.3,76,72,4,5.3,0,45,56.5,196,0,Ample,Low Activity,EXP-0208,USER_PREPARED_CAMPUS_DATA
2026-09-01,Evening Peak,2,Medium,Mid,0,None,86,73,120,0,71.7,109,Balanced,74,250,29.6,0.59,18,Tuesday,1,0,1,9,5,0,0,0,0,0,0,0,24.0,0,Clear,1.0,5,51.3,130,Moderate,Central Cafeteria,Meals,Standard,72,78.3,114,109,5,4.4,0,39,56.5,196,0,Ample,Low Activity,EXP-0209,USER_PREPARED_CAMPUS_DATA
2026-09-01,Night,1,Medium,Mid,0,None,74,86,120,0,61.7,115,Balanced,73,250,29.2,0.56,20,Tuesday,1,0,1,9,5,0,0,0,0,0,0,0,24.0,0,Clear,1.0,5,51.3,130,Moderate,Central Cafeteria,Meals,Standard,109,78.3,121,115,6,5.0,0,74,56.5,196,0,Ample,Low Activity,EXP-0210,USER_PREPARED_CAMPUS_DATA
2026-09-02,Morning,0,Medium,Mid,1,None,42,20,120,0,35.0,49,Balanced,28,250,11.2,0.28,8,Wednesday,2,0,0,9,5,0,0,0,0,0,0,0,24.0,0,Clear,1.0,5,51.3,130,Low,Central Cafeteria,Meals,Standard,115,78.3,51,49,2,3.9,0,73,56.5,196,0,Ample,Low Activity,EXP-0211,USER_PREPARED_CAMPUS_DATA
2026-09-02,Late Morning,0,Medium,Mid,0,None,27,42,120,0,22.5,40,Balanced,25,250,10.0,0.2,10,Wednesday,2,0,0,9,5,0,0,0,0,0,0,0,24.0,0,Clear,1.0,5,51.3,130,Low,Central Cafeteria,Meals,Standard,49,78.3,42,40,2,4.8,0,28,56.5,196,0,Ample,Low Activity,EXP-0212,USER_PREPARED_CAMPUS_DATA
2026-09-02,Noon / Lunch,6,Medium,Mid,0,None,26,27,120,0,21.7,132,Balanced,46,250,18.4,0.39,12,Wednesday,2,0,1,9,5,0,0,0,0,0,0,0,24.0,0,Clear,1.0,5,51.3,130,Low,Central Cafeteria,Meals,Standard,40,78.3,139,132,7,5.0,0,25,56.5,196,0,Ample,Low Activity,EXP-0213,USER_PREPARED_CAMPUS_DATA
2026-09-02,Afternoon,1,Medium,Mid,0,None,18,26,120,0,15.0,45,Balanced,49,250,19.6,0.19,14,Wednesday,2,0,1,9,5,0,0,0,0,0,0,0,24.0,0,Clear,1.0,5,51.3,130,Low,Central Cafeteria,Meals,Standard,132,78.3,47,45,2,4.3,0,46,56.5,196,0,Ample,Low Activity,EXP-0214,USER_PREPARED_CAMPUS_DATA
2026-09-02,Afternoon,7,Medium,Mid,1,Sports_Tournament,114,18,120,1,95.0,85,Balanced,23,250,9.2,0.61,16,Wednesday,2,0,0,9,5,0,0,0,1,1,0,80,24.0,0,Clear,1.0,5,51.3,130,Severe,Central Cafeteria,Meals,Standard,45,78.3,89,85,4,4.5,0,49,56.5,196,0,Ample,Low Activity,EXP-0215,USER_PREPARED_CAMPUS_DATA
2026-09-02,Evening Peak,2,Medium,Mid,1,Sports_Tournament,130,114,120,1,108.3,159,Shortage Risk,65,250,26.0,0.85,18,Wednesday,2,0,1,9,5,0,0,0,1,1,0,80,24.0,0,Clear,1.0,5,51.3,130,Severe,Central Cafeteria,Meals,Standard,85,78.3,135,135,0,0.0,24,23,56.5,196,0,Ample,Low Activity,EXP-0216,USER_PREPARED_CAMPUS_DATA
2026-09-02,Night,0,Medium,Mid,0,None,76,130,120,0,63.3,103,Balanced,68,250,27.2,0.54,20,Wednesday,2,0,1,9,5,0,0,0,0,0,0,0,24.0,0,Clear,1.0,5,51.3,130,Moderate,Central Cafeteria,Meals,Standard,159,78.3,108,103,5,4.6,0,65,56.5,196,0,Ample,Low Activity,EXP-0217,USER_PREPARED_CAMPUS_DATA
2026-09-03,Morning,2,Medium,Mid,0,None,47,20,120,0,39.2,40,Balanced,14,250,5.6,0.26,8,Thursday,3,0,0,9,5,0,0,0,0,0,0,0,24.0,0,Clear,1.0,5,51.3,130,Low,Central Cafeteria,Meals,Standard,103,78.3,42,40,2,4.8,0,68,56.5,196,0,Ample,Low Activity,EXP-0218,USER_PREPARED_CAMPUS_DATA
2026-09-03,Late Morning,0,Medium,Mid,0,None,30,47,120,0,25.0,46,Balanced,28,250,11.2,0.22,10,Thursday,3,0,0,9,5,0,0,0,0,0,0,0,24.0,0,Clear,1.0,5,51.3,130,Low,Central Cafeteria,Meals,Standard,40,78.3,48,46,2,4.2,0,14,56.5,196,0,Ample,Low Activity,EXP-0219,USER_PREPARED_CAMPUS_DATA
2026-09-03,Noon / Lunch,8,Medium,Mid,0,None,18,30,120,0,15.0,159,Shortage Risk,37,250,14.8,0.41,12,Thursday,3,0,1,9,5,0,0,0,0,0,0,0,24.0,0,Clear,1.0,5,51.3,130,Low,Central Cafeteria,Meals,Standard,46,78.3,135,135,0,0.0,24,28,56.5,196,0,Ample,Low Activity,EXP-0220,USER_PREPARED_CAMPUS_DATA
2026-09-03,Afternoon,0,Medium,Mid,0,None,18,18,120,0,15.0,25,Balanced,53,250,21.2,0.16,14,Thursday,3,0,1,9,5,0,0,0,0,0,0,0,24.0,0,Clear,1.0,5,51.3,130,Low,Central Cafeteria,Meals,Standard,159,78.3,26,25,1,3.8,0,37,56.5,196,0,Ample,Low Activity,EXP-0221,USER_PREPARED_CAMPUS_DATA
2026-09-03,Afternoon,7,Medium,Mid,0,None,85,18,120,0,70.8,50,Balanced,19,250,7.6,0.43,16,Thursday,3,0,0,9,5,0,0,0,0,0,0,0,24.0,0,Clear,1.0,5,51.3,130,Moderate,Central Cafeteria,Meals,Standard,25,78.3,52,50,2,3.8,0,53,56.5,196,0,Ample,Low Activity,EXP-0222,USER_PREPARED_CAMPUS_DATA
2026-09-03,Evening Peak,1,Medium,Mid,0,None,83,85,120,0,69.2,110,Balanced,81,250,32.4,0.59,18,Thursday,3,0,1,9,5,0,0,0,0,0,0,0,24.0,0,Clear,1.0,5,51.3,130,Moderate,Central Cafeteria,Meals,Standard,50,78.3,116,110,6,5.2,0,19,56.5,196,0,Ample,Low Activity,EXP-0223,USER_PREPARED_CAMPUS_DATA
2026-09-03,Night,1,Medium,Mid,0,None,76,83,120,0,63.3,99,Balanced,68,250,27.2,0.53,20,Thursday,3,0,1,9,5,0,0,0,0,0,0,0,24.0,0,Clear,1.0,5,51.3,130,Moderate,Central Cafeteria,Meals,Standard,110,78.3,104,99,5,4.8,0,81,56.5,196,0,Ample,Low Activity,EXP-0224,USER_PREPARED_CAMPUS_DATA
2026-09-04,Morning,0,Medium,Mid,1,None,42,20,120,0,35.0,62,Balanced,33,250,13.2,0.3,8,Friday,4,0,0,9,5,0,0,0,0,0,0,0,24.0,0,Clear,1.0,5,51.3,130,Low,Central Cafeteria,Meals,Standard,99,78.3,65,62,3,4.6,0,68,56.5,196,0,Ample,Low Activity,EXP-0225,USER_PREPARED_CAMPUS_DATA
2026-09-04,Late Morning,0,Medium,Mid,0,None,30,42,120,0,25.0,44,Balanced,16,250,6.4,0.21,10,Friday,4,0,0,9,5,0,0,0,0,0,0,0,24.0,0,Clear,1.0,5,51.3,130,Low,Central Cafeteria,Meals,Standard,62,78.3,46,44,2,4.3,0,33,56.5,196,0,Ample,Low Activity,EXP-0226,USER_PREPARED_CAMPUS_DATA
2026-09-04,Noon / Lunch,8,Medium,Mid,0,None,17,30,120,0,14.2,135,Shortage Risk,47,250,18.8,0.36,12,Friday,4,0,1,9,5,0,0,0,0,0,0,0,24.0,0,Clear,1.0,5,51.3,130,Low,Central Cafeteria,Meals,Standard,44,78.3,115,115,0,0.0,20,16,56.5,196,0,Ample,Low Activity,EXP-0227,USER_PREPARED_CAMPUS_DATA
2026-09-04,Afternoon,2,Medium,Mid,0,None,21,17,120,0,17.5,41,Balanced,63,250,25.2,0.21,14,Friday,4,0,1,9,5,0,0,0,0,0,0,0,24.0,0,Clear,1.0,5,51.3,130,Low,Central Cafeteria,Meals,Standard,135,78.3,43,41,2,4.7,0,47,56.5,196,0,Ample,Low Activity,EXP-0228,USER_PREPARED_CAMPUS_DATA
2026-09-04,Afternoon,7,Medium,Mid,0,None,69,21,120,0,57.5,70,Balanced,34,250,13.6,0.42,16,Friday,4,0,0,9,5,0,0,0,0,0,0,0,24.0,0,Clear,1.0,5,51.3,130,Low,Central Cafeteria,Meals,Standard,41,78.3,74,70,4,5.4,0,63,56.5,196,0,Ample,Low Activity,EXP-0229,USER_PREPARED_CAMPUS_DATA
2026-09-04,Evening Peak,2,Medium,Mid,0,None,88,69,120,0,73.3,114,Balanced,62,250,24.8,0.6,18,Friday,4,0,1,9,5,0,0,0,0,0,0,0,24.0,0,Clear,1.0,5,51.3,130,Moderate,Central Cafeteria,Meals,Standard,70,78.3,120,114,6,5.0,0,34,56.5,196,0,Ample,Low Activity,EXP-0230,USER_PREPARED_CAMPUS_DATA
2026-09-04,Night,0,Medium,Mid,0,None,70,88,120,0,58.3,93,Balanced,70,250,28.0,0.5,20,Friday,4,0,1,9,5,0,0,0,0,0,0,0,24.0,0,Clear,1.0,5,51.3,130,Low,Central Cafeteria,Meals,Standard,114,78.3,98,93,5,5.1,0,62,56.5,196,0,Ample,Low Activity,EXP-0231,USER_PREPARED_CAMPUS_DATA
2026-09-05,Morning,0,Medium,Mid,0,None,53,20,120,0,44.2,38,Balanced,36,250,14.4,0.3,8,Saturday,5,1,0,9,5,0,0,0,0,0,0,0,24.0,0,Clear,1.0,5,51.3,130,Low,Central Cafeteria,Meals,Standard,93,78.3,40,38,2,5.0,0,70,56.5,196,0,Ample,Low Activity,EXP-0232,USER_PREPARED_CAMPUS_DATA
2026-09-05,Late Morning,0,Medium,Mid,0,None,35,53,120,0,29.2,44,Balanced,36,250,14.4,0.25,10,Saturday,5,1,0,9,5,0,0,0,0,0,0,0,24.0,0,Clear,1.0,5,51.3,130,Low,Central Cafeteria,Meals,Standard,38,78.3,46,44,2,4.3,0,36,56.5,196,0,Ample,Low Activity,EXP-0233,USER_PREPARED_CAMPUS_DATA
2026-09-05,Noon / Lunch,0,Medium,Mid,0,None,29,35,120,0,24.2,120,Balanced,28,250,11.2,0.36,12,Saturday,5,1,1,9,5,0,0,0,0,0,0,0,24.0,0,Clear,1.0,5,51.3,130,Low,Central Cafeteria,Meals,Standard,44,78.3,126,120,6,4.8,0,36,56.5,196,0,Ample,Low Activity,EXP-0234,USER_PREPARED_CAMPUS_DATA
2026-09-05,Afternoon,0,Medium,Mid,0,None,41,29,120,0,34.2,22,Balanced,39,250,15.6,0.23,14,Saturday,5,1,1,9,5,0,0,0,0,0,0,0,24.0,0,Clear,1.0,5,51.3,130,Low,Central Cafeteria,Meals,Standard,120,78.3,23,22,1,4.3,0,28,56.5,196,0,Ample,Low Activity,EXP-0235,USER_PREPARED_CAMPUS_DATA
2026-09-05,Afternoon,0,Medium,Mid,0,None,97,41,120,1,80.8,43,Balanced,29,250,11.6,0.47,16,Saturday,5,1,0,9,5,0,0,0,0,0,0,0,24.0,0,Clear,1.0,5,51.3,130,High,Central Cafeteria,Meals,Standard,22,78.3,45,43,2,4.4,0,39,56.5,196,0,Ample,Low Activity,EXP-0236,USER_PREPARED_CAMPUS_DATA
2026-09-05,Evening Peak,0,Medium,Mid,0,None,101,97,120,1,84.2,114,Balanced,89,250,35.6,0.67,18,Saturday,5,1,1,9,5,0,0,0,0,0,0,0,24.0,0,Clear,1.0,5,51.3,130,High,Central Cafeteria,Meals,Standard,43,78.3,120,114,6,5.0,0,29,56.5,196,0,Ample,Low Activity,EXP-0237,USER_PREPARED_CAMPUS_DATA
2026-09-05,Night,0,Medium,Mid,0,None,96,101,120,1,80.0,122,Balanced,69,250,27.6,0.65,20,Saturday,5,1,1,9,5,0,0,0,0,0,0,0,24.0,0,Clear,1.0,5,51.3,130,High,Central Cafeteria,Meals,Standard,114,78.3,128,122,6,4.7,0,89,56.5,196,0,Ample,Low Activity,EXP-0238,USER_PREPARED_CAMPUS_DATA
2026-09-06,Morning,0,Low,Mid,0,None,62,20,120,0,51.7,55,Balanced,24,250,9.6,0.36,8,Sunday,6,1,0,9,5,0,0,0,0,0,0,0,24.0,0,Clear,1.0,5,51.3,130,Low,Central Cafeteria,Meals,Standard,122,78.3,58,55,3,5.2,0,69,56.5,196,0,Ample,Low Activity,EXP-0239,USER_PREPARED_CAMPUS_DATA
2026-09-06,Late Morning,0,Low,Mid,0,None,44,62,120,0,36.7,48,Balanced,15,250,6.0,0.27,10,Sunday,6,1,0,9,5,0,0,0,0,0,0,0,24.0,0,Clear,1.0,5,51.3,130,Low,Central Cafeteria,Meals,Standard,55,78.3,50,48,2,4.0,0,24,56.5,196,0,Ample,Low Activity,EXP-0240,USER_PREPARED_CAMPUS_DATA
2026-09-06,Noon / Lunch,0,Low,Mid,0,None,38,44,120,0,31.7,117,Balanced,31,250,12.4,0.4,12,Sunday,6,1,1,9,5,0,0,0,0,0,0,0,24.0,0,Clear,1.0,5,51.3,130,Low,Central Cafeteria,Meals,Standard,48,78.3,123,117,6,4.9,0,15,56.5,196,0,Ample,Low Activity,EXP-0241,USER_PREPARED_CAMPUS_DATA
2026-09-06,Afternoon,0,Low,Mid,0,None,34,38,120,0,28.3,18,Balanced,32,250,12.8,0.19,14,Sunday,6,1,1,9,5,0,0,0,0,0,0,0,24.0,0,Clear,1.0,5,51.3,130,Low,Central Cafeteria,Meals,Standard,117,78.3,19,18,1,5.3,0,31,56.5,196,0,Ample,Low Activity,EXP-0242,USER_PREPARED_CAMPUS_DATA
2026-09-06,Afternoon,0,Low,Mid,0,None,91,34,120,0,75.8,33,Balanced,21,250,8.4,0.42,16,Sunday,6,1,0,9,5,0,0,0,0,0,0,0,24.0,0,Clear,1.0,5,51.3,130,Moderate,Central Cafeteria,Meals,Standard,18,78.3,35,33,2,5.7,0,32,56.5,196,0,Ample,Low Activity,EXP-0243,USER_PREPARED_CAMPUS_DATA
2026-09-06,Evening Peak,0,Low,Mid,0,None,95,91,120,0,79.2,111,Balanced,67,250,26.8,0.63,18,Sunday,6,1,1,9,5,0,0,0,0,0,0,0,24.0,0,Clear,1.0,5,51.3,130,Moderate,Central Cafeteria,Meals,Standard,33,78.3,117,111,6,5.1,0,21,56.5,196,0,Ample,Low Activity,EXP-0244,USER_PREPARED_CAMPUS_DATA
2026-09-06,Night,0,Low,Mid,0,None,90,95,120,0,75.0,121,Balanced,67,250,26.8,0.63,20,Sunday,6,1,1,9,5,0,0,0,0,0,0,0,24.0,0,Clear,1.0,5,51.3,130,Moderate,Central Cafeteria,Meals,Standard,111,78.3,127,121,6,4.7,0,67,56.5,196,0,Ample,Low Activity,EXP-0245,USER_PREPARED_CAMPUS_DATA
2026-09-07,Morning,1,Medium,Mid,0,None,45,20,120,0,37.5,51,Balanced,29,250,11.6,0.29,8,Monday,0,0,0,9,6,0,0,0,0,0,0,0,24.0,0,Clear,1.0,5,51.3,130,Low,Central Cafeteria,Meals,Standard,121,78.3,54,51,3,5.6,0,67,56.5,196,0,Ample,Low Activity,EXP-0246,USER_PREPARED_CAMPUS_DATA
2026-09-07,Late Morning,0,Medium,Mid,0,None,31,45,120,0,25.8,51,Balanced,15,250,6.0,0.23,10,Monday,0,0,0,9,6,0,0,0,0,0,0,0,24.0,0,Clear,1.0,5,51.3,130,Low,Central Cafeteria,Meals,Standard,51,78.3,54,51,3,5.6,0,29,56.5,196,0,Ample,Low Activity,EXP-0247,USER_PREPARED_CAMPUS_DATA
2026-09-07,Noon / Lunch,7,Medium,Mid,0,None,23,31,120,0,19.2,149,Shortage Risk,54,250,21.6,0.42,12,Monday,0,0,1,9,6,0,0,0,0,0,0,0,24.0,0,Clear,1.0,5,51.3,130,Low,Central Cafeteria,Meals,Standard,51,78.3,127,127,0,0.0,22,15,56.5,196,0,Ample,Low Activity,EXP-0248,USER_PREPARED_CAMPUS_DATA
2026-09-07,Afternoon,0,Medium,Mid,0,None,26,23,120,0,21.7,45,Balanced,46,250,18.4,0.22,14,Monday,0,0,1,9,6,0,0,0,0,0,0,0,24.0,0,Clear,1.0,5,51.3,130,Low,Central Cafeteria,Meals,Standard,149,78.3,47,45,2,4.3,0,54,56.5,196,0,Ample,Low Activity,EXP-0249,USER_PREPARED_CAMPUS_DATA
2026-09-07,Afternoon,6,Medium,Mid,0,None,75,26,120,0,62.5,52,Balanced,23,250,9.2,0.4,16,Monday,0,0,0,9,6,0,0,0,0,0,0,0,24.0,0,Clear,1.0,5,51.3,130,Moderate,Central Cafeteria,Meals,Standard,45,78.3,55,52,3,5.5,0,46,56.5,196,0,Ample,Low Activity,EXP-0250,USER_PREPARED_CAMPUS_DATA
2026-09-07,Evening Peak,2,Medium,Mid,0,None,83,75,120,0,69.2,106,Balanced,68,250,27.2,0.57,18,Monday,0,0,1,9,6,0,0,0,0,0,0,0,24.0,0,Clear,1.0,5,51.3,130,Moderate,Central Cafeteria,Meals,Standard,52,78.3,111,106,5,4.5,0,23,56.5,196,0,Ample,Low Activity,EXP-0251,USER_PREPARED_CAMPUS_DATA
2026-09-07,Night,1,Medium,Mid,0,None,70,83,120,0,58.3,113,Balanced,52,250,20.8,0.52,20,Monday,0,0,1,9,6,0,0,0,0,0,0,0,24.0,0,Clear,1.0,5,51.3,130,Low,Central Cafeteria,Meals,Standard,106,78.3,119,113,6,5.0,0,68,56.5,196,0,Ample,Low Activity,EXP-0252,USER_PREPARED_CAMPUS_DATA
2026-09-08,Morning,2,Medium,Mid,0,None,37,20,120,0,30.8,62,Balanced,14,250,5.6,0.27,8,Tuesday,1,0,0,9,6,0,0,0,0,0,0,0,24.0,0,Clear,1.0,5,51.3,130,Low,Central Cafeteria,Meals,Standard,113,78.3,65,62,3,4.6,0,52,56.5,196,0,Ample,Low Activity,EXP-0253,USER_PREPARED_CAMPUS_DATA
2026-09-08,Late Morning,2,Medium,Mid,0,None,30,37,120,0,25.0,42,Balanced,15,250,6.0,0.21,10,Tuesday,1,0,0,9,6,0,0,0,0,0,0,0,24.0,0,Clear,1.0,5,51.3,130,Low,Central Cafeteria,Meals,Standard,62,78.3,44,42,2,4.5,0,14,56.5,196,0,Ample,Low Activity,EXP-0254,USER_PREPARED_CAMPUS_DATA
2026-09-08,Noon / Lunch,6,Medium,Mid,0,None,18,30,120,0,15.0,135,Shortage Risk,32,250,12.8,0.36,12,Tuesday,1,0,1,9,6,0,0,0,0,0,0,0,24.0,0,Clear,1.0,5,51.3,130,Low,Central Cafeteria,Meals,Standard,42,78.3,115,115,0,0.0,20,15,56.5,196,0,Ample,Low Activity,EXP-0255,USER_PREPARED_CAMPUS_DATA
2026-09-08,Afternoon,2,Medium,Mid,0,None,21,18,120,0,17.5,29,Balanced,37,250,14.8,0.16,14,Tuesday,1,0,1,9,6,0,0,0,0,0,0,0,24.0,0,Clear,1.0,5,51.3,130,Low,Central Cafeteria,Meals,Standard,135,78.3,30,29,1,3.3,0,32,56.5,196,0,Ample,Low Activity,EXP-0256,USER_PREPARED_CAMPUS_DATA
2026-09-08,Afternoon,7,Medium,Mid,0,None,76,21,120,0,63.3,66,Balanced,44,250,17.6,0.45,16,Tuesday,1,0,0,9,6,0,0,0,0,0,0,0,24.0,0,Clear,1.0,5,51.3,130,Moderate,Central Cafeteria,Meals,Standard,29,78.3,69,66,3,4.3,0,37,56.5,196,0,Ample,Low Activity,EXP-0257,USER_PREPARED_CAMPUS_DATA
2026-09-08,Evening Peak,2,Medium,Mid,0,None,89,76,120,0,74.2,138,Shortage Risk,82,250,32.8,0.67,18,Tuesday,1,0,1,9,6,0,0,0,0,0,0,0,24.0,0,Clear,1.0,5,51.3,130,Moderate,Central Cafeteria,Meals,Standard,66,78.3,117,117,0,0.0,21,44,56.5,196,0,Ample,Low Activity,EXP-0258,USER_PREPARED_CAMPUS_DATA
2026-09-08,Night,1,Medium,Mid,1,Sports_Tournament,107,89,120,1,89.2,135,Shortage Risk,64,250,25.6,0.72,20,Tuesday,1,0,1,9,6,0,0,0,1,1,0,80,24.0,0,Clear,1.0,5,51.3,130,High,Central Cafeteria,Meals,Standard,138,78.3,115,115,0,0.0,20,82,56.5,196,0,Ample,Low Activity,EXP-0259,USER_PREPARED_CAMPUS_DATA
2026-09-09,Morning,0,Medium,Mid,0,None,36,20,120,0,30.0,45,Balanced,41,250,16.4,0.26,8,Wednesday,2,0,0,9,6,0,0,0,0,0,0,0,24.0,0,Clear,1.0,5,51.3,130,Low,Central Cafeteria,Meals,Standard,135,78.3,47,45,2,4.3,0,64,56.5,196,0,Ample,Low Activity,EXP-0260,USER_PREPARED_CAMPUS_DATA
2026-09-09,Late Morning,1,Medium,Mid,0,None,23,36,120,0,19.2,40,Balanced,31,250,12.4,0.19,10,Wednesday,2,0,0,9,6,0,0,0,0,0,0,0,24.0,0,Clear,1.0,5,51.3,130,Low,Central Cafeteria,Meals,Standard,45,78.3,42,40,2,4.8,0,41,56.5,196,0,Ample,Low Activity,EXP-0261,USER_PREPARED_CAMPUS_DATA
2026-09-09,Noon / Lunch,6,Medium,Mid,0,None,25,23,120,0,20.8,123,Balanced,51,250,20.4,0.37,12,Wednesday,2,0,1,9,6,0,0,0,0,0,0,0,24.0,0,Clear,1.0,5,51.3,130,Low,Central Cafeteria,Meals,Standard,40,78.3,129,123,6,4.7,0,31,56.5,196,0,Ample,Low Activity,EXP-0262,USER_PREPARED_CAMPUS_DATA
2026-09-09,Afternoon,1,Medium,Mid,0,None,26,25,120,0,21.7,47,Balanced,39,250,15.6,0.22,14,Wednesday,2,0,1,9,6,0,0,0,0,0,0,0,24.0,0,Clear,1.0,5,51.3,130,Low,Central Cafeteria,Meals,Standard,123,78.3,49,47,2,4.1,0,51,56.5,196,0,Ample,Low Activity,EXP-0263,USER_PREPARED_CAMPUS_DATA
2026-09-09,Afternoon,5,Medium,Mid,0,None,73,26,120,0,60.8,60,Balanced,22,250,8.8,0.41,16,Wednesday,2,0,0,9,6,0,0,0,0,0,0,0,24.0,0,Clear,1.0,5,51.3,130,Moderate,Central Cafeteria,Meals,Standard,47,78.3,63,60,3,4.8,0,39,56.5,196,0,Ample,Low Activity,EXP-0264,USER_PREPARED_CAMPUS_DATA
2026-09-09,Evening Peak,2,Medium,Mid,0,None,89,73,120,0,74.2,114,Balanced,62,250,24.8,0.6,18,Wednesday,2,0,1,9,6,0,0,0,0,0,0,0,24.0,0,Clear,1.0,5,51.3,130,Moderate,Central Cafeteria,Meals,Standard,60,78.3,120,114,6,5.0,0,22,56.5,196,0,Ample,Low Activity,EXP-0265,USER_PREPARED_CAMPUS_DATA
2026-09-09,Night,2,Medium,Mid,0,None,82,89,120,0,68.3,115,Balanced,66,250,26.4,0.58,20,Wednesday,2,0,1,9,6,0,0,0,0,0,0,0,24.0,0,Clear,1.0,5,51.3,130,Moderate,Central Cafeteria,Meals,Standard,114,78.3,121,115,6,5.0,0,62,56.5,196,0,Ample,Low Activity,EXP-0266,USER_PREPARED_CAMPUS_DATA
2026-09-10,Morning,0,Medium,Mid,0,None,44,20,120,0,36.7,43,Balanced,29,250,11.6,0.27,8,Thursday,3,0,0,9,6,0,0,0,0,0,0,0,24.0,0,Clear,1.0,5,51.3,130,Low,Central Cafeteria,Meals,Standard,115,78.3,45,43,2,4.4,0,66,56.5,196,0,Ample,Low Activity,EXP-0267,USER_PREPARED_CAMPUS_DATA
2026-09-10,Late Morning,1,Medium,Mid,0,None,28,44,120,0,23.3,38,Balanced,36,250,14.4,0.21,10,Thursday,3,0,0,9,6,0,0,0,0,0,0,0,24.0,0,Clear,1.0,5,51.3,130,Low,Central Cafeteria,Meals,Standard,43,78.3,40,38,2,5.0,0,29,56.5,196,0,Ample,Low Activity,EXP-0268,USER_PREPARED_CAMPUS_DATA
2026-09-10,Noon / Lunch,5,Medium,Mid,0,None,18,28,120,0,15.0,152,Shortage Risk,45,250,18.0,0.4,12,Thursday,3,0,1,9,6,0,0,0,0,0,0,0,24.0,0,Clear,1.0,5,51.3,130,Low,Central Cafeteria,Meals,Standard,38,78.3,129,129,0,0.0,23,36,56.5,196,0,Ample,Low Activity,EXP-0269,USER_PREPARED_CAMPUS_DATA
2026-09-10,Afternoon,2,Medium,Mid,0,None,22,18,120,0,18.3,52,Balanced,52,250,20.8,0.22,14,Thursday,3,0,1,9,6,0,0,0,0,0,0,0,24.0,0,Clear,1.0,5,51.3,130,Low,Central Cafeteria,Meals,Standard,152,78.3,55,52,3,5.5,0,45,56.5,196,0,Ample,Low Activity,EXP-0270,USER_PREPARED_CAMPUS_DATA
2026-09-10,Afternoon,7,Medium,Mid,0,None,76,22,120,0,63.3,72,Balanced,35,250,14.0,0.45,16,Thursday,3,0,0,9,6,0,0,0,0,0,0,0,24.0,0,Clear,1.0,5,51.3,130,Moderate,Central Cafeteria,Meals,Standard,52,78.3,76,72,4,5.3,0,52,56.5,196,0,Ample,Low Activity,EXP-0271,USER_PREPARED_CAMPUS_DATA
2026-09-10,Evening Peak,0,Medium,Mid,0,None,81,76,120,0,67.5,91,Balanced,59,250,23.6,0.53,18,Thursday,3,0,1,9,6,0,0,0,0,0,0,0,24.0,0,Clear,1.0,5,51.3,130,Moderate,Central Cafeteria,Meals,Standard,72,78.3,96,91,5,5.2,0,35,56.5,196,0,Ample,Low Activity,EXP-0272,USER_PREPARED_CAMPUS_DATA
2026-09-10,Night,0,Medium,Mid,0,None,62,81,120,0,51.7,95,Balanced,67,250,26.8,0.47,20,Thursday,3,0,1,9,6,0,0,0,0,0,0,0,24.0,0,Clear,1.0,5,51.3,130,Low,Central Cafeteria,Meals,Standard,91,78.3,100,95,5,5.0,0,59,56.5,196,0,Ample,Low Activity,EXP-0273,USER_PREPARED_CAMPUS_DATA
2026-09-11,Morning,1,Low,Mid,0,None,38,20,120,0,31.7,48,Balanced,38,250,15.2,0.27,8,Friday,4,0,0,9,6,0,0,0,0,0,0,0,24.0,0,Clear,1.0,5,51.3,130,Low,Central Cafeteria,Meals,Standard,95,78.3,50,48,2,4.0,0,67,56.5,196,0,Ample,Low Activity,EXP-0274,USER_PREPARED_CAMPUS_DATA
2026-09-11,Late Morning,0,Low,Mid,0,None,23,38,120,0,19.2,33,Balanced,37,250,14.8,0.18,10,Friday,4,0,0,9,6,0,0,0,0,0,0,0,24.0,0,Clear,1.0,5,51.3,130,Low,Central Cafeteria,Meals,Standard,48,78.3,35,33,2,5.7,0,38,56.5,196,0,Ample,Low Activity,EXP-0275,USER_PREPARED_CAMPUS_DATA
2026-09-11,Noon / Lunch,8,Low,Mid,0,None,20,23,120,0,16.7,139,Shortage Risk,48,250,19.2,0.38,12,Friday,4,0,1,9,6,0,0,0,0,0,0,0,24.0,0,Clear,1.0,5,51.3,130,Low,Central Cafeteria,Meals,Standard,33,78.3,118,118,0,0.0,21,37,56.5,196,0,Ample,Low Activity,EXP-0276,USER_PREPARED_CAMPUS_DATA
2026-09-11,Afternoon,2,Low,Mid,0,None,24,20,120,0,20.0,53,Balanced,30,250,12.0,0.22,14,Friday,4,0,1,9,6,0,0,0,0,0,0,0,24.0,0,Clear,1.0,5,51.3,130,Low,Central Cafeteria,Meals,Standard,139,78.3,56,53,3,5.4,0,48,56.5,196,0,Ample,Low Activity,EXP-0277,USER_PREPARED_CAMPUS_DATA
2026-09-11,Afternoon,5,Low,Mid,0,None,83,24,120,0,69.2,58,Balanced,34,250,13.6,0.45,16,Friday,4,0,0,9,6,0,0,0,0,0,0,0,24.0,0,Clear,1.0,5,51.3,130,Moderate,Central Cafeteria,Meals,Standard,53,78.3,61,58,3,4.9,0,30,56.5,196,0,Ample,Low Activity,EXP-0278,USER_PREPARED_CAMPUS_DATA
2026-09-11,Evening Peak,2,Low,Mid,0,None,82,83,120,0,68.3,101,Balanced,66,250,26.4,0.56,18,Friday,4,0,1,9,6,0,0,0,0,0,0,0,24.0,0,Clear,1.0,5,51.3,130,Moderate,Central Cafeteria,Meals,Standard,58,78.3,106,101,5,4.7,0,34,56.5,196,0,Ample,Low Activity,EXP-0279,USER_PREPARED_CAMPUS_DATA
2026-09-11,Night,0,Low,Mid,0,None,70,82,120,0,58.3,96,Balanced,62,250,24.8,0.5,20,Friday,4,0,1,9,6,0,0,0,0,0,0,0,24.0,0,Clear,1.0,5,51.3,130,Low,Central Cafeteria,Meals,Standard,101,78.3,101,96,5,5.0,0,66,56.5,196,0,Ample,Low Activity,EXP-0280,USER_PREPARED_CAMPUS_DATA
2026-09-12,Morning,0,Medium,Mid,0,None,58,20,120,0,48.3,28,Balanced,15,250,6.0,0.28,8,Saturday,5,1,0,9,6,0,0,0,0,0,0,0,24.0,0,Clear,1.0,5,51.3,130,Low,Central Cafeteria,Meals,Standard,96,78.3,29,28,1,3.4,0,62,56.5,196,0,Ample,Low Activity,EXP-0281,USER_PREPARED_CAMPUS_DATA
2026-09-12,Late Morning,0,Medium,Mid,0,None,43,58,120,0,35.8,36,Balanced,26,250,10.4,0.25,10,Saturday,5,1,0,9,6,0,0,0,0,0,0,0,24.0,0,Clear,1.0,5,51.3,130,Low,Central Cafeteria,Meals,Standard,28,78.3,38,36,2,5.3,0,15,56.5,196,0,Ample,Low Activity,EXP-0282,USER_PREPARED_CAMPUS_DATA
2026-09-12,Noon / Lunch,0,Medium,Mid,0,None,36,43,120,0,30.0,116,Balanced,17,250,6.8,0.37,12,Saturday,5,1,1,9,6,0,0,0,0,0,0,0,24.0,0,Clear,1.0,5,51.3,130,Low,Central Cafeteria,Meals,Standard,36,78.3,122,116,6,4.9,0,26,56.5,196,0,Ample,Low Activity,EXP-0283,USER_PREPARED_CAMPUS_DATA
2026-09-12,Afternoon,0,Medium,Mid,0,None,36,36,120,0,30.0,37,Balanced,39,250,15.6,0.24,14,Saturday,5,1,1,9,6,0,0,0,0,0,0,0,24.0,0,Clear,1.0,5,51.3,130,Low,Central Cafeteria,Meals,Standard,116,78.3,39,37,2,5.1,0,17,56.5,196,0,Ample,Low Activity,EXP-0284,USER_PREPARED_CAMPUS_DATA
2026-09-12,Afternoon,0,Medium,Mid,0,None,93,36,120,0,77.5,39,Balanced,24,250,9.6,0.44,16,Saturday,5,1,0,9,6,0,0,0,0,0,0,0,24.0,0,Clear,1.0,5,51.3,130,Moderate,Central Cafeteria,Meals,Standard,37,78.3,41,39,2,4.9,0,39,56.5,196,0,Ample,Low Activity,EXP-0285,USER_PREPARED_CAMPUS_DATA
2026-09-12,Evening Peak,0,Medium,Mid,0,None,105,93,120,1,87.5,112,Balanced,67,250,26.8,0.66,18,Saturday,5,1,1,9,6,0,0,0,0,0,0,0,24.0,0,Clear,1.0,5,51.3,130,High,Central Cafeteria,Meals,Standard,39,78.3,118,112,6,5.1,0,24,56.5,196,0,Ample,Low Activity,EXP-0286,USER_PREPARED_CAMPUS_DATA
2026-09-12,Night,0,Medium,Mid,0,None,79,105,120,0,65.8,95,Balanced,83,250,33.2,0.55,20,Saturday,5,1,1,9,6,0,0,0,0,0,0,0,24.0,0,Clear,1.0,5,51.3,130,Moderate,Central Cafeteria,Meals,Standard,112,78.3,100,95,5,5.0,0,67,56.5,196,0,Ample,Low Activity,EXP-0287,USER_PREPARED_CAMPUS_DATA
2026-09-13,Morning,0,Medium,Mid,0,None,50,20,120,0,41.7,50,Balanced,25,250,10.0,0.3,8,Sunday,6,1,0,9,6,0,0,0,0,0,0,0,24.0,0,Clear,1.0,5,51.3,130,Low,Central Cafeteria,Meals,Standard,95,78.3,52,50,2,3.8,0,83,56.5,196,0,Ample,Low Activity,EXP-0288,USER_PREPARED_CAMPUS_DATA
2026-09-13,Late Morning,0,Medium,Mid,0,None,38,50,120,0,31.7,60,Balanced,21,250,8.4,0.28,10,Sunday,6,1,0,9,6,0,0,0,0,0,0,0,24.0,0,Clear,1.0,5,51.3,130,Low,Central Cafeteria,Meals,Standard,50,78.3,63,60,3,4.8,0,25,56.5,196,0,Ample,Low Activity,EXP-0289,USER_PREPARED_CAMPUS_DATA
2026-09-13,Noon / Lunch,0,Medium,Mid,0,None,28,38,120,0,23.3,127,Balanced,33,250,13.2,0.38,12,Sunday,6,1,1,9,6,0,0,0,0,0,0,0,24.0,0,Clear,1.0,5,51.3,130,Low,Central Cafeteria,Meals,Standard,60,78.3,133,127,6,4.5,0,21,56.5,196,0,Ample,Low Activity,EXP-0290,USER_PREPARED_CAMPUS_DATA
2026-09-13,Afternoon,0,Medium,Mid,0,None,39,28,120,0,32.5,22,Balanced,40,250,16.0,0.22,14,Sunday,6,1,1,9,6,0,0,0,0,0,0,0,24.0,0,Clear,1.0,5,51.3,130,Low,Central Cafeteria,Meals,Standard,127,78.3,23,22,1,4.3,0,33,56.5,196,0,Ample,Low Activity,EXP-0291,USER_PREPARED_CAMPUS_DATA
2026-09-13,Afternoon,0,Medium,Mid,0,None,94,39,120,0,78.3,63,Balanced,27,250,10.8,0.5,16,Sunday,6,1,0,9,6,0,0,0,0,0,0,0,24.0,0,Clear,1.0,5,51.3,130,Moderate,Central Cafeteria,Meals,Standard,22,78.3,66,63,3,4.5,0,40,56.5,196,0,Ample,Low Activity,EXP-0292,USER_PREPARED_CAMPUS_DATA
2026-09-13,Evening Peak,0,Medium,Mid,0,None,104,94,120,1,86.7,93,Balanced,63,250,25.2,0.62,18,Sunday,6,1,1,9,6,0,0,0,0,0,0,0,24.0,0,Clear,1.0,5,51.3,130,High,Central Cafeteria,Meals,Standard,63,78.3,98,93,5,5.1,0,27,56.5,196,0,Ample,Low Activity,EXP-0293,USER_PREPARED_CAMPUS_DATA
2026-09-13,Night,0,Medium,Mid,0,None,77,104,120,0,64.2,124,Balanced,74,250,29.6,0.59,20,Sunday,6,1,1,9,6,0,0,0,0,0,0,0,24.0,0,Clear,1.0,5,51.3,130,Moderate,Central Cafeteria,Meals,Standard,93,78.3,130,124,6,4.6,0,63,56.5,196,0,Ample,Low Activity,EXP-0294,USER_PREPARED_CAMPUS_DATA
2026-09-14,Morning,1,High,Mid,0,None,19,20,120,0,15.8,25,Balanced,132,250,52.8,0.22,8,Monday,0,0,0,9,7,1,1,1,0,0,0,0,24.0,0,Clear,1.0,5,51.3,130,Low,Central Cafeteria,Meals,Standard,124,78.3,26,25,1,3.8,0,74,56.5,196,0,Moderate,Low Activity,EXP-0295,USER_PREPARED_CAMPUS_DATA
2026-09-14,Late Morning,1,High,Mid,0,None,6,19,120,0,5.0,39,Balanced,138,250,55.2,0.21,10,Monday,0,0,0,9,7,1,1,1,0,0,0,0,24.0,0,Clear,1.0,5,51.3,130,Low,Central Cafeteria,Meals,Standard,25,78.3,41,39,2,4.9,0,132,56.5,196,0,Moderate,Low Activity,EXP-0296,USER_PREPARED_CAMPUS_DATA
2026-09-14,Noon / Lunch,6,High,Mid,0,None,6,6,120,0,5.0,130,Balanced,164,250,65.6,0.41,12,Monday,0,0,1,9,7,1,1,1,0,0,0,0,24.0,0,Clear,1.0,5,51.3,130,Low,Central Cafeteria,Meals,Standard,39,78.3,136,130,6,4.4,0,138,56.5,196,0,Moderate,Low Activity,EXP-0297,USER_PREPARED_CAMPUS_DATA
2026-09-14,Afternoon,2,High,Mid,0,None,6,6,120,0,5.0,48,Balanced,147,250,58.8,0.23,14,Monday,0,0,1,9,7,1,1,1,0,0,0,0,24.0,0,Clear,1.0,5,51.3,130,Low,Central Cafeteria,Meals,Standard,130,78.3,50,48,2,4.0,0,164,56.5,196,0,Moderate,Low Activity,EXP-0298,USER_PREPARED_CAMPUS_DATA
2026-09-14,Afternoon,6,High,Mid,0,None,48,6,120,0,40.0,39,Balanced,138,250,55.2,0.37,16,Monday,0,0,0,9,7,1,1,1,0,0,0,0,24.0,0,Clear,1.0,5,51.3,130,Low,Central Cafeteria,Meals,Standard,48,78.3,41,39,2,4.9,0,147,56.5,196,0,Moderate,Low Activity,EXP-0299,USER_PREPARED_CAMPUS_DATA
2026-09-14,Evening Peak,1,High,Mid,0,None,53,48,120,0,44.2,117,Balanced,177,250,70.8,0.57,18,Monday,0,0,1,9,7,1,1,1,0,0,0,0,24.0,0,Clear,1.0,5,51.3,130,Low,Central Cafeteria,Meals,Standard,39,78.3,123,117,6,4.9,0,138,56.5,196,0,Moderate,Low Activity,EXP-0300,USER_PREPARED_CAMPUS_DATA
2026-09-14,Night,1,High,Mid,0,None,45,53,120,0,37.5,111,Balanced,182,250,72.8,0.53,20,Monday,0,0,1,9,7,1,1,1,0,0,0,0,24.0,0,Clear,1.0,5,51.3,130,Low,Central Cafeteria,Meals,Standard,117,78.3,117,111,6,5.1,0,177,56.5,196,0,Moderate,Low Activity,EXP-0301,USER_PREPARED_CAMPUS_DATA
2026-09-15,Morning,2,High,Mid,0,None,17,20,120,0,14.2,41,Balanced,134,250,53.6,0.25,8,Tuesday,1,0,0,9,7,1,1,1,0,0,0,0,24.0,0,Clear,1.0,5,51.3,130,Low,Central Cafeteria,Meals,Standard,111,78.3,43,41,2,4.7,0,182,56.5,196,0,Moderate,Low Activity,EXP-0302,USER_PREPARED_CAMPUS_DATA
2026-09-15,Late Morning,0,High,Mid,0,None,6,17,120,0,5.0,30,Balanced,152,250,60.8,0.2,10,Tuesday,1,0,0,9,7,1,1,1,0,0,0,0,24.0,0,Clear,1.0,5,51.3,130,Low,Central Cafeteria,Meals,Standard,41,78.3,32,30,2,6.2,0,134,56.5,196,0,Moderate,Low Activity,EXP-0303,USER_PREPARED_CAMPUS_DATA
2026-09-15,Noon / Lunch,5,High,Mid,0,None,6,6,120,0,5.0,165,Shortage Risk,164,250,65.6,0.48,12,Tuesday,1,0,1,9,7,1,1,1,0,0,0,0,24.0,0,Clear,1.0,5,51.3,130,Low,Central Cafeteria,Meals,Standard,30,78.3,140,140,0,0.0,25,152,56.5,196,0,Moderate,Low Activity,EXP-0304,USER_PREPARED_CAMPUS_DATA
2026-09-15,Afternoon,0,High,Mid,0,None,6,6,120,0,5.0,19,Balanced,152,250,60.8,0.18,14,Tuesday,1,0,1,9,7,1,1,1,0,0,0,0,24.0,0,Clear,1.0,5,51.3,130,Low,Central Cafeteria,Meals,Standard,165,78.3,20,19,1,5.0,0,164,56.5,196,0,Moderate,Low Activity,EXP-0305,USER_PREPARED_CAMPUS_DATA
2026-09-15,Afternoon,7,High,Mid,0,None,51,6,120,0,42.5,57,Balanced,146,250,58.4,0.42,16,Tuesday,1,0,0,9,7,1,1,1,0,0,0,0,24.0,0,Clear,1.0,5,51.3,130,Low,Central Cafeteria,Meals,Standard,19,78.3,60,57,3,5.0,0,152,56.5,196,0,Moderate,Low Activity,EXP-0306,USER_PREPARED_CAMPUS_DATA
2026-09-15,Evening Peak,0,High,Mid,0,None,57,51,120,0,47.5,116,Balanced,165,250,66.0,0.57,18,Tuesday,1,0,1,9,7,1,1,1,0,0,0,0,24.0,0,Clear,1.0,5,51.3,130,Low,Central Cafeteria,Meals,Standard,57,78.3,122,116,6,4.9,0,146,56.5,196,0,Moderate,Low Activity,EXP-0307,USER_PREPARED_CAMPUS_DATA
2026-09-15,Night,1,High,Mid,0,None,28,57,120,0,23.3,117,Balanced,189,250,75.6,0.48,20,Tuesday,1,0,1,9,7,1,1,1,0,0,0,0,24.0,0,Clear,1.0,5,51.3,130,Low,Central Cafeteria,Meals,Standard,116,78.3,123,117,6,4.9,0,165,56.5,196,0,Limited,Low Activity,EXP-0308,USER_PREPARED_CAMPUS_DATA
2026-09-16,Morning,0,High,Mid,0,None,13,20,120,0,10.8,38,Balanced,138,250,55.2,0.23,8,Wednesday,2,0,0,9,7,1,1,1,0,0,0,0,24.0,0,Clear,1.0,5,51.3,130,Low,Central Cafeteria,Meals,Standard,117,78.3,40,38,2,5.0,0,189,56.5,196,0,Moderate,Low Activity,EXP-0309,USER_PREPARED_CAMPUS_DATA
2026-09-16,Late Morning,1,High,Mid,0,None,6,13,120,0,5.0,49,Balanced,142,250,56.8,0.23,10,Wednesday,2,0,0,9,7,1,1,1,0,0,0,0,24.0,0,Clear,1.0,5,51.3,130,Low,Central Cafeteria,Meals,Standard,38,78.3,51,49,2,3.9,0,138,56.5,196,0,Moderate,Low Activity,EXP-0310,USER_PREPARED_CAMPUS_DATA
2026-09-16,Noon / Lunch,6,High,Mid,0,None,6,6,120,0,5.0,136,Shortage Risk,170,250,68.0,0.42,12,Wednesday,2,0,1,9,7,1,1,1,0,0,0,0,24.0,0,Clear,1.0,5,51.3,130,Low,Central Cafeteria,Meals,Standard,49,78.3,116,116,0,0.0,20,142,56.5,196,0,Moderate,Low Activity,EXP-0311,USER_PREPARED_CAMPUS_DATA
2026-09-16,Afternoon,0,High,Mid,0,None,6,6,120,0,5.0,37,Balanced,162,250,64.8,0.22,14,Wednesday,2,0,1,9,7,1,1,1,0,0,0,0,24.0,0,Clear,1.0,5,51.3,130,Low,Central Cafeteria,Meals,Standard,136,78.3,39,37,2,5.1,0,170,56.5,196,0,Moderate,Low Activity,EXP-0312,USER_PREPARED_CAMPUS_DATA
2026-09-16,Afternoon,8,High,Mid,0,None,40,6,120,0,33.3,37,Balanced,137,250,54.8,0.33,16,Wednesday,2,0,0,9,7,1,1,1,0,0,0,0,24.0,0,Clear,1.0,5,51.3,130,Low,Central Cafeteria,Meals,Standard,37,78.3,39,37,2,5.1,0,162,56.5,196,0,Moderate,Low Activity,EXP-0313,USER_PREPARED_CAMPUS_DATA
2026-09-16,Evening Peak,1,High,Mid,0,None,56,40,120,0,46.7,124,Balanced,171,250,68.4,0.59,18,Wednesday,2,0,1,9,7,1,1,1,0,0,0,0,24.0,0,Clear,1.0,5,51.3,130,Low,Central Cafeteria,Meals,Standard,37,78.3,130,124,6,4.6,0,137,56.5,196,0,Moderate,Low Activity,EXP-0314,USER_PREPARED_CAMPUS_DATA
2026-09-16,Night,0,High,Mid,0,None,39,56,120,0,32.5,109,Balanced,196,250,78.4,0.52,20,Wednesday,2,0,1,9,7,1,1,1,0,0,0,0,24.0,0,Clear,1.0,5,51.3,130,Low,Central Cafeteria,Meals,Standard,124,78.3,114,109,5,4.4,0,171,56.5,196,0,Limited,Low Activity,EXP-0315,USER_PREPARED_CAMPUS_DATA
2026-09-17,Morning,2,High,Mid,0,None,13,20,120,0,10.8,53,Balanced,137,250,54.8,0.26,8,Thursday,3,0,0,9,7,1,1,1,0,0,0,0,24.0,0,Clear,1.0,5,51.3,130,Low,Central Cafeteria,Meals,Standard,109,78.3,56,53,3,5.4,0,196,56.5,196,0,Moderate,Low Activity,EXP-0316,USER_PREPARED_CAMPUS_DATA
2026-09-17,Late Morning,0,High,Mid,0,None,6,13,120,0,5.0,42,Balanced,143,250,57.2,0.22,10,Thursday,3,0,0,9,7,1,1,1,0,0,0,0,24.0,0,Clear,1.0,5,51.3,130,Low,Central Cafeteria,Meals,Standard,53,78.3,44,42,2,4.5,0,137,56.5,196,0,Moderate,Low Activity,EXP-0317,USER_PREPARED_CAMPUS_DATA
2026-09-17,Noon / Lunch,8,High,Mid,0,None,6,6,120,0,5.0,155,Shortage Risk,170,250,68.0,0.46,12,Thursday,3,0,1,9,7,1,1,1,0,0,0,0,24.0,0,Clear,1.0,5,51.3,130,Low,Central Cafeteria,Meals,Standard,42,78.3,132,132,0,0.0,23,143,56.5,196,0,Moderate,Low Activity,EXP-0318,USER_PREPARED_CAMPUS_DATA
2026-09-17,Afternoon,0,High,Mid,0,None,6,6,120,0,5.0,32,Balanced,170,250,68.0,0.22,14,Thursday,3,0,1,9,7,1,1,1,0,0,0,0,24.0,0,Clear,1.0,5,51.3,130,Low,Central Cafeteria,Meals,Standard,155,78.3,34,32,2,5.9,0,170,56.5,196,0,Moderate,Low Activity,EXP-0319,USER_PREPARED_CAMPUS_DATA
2026-09-17,Afternoon,6,High,Mid,0,None,43,6,120,0,35.8,47,Balanced,139,250,55.6,0.36,16,Thursday,3,0,0,9,7,1,1,1,0,0,0,0,24.0,0,Clear,1.0,5,51.3,130,Low,Central Cafeteria,Meals,Standard,32,78.3,49,47,2,4.1,0,170,56.5,196,0,Moderate,Low Activity,EXP-0320,USER_PREPARED_CAMPUS_DATA
2026-09-17,Evening Peak,2,High,Mid,0,None,52,43,120,0,43.3,109,Balanced,164,250,65.6,0.54,18,Thursday,3,0,1,9,7,1,1,1,0,0,0,0,24.0,0,Clear,1.0,5,51.3,130,Low,Central Cafeteria,Meals,Standard,47,78.3,114,109,5,4.4,0,139,56.5,196,0,Moderate,Low Activity,EXP-0321,USER_PREPARED_CAMPUS_DATA
2026-09-17,Night,0,High,Mid,0,None,41,52,120,0,34.2,103,Balanced,192,250,76.8,0.51,20,Thursday,3,0,1,9,7,1,1,1,0,0,0,0,24.0,0,Clear,1.0,5,51.3,130,Low,Central Cafeteria,Meals,Standard,109,78.3,108,103,5,4.6,0,164,56.5,196,0,Limited,Low Activity,EXP-0322,USER_PREPARED_CAMPUS_DATA
2026-09-18,Morning,0,High,Mid,0,None,10,20,120,0,8.3,18,Balanced,142,250,56.8,0.19,8,Friday,4,0,0,9,7,1,1,1,0,0,0,0,24.0,0,Clear,1.0,5,51.3,130,Low,Central Cafeteria,Meals,Standard,103,78.3,19,18,1,5.3,0,192,56.5,196,0,Moderate,Low Activity,EXP-0323,USER_PREPARED_CAMPUS_DATA
2026-09-18,Late Morning,2,High,Mid,0,None,6,10,120,0,5.0,50,Balanced,139,250,55.6,0.23,10,Friday,4,0,0,9,7,1,1,1,0,0,0,0,24.0,0,Clear,1.0,5,51.3,130,Low,Central Cafeteria,Meals,Standard,18,78.3,52,50,2,3.8,0,142,56.5,196,0,Moderate,Low Activity,EXP-0324,USER_PREPARED_CAMPUS_DATA
2026-09-18,Noon / Lunch,7,High,Mid,0,None,6,6,120,0,5.0,162,Shortage Risk,150,250,60.0,0.46,12,Friday,4,0,1,9,7,1,1,1,0,0,0,0,24.0,0,Clear,1.0,5,51.3,130,Low,Central Cafeteria,Meals,Standard,50,78.3,138,138,0,0.0,24,139,56.5,196,0,Moderate,Low Activity,EXP-0325,USER_PREPARED_CAMPUS_DATA
2026-09-18,Afternoon,0,High,Mid,0,None,6,6,120,0,5.0,30,Balanced,165,250,66.0,0.21,14,Friday,4,0,1,9,7,1,1,1,0,0,0,0,24.0,0,Clear,1.0,5,51.3,130,Low,Central Cafeteria,Meals,Standard,162,78.3,32,30,2,6.2,0,150,56.5,196,0,Moderate,Low Activity,EXP-0326,USER_PREPARED_CAMPUS_DATA
2026-09-18,Afternoon,6,High,Mid,0,None,41,6,120,0,34.2,58,Balanced,139,250,55.6,0.38,16,Friday,4,0,0,9,7,1,1,1,0,0,0,0,24.0,0,Clear,1.0,5,51.3,130,Low,Central Cafeteria,Meals,Standard,30,78.3,61,58,3,4.9,0,165,56.5,196,0,Moderate,Low Activity,EXP-0327,USER_PREPARED_CAMPUS_DATA
2026-09-18,Evening Peak,1,High,Mid,0,None,59,41,120,0,49.2,89,Balanced,177,250,70.8,0.54,18,Friday,4,0,1,9,7,1,1,1,0,0,0,0,24.0,0,Clear,1.0,5,51.3,130,Low,Central Cafeteria,Meals,Standard,58,78.3,93,89,4,4.3,0,139,56.5,196,0,Moderate,Low Activity,EXP-0328,USER_PREPARED_CAMPUS_DATA
2026-09-18,Night,0,High,Mid,0,None,40,59,120,0,33.3,112,Balanced,178,250,71.2,0.51,20,Friday,4,0,1,9,7,1,1,1,0,0,0,0,24.0,0,Clear,1.0,5,51.3,130,Low,Central Cafeteria,Meals,Standard,89,78.3,118,112,6,5.1,0,177,56.5,196,0,Moderate,Low Activity,EXP-0329,USER_PREPARED_CAMPUS_DATA
2026-09-19,Morning,0,High,Mid,0,None,24,20,120,0,20.0,38,Balanced,141,250,56.4,0.28,8,Saturday,5,1,0,9,7,1,1,1,0,0,0,0,24.0,0,Clear,1.0,5,51.3,130,Low,Central Cafeteria,Meals,Standard,112,78.3,40,38,2,5.0,0,178,56.5,196,0,Moderate,Low Activity,EXP-0330,USER_PREPARED_CAMPUS_DATA
2026-09-19,Late Morning,0,High,Mid,0,None,6,24,120,0,5.0,24,Balanced,144,250,57.6,0.18,10,Saturday,5,1,0,9,7,1,1,1,0,0,0,0,24.0,0,Clear,1.0,5,51.3,130,Low,Central Cafeteria,Meals,Standard,38,78.3,25,24,1,4.0,0,141,56.5,196,0,Moderate,Low Activity,EXP-0331,USER_PREPARED_CAMPUS_DATA
2026-09-19,Noon / Lunch,0,High,Mid,0,None,6,6,120,0,5.0,134,Balanced,148,250,59.2,0.4,12,Saturday,5,1,1,9,7,1,1,1,0,0,0,0,24.0,0,Clear,1.0,5,51.3,130,Low,Central Cafeteria,Meals,Standard,24,78.3,141,134,7,5.0,0,144,56.5,196,0,Moderate,Low Activity,EXP-0332,USER_PREPARED_CAMPUS_DATA
2026-09-19,Afternoon,0,High,Mid,0,None,9,6,120,0,7.5,47,Balanced,148,250,59.2,0.24,14,Saturday,5,1,1,9,7,1,1,1,0,0,0,0,24.0,0,Clear,1.0,5,51.3,130,Low,Central Cafeteria,Meals,Standard,134,78.3,49,47,2,4.1,0,148,56.5,196,0,Moderate,Low Activity,EXP-0333,USER_PREPARED_CAMPUS_DATA
2026-09-19,Afternoon,0,High,Mid,0,None,57,9,120,0,47.5,32,Balanced,132,250,52.8,0.38,16,Saturday,5,1,0,9,7,1,1,1,0,0,0,0,24.0,0,Clear,1.0,5,51.3,130,Low,Central Cafeteria,Meals,Standard,47,78.3,34,32,2,5.9,0,148,56.5,196,0,Moderate,Low Activity,EXP-0334,USER_PREPARED_CAMPUS_DATA
2026-09-19,Evening Peak,0,High,Mid,0,None,76,57,120,0,63.3,112,Balanced,189,250,75.6,0.65,18,Saturday,5,1,1,9,7,1,1,1,0,0,0,0,24.0,0,Clear,1.0,5,51.3,130,Moderate,Central Cafeteria,Meals,Standard,32,78.3,118,112,6,5.1,0,132,56.5,196,0,Limited,Low Activity,EXP-0335,USER_PREPARED_CAMPUS_DATA
2026-09-19,Night,0,High,Mid,1,Sports_Tournament,101,76,120,1,84.2,150,Shortage Risk,196,250,78.4,0.83,20,Saturday,5,1,1,9,7,1,1,1,1,1,0,80,24.0,0,Clear,1.0,5,51.3,130,High,Central Cafeteria,Meals,Standard,112,78.3,128,128,0,0.0,22,189,56.5,196,0,Limited,Low Activity,EXP-0336,USER_PREPARED_CAMPUS_DATA
2026-09-20,Morning,0,High,Mid,0,None,30,20,120,0,25.0,34,Balanced,151,250,60.4,0.3,8,Sunday,6,1,0,9,7,1,1,1,0,0,0,0,24.0,0,Clear,1.0,5,51.3,130,Low,Central Cafeteria,Meals,Standard,150,78.3,36,34,2,5.6,0,196,56.5,196,0,Moderate,Low Activity,EXP-0337,USER_PREPARED_CAMPUS_DATA
2026-09-20,Late Morning,0,High,Mid,0,None,6,30,120,0,5.0,25,Balanced,138,250,55.2,0.18,10,Sunday,6,1,0,9,7,1,1,1,0,0,0,0,24.0,0,Clear,1.0,5,51.3,130,Low,Central Cafeteria,Meals,Standard,34,78.3,26,25,1,3.8,0,151,56.5,196,0,Moderate,Low Activity,EXP-0338,USER_PREPARED_CAMPUS_DATA
2026-09-20,Noon / Lunch,0,High,Mid,0,None,13,6,120,0,10.8,120,Balanced,134,250,53.6,0.39,12,Sunday,6,1,1,9,7,1,1,1,0,0,0,0,24.0,0,Clear,1.0,5,51.3,130,Low,Central Cafeteria,Meals,Standard,25,78.3,126,120,6,4.8,0,138,56.5,196,0,Moderate,Low Activity,EXP-0339,USER_PREPARED_CAMPUS_DATA
2026-09-20,Afternoon,0,High,Mid,0,None,6,13,120,0,5.0,47,Balanced,132,250,52.8,0.22,14,Sunday,6,1,1,9,7,1,1,1,0,0,0,0,24.0,0,Clear,1.0,5,51.3,130,Low,Central Cafeteria,Meals,Standard,120,78.3,49,47,2,4.1,0,134,56.5,196,0,Moderate,Low Activity,EXP-0340,USER_PREPARED_CAMPUS_DATA
2026-09-20,Afternoon,0,High,Mid,0,None,60,6,120,0,50.0,35,Balanced,145,250,58.0,0.41,16,Sunday,6,1,0,9,7,1,1,1,0,0,0,0,24.0,0,Clear,1.0,5,51.3,130,Low,Central Cafeteria,Meals,Standard,47,78.3,37,35,2,5.4,0,132,56.5,196,0,Moderate,Low Activity,EXP-0341,USER_PREPARED_CAMPUS_DATA
2026-09-20,Evening Peak,0,High,Mid,0,None,78,60,120,0,65.0,115,Balanced,192,250,76.8,0.67,18,Sunday,6,1,1,9,7,1,1,1,0,0,0,0,24.0,0,Clear,1.0,5,51.3,130,Moderate,Central Cafeteria,Meals,Standard,35,78.3,121,115,6,5.0,0,145,56.5,196,0,Limited,Low Activity,EXP-0342,USER_PREPARED_CAMPUS_DATA
2026-09-20,Night,0,High,Mid,0,None,56,78,120,0,46.7,111,Balanced,174,250,69.6,0.56,20,Sunday,6,1,1,9,7,1,1,1,0,0,0,0,24.0,0,Clear,1.0,5,51.3,130,Low,Central Cafeteria,Meals,Standard,115,78.3,117,111,6,5.1,0,192,56.5,196,0,Moderate,Low Activity,EXP-0343,USER_PREPARED_CAMPUS_DATA
2026-09-21,Morning,2,High,Mid,0,None,12,20,120,0,10.0,44,Balanced,133,250,53.2,0.24,8,Monday,0,0,0,9,8,1,1,1,0,0,0,0,24.0,0,Clear,1.0,5,51.3,130,Low,Central Cafeteria,Meals,Standard,111,78.3,46,44,2,4.3,0,174,56.5,196,0,Moderate,Low Activity,EXP-0344,USER_PREPARED_CAMPUS_DATA
2026-09-21,Late Morning,1,High,Mid,0,None,6,12,120,0,5.0,22,Balanced,151,250,60.4,0.19,10,Monday,0,0,0,9,8,1,1,1,0,0,0,0,24.0,0,Clear,1.0,5,51.3,130,Low,Central Cafeteria,Meals,Standard,44,78.3,23,22,1,4.3,0,133,56.5,196,0,Moderate,Low Activity,EXP-0345,USER_PREPARED_CAMPUS_DATA
2026-09-21,Noon / Lunch,5,High,Mid,0,None,6,6,120,0,5.0,131,Balanced,164,250,65.6,0.41,12,Monday,0,0,1,9,8,1,1,1,0,0,0,0,24.0,0,Clear,1.0,5,51.3,130,Low,Central Cafeteria,Meals,Standard,22,78.3,138,131,7,5.1,0,151,56.5,196,0,Moderate,Low Activity,EXP-0346,USER_PREPARED_CAMPUS_DATA
2026-09-21,Afternoon,0,High,Mid,0,None,6,6,120,0,5.0,35,Balanced,153,250,61.2,0.21,14,Monday,0,0,1,9,8,1,1,1,0,0,0,0,24.0,0,Clear,1.0,5,51.3,130,Low,Central Cafeteria,Meals,Standard,131,78.3,37,35,2,5.4,0,164,56.5,196,0,Moderate,Low Activity,EXP-0347,USER_PREPARED_CAMPUS_DATA
2026-09-21,Afternoon,7,High,Mid,0,None,44,6,120,0,36.7,53,Balanced,151,250,60.4,0.39,16,Monday,0,0,0,9,8,1,1,1,0,0,0,0,24.0,0,Clear,1.0,5,51.3,130,Low,Central Cafeteria,Meals,Standard,35,78.3,56,53,3,5.4,0,153,56.5,196,0,Moderate,Low Activity,EXP-0348,USER_PREPARED_CAMPUS_DATA
2026-09-21,Evening Peak,2,High,Mid,0,None,53,44,120,0,44.2,117,Balanced,176,250,70.4,0.57,18,Monday,0,0,1,9,8,1,1,1,0,0,0,0,24.0,0,Clear,1.0,5,51.3,130,Low,Central Cafeteria,Meals,Standard,53,78.3,123,117,6,4.9,0,151,56.5,196,0,Moderate,Low Activity,EXP-0349,USER_PREPARED_CAMPUS_DATA
2026-09-21,Night,1,High,Mid,1,Sports_Tournament,81,53,120,0,67.5,139,Shortage Risk,187,250,74.8,0.72,20,Monday,0,0,1,9,8,1,1,1,1,1,0,80,24.0,0,Clear,1.0,5,51.3,130,Moderate,Central Cafeteria,Meals,Standard,117,78.3,118,118,0,0.0,21,176,56.5,196,0,Moderate,Low Activity,EXP-0350,USER_PREPARED_CAMPUS_DATA
2026-09-22,Morning,0,Low,Mid,0,None,34,20,120,0,28.3,33,Balanced,19,250,7.6,0.21,8,Tuesday,1,0,0,9,8,0,0,0,0,0,0,0,24.0,0,Clear,1.0,5,51.3,130,Low,Central Cafeteria,Meals,Standard,139,78.3,35,33,2,5.7,0,187,56.5,196,0,Ample,Low Activity,EXP-0351,USER_PREPARED_CAMPUS_DATA
2026-09-22,Late Morning,0,Low,Mid,0,None,18,34,120,0,15.0,28,Balanced,25,250,10.0,0.14,10,Tuesday,1,0,0,9,8,0,0,0,0,0,0,0,24.0,0,Clear,1.0,5,51.3,130,Low,Central Cafeteria,Meals,Standard,33,78.3,29,28,1,3.4,0,19,56.5,196,0,Ample,Low Activity,EXP-0352,USER_PREPARED_CAMPUS_DATA
2026-09-22,Noon / Lunch,6,Low,Mid,0,None,20,18,120,0,16.7,129,Balanced,55,250,22.0,0.37,12,Tuesday,1,0,1,9,8,0,0,0,0,0,0,0,24.0,0,Clear,1.0,5,51.3,130,Low,Central Cafeteria,Meals,Standard,28,78.3,135,129,6,4.4,0,25,56.5,196,0,Ample,Low Activity,EXP-0353,USER_PREPARED_CAMPUS_DATA
2026-09-22,Afternoon,0,Low,Mid,0,None,10,20,120,0,8.3,26,Balanced,44,250,17.6,0.12,14,Tuesday,1,0,1,9,8,0,0,0,0,0,0,0,24.0,0,Clear,1.0,5,51.3,130,Low,Central Cafeteria,Meals,Standard,129,78.3,27,26,1,3.7,0,55,56.5,196,0,Ample,Low Activity,EXP-0354,USER_PREPARED_CAMPUS_DATA
2026-09-22,Afternoon,7,Low,Mid,0,None,86,10,120,0,71.7,63,Balanced,25,250,10.0,0.46,16,Tuesday,1,0,0,9,8,0,0,0,0,0,0,0,24.0,0,Clear,1.0,5,51.3,130,Moderate,Central Cafeteria,Meals,Standard,26,78.3,66,63,3,4.5,0,44,56.5,196,0,Ample,Low Activity,EXP-0355,USER_PREPARED_CAMPUS_DATA
2026-09-22,Evening Peak,1,Low,Mid,0,None,86,86,120,0,71.7,108,Balanced,90,250,36.0,0.6,18,Tuesday,1,0,1,9,8,0,0,0,0,0,0,0,24.0,0,Clear,1.0,5,51.3,130,Moderate,Central Cafeteria,Meals,Standard,63,78.3,113,108,5,4.4,0,25,56.5,196,0,Ample,Low Activity,EXP-0356,USER_PREPARED_CAMPUS_DATA
2026-09-22,Night,2,Low,Mid,0,None,67,86,120,0,55.8,113,Balanced,69,250,27.6,0.53,20,Tuesday,1,0,1,9,8,0,0,0,0,0,0,0,24.0,0,Clear,1.0,5,51.3,130,Low,Central Cafeteria,Meals,Standard,108,78.3,119,113,6,5.0,0,90,56.5,196,0,Ample,Low Activity,EXP-0357,USER_PREPARED_CAMPUS_DATA
2026-09-23,Morning,2,Medium,Mid,0,None,39,20,120,0,32.5,58,Balanced,28,250,11.2,0.28,8,Wednesday,2,0,0,9,8,0,0,0,0,0,0,0,24.0,0,Clear,1.0,5,51.3,130,Low,Central Cafeteria,Meals,Standard,113,78.3,61,58,3,4.9,0,69,56.5,196,0,Ample,Low Activity,EXP-0358,USER_PREPARED_CAMPUS_DATA
2026-09-23,Late Morning,1,Medium,Mid,0,None,19,39,120,0,15.8,40,Balanced,13,250,5.2,0.16,10,Wednesday,2,0,0,9,8,0,0,0,0,0,0,0,24.0,0,Clear,1.0,5,51.3,130,Low,Central Cafeteria,Meals,Standard,58,78.3,42,40,2,4.8,0,28,56.5,196,0,Ample,Low Activity,EXP-0359,USER_PREPARED_CAMPUS_DATA
2026-09-23,Noon / Lunch,7,Medium,Mid,0,None,18,19,120,0,15.0,156,Shortage Risk,54,250,21.6,0.41,12,Wednesday,2,0,1,9,8,0,0,0,0,0,0,0,24.0,0,Clear,1.0,5,51.3,130,Low,Central Cafeteria,Meals,Standard,40,78.3,133,133,0,0.0,23,13,56.5,196,0,Ample,Low Activity,EXP-0360,USER_PREPARED_CAMPUS_DATA
2026-09-23,Afternoon,0,Medium,Mid,0,None,28,18,120,0,23.3,34,Balanced,39,250,15.6,0.2,14,Wednesday,2,0,1,9,8,0,0,0,0,0,0,0,24.0,0,Clear,1.0,5,51.3,130,Low,Central Cafeteria,Meals,Standard,156,78.3,36,34,2,5.6,0,54,56.5,196,0,Ample,Low Activity,EXP-0361,USER_PREPARED_CAMPUS_DATA
2026-09-23,Afternoon,6,Medium,Mid,0,None,80,28,120,0,66.7,67,Balanced,34,250,13.6,0.46,16,Wednesday,2,0,0,9,8,0,0,0,0,0,0,0,24.0,0,Clear,1.0,5,51.3,130,Moderate,Central Cafeteria,Meals,Standard,34,78.3,70,67,3,4.3,0,39,56.5,196,0,Ample,Low Activity,EXP-0362,USER_PREPARED_CAMPUS_DATA
2026-09-23,Evening Peak,0,Medium,Mid,0,None,85,80,120,0,70.8,109,Balanced,61,250,24.4,0.58,18,Wednesday,2,0,1,9,8,0,0,0,0,0,0,0,24.0,0,Clear,1.0,5,51.3,130,Moderate,Central Cafeteria,Meals,Standard,67,78.3,114,109,5,4.4,0,34,56.5,196,0,Ample,Low Activity,EXP-0363,USER_PREPARED_CAMPUS_DATA
2026-09-23,Night,0,Medium,Mid,0,None,62,85,120,0,51.7,94,Balanced,65,250,26.0,0.47,20,Wednesday,2,0,1,9,8,0,0,0,0,0,0,0,24.0,0,Clear,1.0,5,51.3,130,Low,Central Cafeteria,Meals,Standard,109,78.3,99,94,5,5.1,0,61,56.5,196,0,Ample,Low Activity,EXP-0364,USER_PREPARED_CAMPUS_DATA
2026-09-24,Morning,0,Medium,Mid,0,None,35,20,120,0,29.2,37,Balanced,10,250,4.0,0.21,8,Thursday,3,0,0,9,8,0,0,0,0,0,0,0,24.0,0,Clear,1.0,5,51.3,130,Low,Central Cafeteria,Meals,Standard,94,78.3,39,37,2,5.1,0,65,56.5,196,0,Ample,Low Activity,EXP-0365,USER_PREPARED_CAMPUS_DATA
2026-09-24,Late Morning,0,Medium,Mid,0,None,31,35,120,0,25.8,34,Balanced,24,250,9.6,0.2,10,Thursday,3,0,0,9,8,0,0,0,0,0,0,0,24.0,0,Clear,1.0,5,51.3,130,Low,Central Cafeteria,Meals,Standard,37,78.3,36,34,2,5.6,0,10,56.5,196,0,Ample,Low Activity,EXP-0366,USER_PREPARED_CAMPUS_DATA
2026-09-24,Noon / Lunch,8,Medium,Mid,0,None,23,31,120,0,19.2,141,Shortage Risk,48,250,19.2,0.4,12,Thursday,3,0,1,9,8,0,0,0,0,0,0,0,24.0,0,Clear,1.0,5,51.3,130,Low,Central Cafeteria,Meals,Standard,34,78.3,120,120,0,0.0,21,24,56.5,196,0,Ample,Low Activity,EXP-0367,USER_PREPARED_CAMPUS_DATA
2026-09-24,Afternoon,1,Medium,Mid,0,None,15,23,120,0,12.5,32,Balanced,41,250,16.4,0.15,14,Thursday,3,0,1,9,8,0,0,0,0,0,0,0,24.0,0,Clear,1.0,5,51.3,130,Low,Central Cafeteria,Meals,Standard,141,78.3,34,32,2,5.9,0,48,56.5,196,0,Ample,Low Activity,EXP-0368,USER_PREPARED_CAMPUS_DATA
2026-09-24,Afternoon,6,Medium,Mid,0,None,74,15,120,0,61.7,60,Balanced,33,250,13.2,0.42,16,Thursday,3,0,0,9,8,0,0,0,0,0,0,0,24.0,0,Clear,1.0,5,51.3,130,Moderate,Central Cafeteria,Meals,Standard,32,78.3,63,60,3,4.8,0,41,56.5,196,0,Ample,Low Activity,EXP-0369,USER_PREPARED_CAMPUS_DATA
2026-09-24,Evening Peak,1,Medium,Mid,1,Sports_Tournament,121,74,120,1,100.8,145,Shortage Risk,50,250,20.0,0.78,18,Thursday,3,0,1,9,8,0,0,0,1,1,0,80,24.0,0,Clear,1.0,5,51.3,130,Severe,Central Cafeteria,Meals,Standard,60,78.3,123,123,0,0.0,22,33,56.5,196,0,Ample,Low Activity,EXP-0370,USER_PREPARED_CAMPUS_DATA
2026-09-24,Night,2,Medium,Mid,0,None,81,121,120,0,67.5,104,Balanced,62,250,24.8,0.56,20,Thursday,3,0,1,9,8,0,0,0,0,0,0,0,24.0,0,Clear,1.0,5,51.3,130,Moderate,Central Cafeteria,Meals,Standard,145,78.3,109,104,5,4.6,0,50,56.5,196,0,Ample,Low Activity,EXP-0371,USER_PREPARED_CAMPUS_DATA
2026-09-25,Morning,1,Medium,Mid,0,None,42,20,120,0,35.0,36,Balanced,15,250,6.0,0.24,8,Friday,4,0,0,9,8,0,0,0,0,0,0,0,24.0,0,Clear,1.0,5,51.3,130,Low,Central Cafeteria,Meals,Standard,104,78.3,38,36,2,5.3,0,62,56.5,196,0,Ample,Low Activity,EXP-0372,USER_PREPARED_CAMPUS_DATA
2026-09-25,Late Morning,1,Medium,Mid,0,None,19,42,120,0,15.8,28,Balanced,32,250,12.8,0.15,10,Friday,4,0,0,9,8,0,0,0,0,0,0,0,24.0,0,Clear,1.0,5,51.3,130,Low,Central Cafeteria,Meals,Standard,36,78.3,29,28,1,3.4,0,15,56.5,196,0,Ample,Low Activity,EXP-0373,USER_PREPARED_CAMPUS_DATA
2026-09-25,Noon / Lunch,8,Medium,Mid,0,None,14,19,120,0,11.7,147,Shortage Risk,41,250,16.4,0.37,12,Friday,4,0,1,9,8,0,0,0,0,0,0,0,24.0,0,Clear,1.0,5,51.3,130,Low,Central Cafeteria,Meals,Standard,28,78.3,125,125,0,0.0,22,32,56.5,196,0,Ample,Low Activity,EXP-0374,USER_PREPARED_CAMPUS_DATA
2026-09-25,Afternoon,2,Medium,Mid,0,None,21,14,120,0,17.5,55,Balanced,44,250,17.6,0.22,14,Friday,4,0,1,9,8,0,0,0,0,0,0,0,24.0,0,Clear,1.0,5,51.3,130,Low,Central Cafeteria,Meals,Standard,147,78.3,58,55,3,5.2,0,41,56.5,196,0,Ample,Low Activity,EXP-0375,USER_PREPARED_CAMPUS_DATA
2026-09-25,Afternoon,6,Medium,Mid,0,None,91,21,120,0,75.8,36,Balanced,36,250,14.4,0.44,16,Friday,4,0,0,9,8,0,0,0,0,0,0,0,24.0,0,Clear,1.0,5,51.3,130,Moderate,Central Cafeteria,Meals,Standard,55,78.3,38,36,2,5.3,0,44,56.5,196,0,Ample,Low Activity,EXP-0376,USER_PREPARED_CAMPUS_DATA
2026-09-25,Evening Peak,0,Medium,Mid,0,None,86,91,120,0,71.7,97,Balanced,70,250,28.0,0.57,18,Friday,4,0,1,9,8,0,0,0,0,0,0,0,24.0,0,Clear,1.0,5,51.3,130,Moderate,Central Cafeteria,Meals,Standard,36,78.3,102,97,5,4.9,0,36,56.5,196,0,Ample,Low Activity,EXP-0377,USER_PREPARED_CAMPUS_DATA
2026-09-25,Night,1,Medium,Mid,0,None,56,86,120,0,46.7,118,Balanced,61,250,24.4,0.49,20,Friday,4,0,1,9,8,0,0,0,0,0,0,0,24.0,0,Clear,1.0,5,51.3,130,Low,Central Cafeteria,Meals,Standard,97,78.3,124,118,6,4.8,0,70,56.5,196,0,Ample,Low Activity,EXP-0378,USER_PREPARED_CAMPUS_DATA
2026-09-26,Morning,0,Low,Mid,0,None,61,20,120,0,50.8,47,Balanced,25,250,10.0,0.34,8,Saturday,5,1,0,9,8,0,0,0,0,0,0,0,24.0,0,Clear,1.0,5,51.3,130,Low,Central Cafeteria,Meals,Standard,118,78.3,49,47,2,4.1,0,61,56.5,196,0,Ample,Low Activity,EXP-0379,USER_PREPARED_CAMPUS_DATA
2026-09-26,Late Morning,0,Low,Mid,0,None,35,61,120,0,29.2,37,Balanced,28,250,11.2,0.23,10,Saturday,5,1,0,9,8,0,0,0,0,0,0,0,24.0,0,Clear,1.0,5,51.3,130,Low,Central Cafeteria,Meals,Standard,47,78.3,39,37,2,5.1,0,25,56.5,196,0,Ample,Low Activity,EXP-0380,USER_PREPARED_CAMPUS_DATA
2026-09-26,Noon / Lunch,0,Low,Mid,0,None,23,35,120,0,19.2,124,Balanced,27,250,10.8,0.35,12,Saturday,5,1,1,9,8,0,0,0,0,0,0,0,24.0,0,Clear,1.0,5,51.3,130,Low,Central Cafeteria,Meals,Standard,37,78.3,130,124,6,4.6,0,28,56.5,196,0,Ample,Low Activity,EXP-0381,USER_PREPARED_CAMPUS_DATA
2026-09-26,Afternoon,0,Low,Mid,0,None,37,23,120,0,30.8,29,Balanced,30,250,12.0,0.22,14,Saturday,5,1,1,9,8,0,0,0,0,0,0,0,24.0,0,Clear,1.0,5,51.3,130,Low,Central Cafeteria,Meals,Standard,124,78.3,30,29,1,3.3,0,27,56.5,196,0,Ample,Low Activity,EXP-0382,USER_PREPARED_CAMPUS_DATA
2026-09-26,Afternoon,0,Low,Mid,0,None,100,37,120,1,83.3,56,Balanced,31,250,12.4,0.51,16,Saturday,5,1,0,9,8,0,0,0,0,0,0,0,24.0,0,Clear,1.0,5,51.3,130,High,Central Cafeteria,Meals,Standard,29,78.3,59,56,3,5.1,0,30,56.5,196,0,Ample,Low Activity,EXP-0383,USER_PREPARED_CAMPUS_DATA
2026-09-26,Evening Peak,0,Low,Mid,0,None,114,100,120,1,95.0,98,Balanced,59,250,23.6,0.66,18,Saturday,5,1,1,9,8,0,0,0,0,0,0,0,24.0,0,Clear,1.0,5,51.3,130,Severe,Central Cafeteria,Meals,Standard,56,78.3,103,98,5,4.9,0,31,56.5,196,0,Ample,Low Activity,EXP-0384,USER_PREPARED_CAMPUS_DATA
2026-09-26,Night,0,Low,Mid,0,None,85,114,120,0,70.8,85,Balanced,79,250,31.6,0.55,20,Saturday,5,1,1,9,8,0,0,0,0,0,0,0,24.0,0,Clear,1.0,5,51.3,130,Moderate,Central Cafeteria,Meals,Standard,98,78.3,89,85,4,4.5,0,59,56.5,196,0,Ample,Low Activity,EXP-0385,USER_PREPARED_CAMPUS_DATA
2026-09-27,Morning,0,Low,Mid,0,None,48,20,120,0,40.0,32,Balanced,23,250,9.2,0.26,8,Sunday,6,1,0,9,8,0,0,0,0,0,0,0,24.0,0,Clear,1.0,5,51.3,130,Low,Central Cafeteria,Meals,Standard,85,78.3,34,32,2,5.9,0,79,56.5,196,0,Ample,Low Activity,EXP-0386,USER_PREPARED_CAMPUS_DATA
2026-09-27,Late Morning,0,Low,Mid,0,None,42,48,120,0,35.0,28,Balanced,22,250,8.8,0.23,10,Sunday,6,1,0,9,8,0,0,0,0,0,0,0,24.0,0,Clear,1.0,5,51.3,130,Low,Central Cafeteria,Meals,Standard,32,78.3,29,28,1,3.4,0,23,56.5,196,0,Ample,Low Activity,EXP-0387,USER_PREPARED_CAMPUS_DATA
2026-09-27,Noon / Lunch,0,Low,Mid,0,None,29,42,120,0,24.2,133,Balanced,10,250,4.0,0.38,12,Sunday,6,1,1,9,8,0,0,0,0,0,0,0,24.0,0,Clear,1.0,5,51.3,130,Low,Central Cafeteria,Meals,Standard,28,78.3,140,133,7,5.0,0,22,56.5,196,0,Ample,Low Activity,EXP-0388,USER_PREPARED_CAMPUS_DATA
2026-09-27,Afternoon,0,Low,Mid,0,None,35,29,120,0,29.2,45,Balanced,19,250,7.6,0.23,14,Sunday,6,1,1,9,8,0,0,0,0,0,0,0,24.0,0,Clear,1.0,5,51.3,130,Low,Central Cafeteria,Meals,Standard,133,78.3,47,45,2,4.3,0,10,56.5,196,0,Ample,Low Activity,EXP-0389,USER_PREPARED_CAMPUS_DATA
2026-09-27,Afternoon,0,Low,Mid,0,None,90,35,120,0,75.0,39,Balanced,48,250,19.2,0.45,16,Sunday,6,1,0,9,8,0,0,0,0,0,0,0,24.0,0,Clear,1.0,5,51.3,130,Moderate,Central Cafeteria,Meals,Standard,45,78.3,41,39,2,4.9,0,19,56.5,196,0,Ample,Low Activity,EXP-0390,USER_PREPARED_CAMPUS_DATA
2026-09-27,Evening Peak,0,Low,Mid,1,Sports_Tournament,130,90,120,1,108.3,127,Balanced,63,250,25.2,0.78,18,Sunday,6,1,1,9,8,0,0,0,1,1,0,80,24.0,0,Clear,1.0,5,51.3,130,Severe,Central Cafeteria,Meals,Standard,39,78.3,133,127,6,4.5,0,48,56.5,196,0,Ample,Low Activity,EXP-0391,USER_PREPARED_CAMPUS_DATA
2026-09-27,Night,0,Low,Mid,0,None,96,130,120,1,80.0,102,Balanced,72,250,28.8,0.62,20,Sunday,6,1,1,9,8,0,0,0,0,0,0,0,24.0,0,Clear,1.0,5,51.3,130,High,Central Cafeteria,Meals,Standard,127,78.3,107,102,5,4.7,0,63,56.5,196,0,Ample,Low Activity,EXP-0392,USER_PREPARED_CAMPUS_DATA
2026-09-28,Morning,0,Medium,Mid,0,None,36,20,120,0,30.0,36,Balanced,31,250,12.4,0.23,8,Monday,0,0,0,9,9,0,0,0,0,0,0,0,24.0,0,Clear,1.0,5,51.3,130,Low,Central Cafeteria,Meals,Standard,102,78.3,38,36,2,5.3,0,72,56.5,196,0,Ample,Low Activity,EXP-0393,USER_PREPARED_CAMPUS_DATA
2026-09-28,Late Morning,2,Medium,Mid,0,None,27,36,120,0,22.5,47,Balanced,23,250,9.2,0.21,10,Monday,0,0,0,9,9,0,0,0,0,0,0,0,24.0,0,Clear,1.0,5,51.3,130,Low,Central Cafeteria,Meals,Standard,36,78.3,49,47,2,4.1,0,31,56.5,196,0,Ample,Low Activity,EXP-0394,USER_PREPARED_CAMPUS_DATA
2026-09-28,Noon / Lunch,8,Medium,Mid,1,None,16,27,120,0,13.3,178,Shortage Risk,52,250,20.8,0.45,12,Monday,0,0,1,9,9,0,0,0,0,0,0,0,24.0,0,Clear,1.0,5,51.3,130,Low,Central Cafeteria,Meals,Standard,47,78.3,151,151,0,0.0,27,23,56.5,196,0,Ample,Low Activity,EXP-0395,USER_PREPARED_CAMPUS_DATA
2026-09-28,Afternoon,2,Medium,Mid,0,None,20,16,120,0,16.7,52,Balanced,50,250,20.0,0.22,14,Monday,0,0,1,9,9,0,0,0,0,0,0,0,24.0,0,Clear,1.0,5,51.3,130,Low,Central Cafeteria,Meals,Standard,178,78.3,55,52,3,5.5,0,52,56.5,196,0,Ample,Low Activity,EXP-0396,USER_PREPARED_CAMPUS_DATA
2026-09-28,Afternoon,8,Medium,Mid,0,None,84,20,120,0,70.0,56,Balanced,27,250,10.8,0.44,16,Monday,0,0,0,9,9,0,0,0,0,0,0,0,24.0,0,Clear,1.0,5,51.3,130,Moderate,Central Cafeteria,Meals,Standard,52,78.3,59,56,3,5.1,0,50,56.5,196,0,Ample,Low Activity,EXP-0397,USER_PREPARED_CAMPUS_DATA
2026-09-28,Evening Peak,1,Medium,Mid,0,None,86,84,120,0,71.7,107,Balanced,68,250,27.2,0.58,18,Monday,0,0,1,9,9,0,0,0,0,0,0,0,24.0,0,Clear,1.0,5,51.3,130,Moderate,Central Cafeteria,Meals,Standard,56,78.3,112,107,5,4.5,0,27,56.5,196,0,Ample,Low Activity,EXP-0398,USER_PREPARED_CAMPUS_DATA
2026-09-28,Night,0,Medium,Mid,0,None,67,86,120,0,55.8,96,Balanced,74,250,29.6,0.5,20,Monday,0,0,1,9,9,0,0,0,0,0,0,0,24.0,0,Clear,1.0,5,51.3,130,Low,Central Cafeteria,Meals,Standard,107,78.3,101,96,5,5.0,0,68,56.5,196,0,Ample,Low Activity,EXP-0399,USER_PREPARED_CAMPUS_DATA
2026-09-29,Morning,2,Medium,Mid,0,None,51,20,120,0,42.5,51,Balanced,24,250,9.6,0.31,8,Tuesday,1,0,0,9,9,0,0,0,0,0,0,0,24.0,0,Clear,1.0,5,51.3,130,Low,Central Cafeteria,Meals,Standard,96,78.3,54,51,3,5.6,0,74,56.5,196,0,Ample,Low Activity,EXP-0400,USER_PREPARED_CAMPUS_DATA
2026-09-29,Late Morning,0,Medium,Mid,1,None,19,51,120,0,15.8,58,Balanced,37,250,14.8,0.21,10,Tuesday,1,0,0,9,9,0,0,0,0,0,0,0,24.0,0,Clear,1.0,5,51.3,130,Low,Central Cafeteria,Meals,Standard,51,78.3,61,58,3,4.9,0,24,56.5,196,0,Ample,Low Activity,EXP-0401,USER_PREPARED_CAMPUS_DATA
2026-09-29,Noon / Lunch,5,Medium,Mid,0,None,20,19,120,0,16.7,136,Shortage Risk,54,250,21.6,0.38,12,Tuesday,1,0,1,9,9,0,0,0,0,0,0,0,24.0,0,Clear,1.0,5,51.3,130,Low,Central Cafeteria,Meals,Standard,58,78.3,116,116,0,0.0,20,37,56.5,196,0,Ample,Low Activity,EXP-0402,USER_PREPARED_CAMPUS_DATA
2026-09-29,Afternoon,2,Medium,Mid,0,None,24,20,120,0,20.0,52,Balanced,37,250,14.8,0.22,14,Tuesday,1,0,1,9,9,0,0,0,0,0,0,0,24.0,0,Clear,1.0,5,51.3,130,Low,Central Cafeteria,Meals,Standard,136,78.3,55,52,3,5.5,0,54,56.5,196,0,Ample,Low Activity,EXP-0403,USER_PREPARED_CAMPUS_DATA
2026-09-29,Afternoon,6,Medium,Mid,0,None,81,24,120,0,67.5,62,Balanced,34,250,13.6,0.45,16,Tuesday,1,0,0,9,9,0,0,0,0,0,0,0,24.0,0,Clear,1.0,5,51.3,130,Moderate,Central Cafeteria,Meals,Standard,52,78.3,65,62,3,4.6,0,37,56.5,196,0,Ample,Low Activity,EXP-0404,USER_PREPARED_CAMPUS_DATA
2026-09-29,Evening Peak,2,Medium,Mid,1,Sports_Tournament,122,81,120,1,101.7,151,Shortage Risk,62,250,24.8,0.8,18,Tuesday,1,0,1,9,9,0,0,0,1,1,0,80,24.0,0,Clear,1.0,5,51.3,130,Severe,Central Cafeteria,Meals,Standard,62,78.3,128,128,0,0.0,23,34,56.5,196,0,Ample,Low Activity,EXP-0405,USER_PREPARED_CAMPUS_DATA
2026-09-29,Night,2,Medium,Mid,0,None,77,122,120,0,64.2,111,Balanced,80,250,32.0,0.57,20,Tuesday,1,0,1,9,9,0,0,0,0,0,0,0,24.0,0,Clear,1.0,5,51.3,130,Moderate,Central Cafeteria,Meals,Standard,151,78.3,117,111,6,5.1,0,62,56.5,196,0,Ample,Low Activity,EXP-0406,USER_PREPARED_CAMPUS_DATA
2026-09-30,Morning,1,Medium,Mid,1,None,40,20,120,0,33.3,62,Balanced,31,250,12.4,0.3,8,Wednesday,2,0,0,9,9,0,0,0,0,0,0,0,24.0,0,Clear,1.0,5,51.3,130,Low,Central Cafeteria,Meals,Standard,111,78.3,65,62,3,4.6,0,80,56.5,196,0,Ample,Low Activity,EXP-0407,USER_PREPARED_CAMPUS_DATA
2026-09-30,Late Morning,1,Medium,Mid,0,None,26,40,120,0,21.7,46,Balanced,34,250,13.6,0.21,10,Wednesday,2,0,0,9,9,0,0,0,0,0,0,0,24.0,0,Clear,1.0,5,51.3,130,Low,Central Cafeteria,Meals,Standard,62,78.3,48,46,2,4.2,0,31,56.5,196,0,Ample,Low Activity,EXP-0408,USER_PREPARED_CAMPUS_DATA
2026-09-30,Noon / Lunch,6,Medium,Mid,0,None,16,26,120,0,13.3,138,Shortage Risk,56,250,22.4,0.37,12,Wednesday,2,0,1,9,9,0,0,0,0,0,0,0,24.0,0,Clear,1.0,5,51.3,130,Low,Central Cafeteria,Meals,Standard,46,78.3,117,117,0,0.0,21,34,56.5,196,0,Ample,Low Activity,EXP-0409,USER_PREPARED_CAMPUS_DATA
2026-09-30,Afternoon,1,Medium,Mid,0,None,22,16,120,0,18.3,38,Balanced,44,250,17.6,0.19,14,Wednesday,2,0,1,9,9,0,0,0,0,0,0,0,24.0,0,Clear,1.0,5,51.3,130,Low,Central Cafeteria,Meals,Standard,138,78.3,40,38,2,5.0,0,56,56.5,196,0,Ample,Low Activity,EXP-0410,USER_PREPARED_CAMPUS_DATA
2026-09-30,Afternoon,5,Medium,Mid,1,Sports_Tournament,103,22,120,1,85.8,64,Balanced,25,250,10.0,0.53,16,Wednesday,2,0,0,9,9,0,0,0,1,1,0,80,24.0,0,Clear,1.0,5,51.3,130,High,Central Cafeteria,Meals,Standard,38,78.3,67,64,3,4.5,0,44,56.5,196,0,Ample,Low Activity,EXP-0411,USER_PREPARED_CAMPUS_DATA
2026-09-30,Evening Peak,1,Medium,Mid,0,None,96,103,120,1,80.0,112,Balanced,64,250,25.6,0.63,18,Wednesday,2,0,1,9,9,0,0,0,0,0,0,0,24.0,0,Clear,1.0,5,51.3,130,High,Central Cafeteria,Meals,Standard,64,78.3,118,112,6,5.1,0,25,56.5,196,0,Ample,Low Activity,EXP-0412,USER_PREPARED_CAMPUS_DATA
2026-09-30,Night,1,Medium,Mid,0,None,78,96,120,0,65.0,110,Balanced,83,250,33.2,0.57,20,Wednesday,2,0,1,9,9,0,0,0,0,0,0,0,24.0,0,Clear,1.0,5,51.3,130,Moderate,Central Cafeteria,Meals,Standard,112,78.3,116,110,6,5.2,0,64,56.5,196,0,Ample,Low Activity,EXP-0413,USER_PREPARED_CAMPUS_DATA
2026-10-01,Morning,2,Medium,Mid,1,None,40,20,120,0,33.3,63,Balanced,34,250,13.6,0.3,8,Thursday,3,0,0,10,9,0,0,0,0,0,0,0,24.0,0,Clear,1.0,5,51.3,130,Low,Central Cafeteria,Meals,Standard,110,78.3,66,63,3,4.5,0,83,56.5,196,0,Ample,Low Activity,EXP-0414,USER_PREPARED_CAMPUS_DATA
2026-10-01,Late Morning,0,Medium,Mid,0,None,18,40,120,0,15.0,47,Balanced,29,250,11.6,0.18,10,Thursday,3,0,0,10,9,0,0,0,0,0,0,0,24.0,0,Clear,1.0,5,51.3,130,Low,Central Cafeteria,Meals,Standard,63,78.3,49,47,2,4.1,0,34,56.5,196,0,Ample,Low Activity,EXP-0415,USER_PREPARED_CAMPUS_DATA
2026-10-01,Noon / Lunch,5,Medium,Mid,0,None,21,18,120,0,17.5,139,Shortage Risk,39,250,15.6,0.38,12,Thursday,3,0,1,10,9,0,0,0,0,0,0,0,24.0,0,Clear,1.0,5,51.3,130,Low,Central Cafeteria,Meals,Standard,47,78.3,118,118,0,0.0,21,29,56.5,196,0,Ample,Low Activity,EXP-0416,USER_PREPARED_CAMPUS_DATA
2026-10-01,Afternoon,0,Medium,Mid,0,None,26,21,120,0,21.7,52,Balanced,45,250,18.0,0.24,14,Thursday,3,0,1,10,9,0,0,0,0,0,0,0,24.0,0,Clear,1.0,5,51.3,130,Low,Central Cafeteria,Meals,Standard,139,78.3,55,52,3,5.5,0,39,56.5,196,0,Ample,Low Activity,EXP-0417,USER_PREPARED_CAMPUS_DATA
2026-10-01,Afternoon,8,Medium,Mid,0,None,84,26,120,0,70.0,41,Balanced,25,250,10.0,0.42,16,Thursday,3,0,0,10,9,0,0,0,0,0,0,0,24.0,0,Clear,1.0,5,51.3,130,Moderate,Central Cafeteria,Meals,Standard,52,78.3,43,41,2,4.7,0,45,56.5,196,0,Ample,Low Activity,EXP-0418,USER_PREPARED_CAMPUS_DATA
2026-10-01,Evening Peak,1,Medium,Mid,0,None,88,84,120,0,73.3,120,Balanced,56,250,22.4,0.61,18,Thursday,3,0,1,10,9,0,0,0,0,0,0,0,24.0,0,Clear,1.0,5,51.3,130,Moderate,Central Cafeteria,Meals,Standard,41,78.3,126,120,6,4.8,0,25,56.5,196,0,Ample,Low Activity,EXP-0419,USER_PREPARED_CAMPUS_DATA
2026-10-01,Night,0,Medium,Mid,1,Sports_Tournament,105,88,120,1,87.5,132,Balanced,65,250,26.0,0.7,20,Thursday,3,0,1,10,9,0,0,0,1,1,0,80,24.0,0,Clear,1.0,5,51.3,130,High,Central Cafeteria,Meals,Standard,120,78.3,139,132,7,5.0,0,56,56.5,196,0,Ample,Low Activity,EXP-0420,USER_PREPARED_CAMPUS_DATA
2026-10-02,Morning,0,Low,Mid,0,None,34,20,120,0,28.3,32,Balanced,10,250,4.0,0.2,8,Friday,4,0,0,10,9,0,0,0,0,0,0,0,24.0,0,Clear,1.0,5,51.3,130,Low,Central Cafeteria,Meals,Standard,132,78.3,34,32,2,5.9,0,65,56.5,196,0,Ample,Low Activity,EXP-0421,USER_PREPARED_CAMPUS_DATA
2026-10-02,Late Morning,0,Low,Mid,0,None,33,34,120,0,27.5,38,Balanced,26,250,10.4,0.22,10,Friday,4,0,0,10,9,0,0,0,0,0,0,0,24.0,0,Clear,1.0,5,51.3,130,Low,Central Cafeteria,Meals,Standard,32,78.3,40,38,2,5.0,0,10,56.5,196,0,Ample,Low Activity,EXP-0422,USER_PREPARED_CAMPUS_DATA
2026-10-02,Noon / Lunch,6,Low,Mid,1,None,23,33,120,0,19.2,165,Shortage Risk,50,250,20.0,0.45,12,Friday,4,0,1,10,9,0,0,0,0,0,0,0,24.0,0,Clear,1.0,5,51.3,130,Low,Central Cafeteria,Meals,Standard,38,78.3,140,140,0,0.0,25,26,56.5,196,0,Ample,Low Activity,EXP-0423,USER_PREPARED_CAMPUS_DATA
2026-10-02,Afternoon,1,Low,Mid,0,None,11,23,120,0,9.2,40,Balanced,43,250,17.2,0.15,14,Friday,4,0,1,10,9,0,0,0,0,0,0,0,24.0,0,Clear,1.0,5,51.3,130,Low,Central Cafeteria,Meals,Standard,165,78.3,42,40,2,4.8,0,50,56.5,196,0,Ample,Low Activity,EXP-0424,USER_PREPARED_CAMPUS_DATA
2026-10-02,Afternoon,8,Low,Mid,0,None,77,11,120,0,64.2,62,Balanced,21,250,8.4,0.43,16,Friday,4,0,0,10,9,0,0,0,0,0,0,0,24.0,0,Clear,1.0,5,51.3,130,Moderate,Central Cafeteria,Meals,Standard,40,78.3,65,62,3,4.6,0,43,56.5,196,0,Ample,Low Activity,EXP-0425,USER_PREPARED_CAMPUS_DATA
2026-10-02,Evening Peak,0,Low,Mid,0,None,83,77,120,0,69.2,102,Balanced,69,250,27.6,0.56,18,Friday,4,0,1,10,9,0,0,0,0,0,0,0,24.0,0,Clear,1.0,5,51.3,130,Moderate,Central Cafeteria,Meals,Standard,62,78.3,107,102,5,4.7,0,21,56.5,196,0,Ample,Low Activity,EXP-0426,USER_PREPARED_CAMPUS_DATA
2026-10-02,Night,0,Low,Mid,0,None,64,83,120,0,53.3,116,Balanced,55,250,22.0,0.51,20,Friday,4,0,1,10,9,0,0,0,0,0,0,0,24.0,0,Clear,1.0,5,51.3,130,Low,Central Cafeteria,Meals,Standard,102,78.3,122,116,6,4.9,0,69,56.5,196,0,Ample,Low Activity,EXP-0427,USER_PREPARED_CAMPUS_DATA
2026-10-03,Morning,0,Medium,Mid,0,None,52,20,120,0,43.3,32,Balanced,35,250,14.0,0.28,8,Saturday,5,1,0,10,9,0,0,0,0,0,0,0,24.0,0,Clear,1.0,5,51.3,130,Low,Central Cafeteria,Meals,Standard,116,78.3,34,32,2,5.9,0,55,56.5,196,0,Ample,Low Activity,EXP-0428,USER_PREPARED_CAMPUS_DATA
2026-10-03,Late Morning,0,Medium,Mid,0,None,34,52,120,0,28.3,54,Balanced,29,250,11.6,0.26,10,Saturday,5,1,0,10,9,0,0,0,0,0,0,0,24.0,0,Clear,1.0,5,51.3,130,Low,Central Cafeteria,Meals,Standard,32,78.3,57,54,3,5.3,0,35,56.5,196,0,Ample,Low Activity,EXP-0429,USER_PREPARED_CAMPUS_DATA
2026-10-03,Noon / Lunch,0,Medium,Mid,0,None,38,34,120,0,31.7,100,Balanced,21,250,8.4,0.35,12,Saturday,5,1,1,10,9,0,0,0,0,0,0,0,24.0,0,Clear,1.0,5,51.3,130,Low,Central Cafeteria,Meals,Standard,54,78.3,105,100,5,4.8,0,29,56.5,196,0,Ample,Low Activity,EXP-0430,USER_PREPARED_CAMPUS_DATA
2026-10-03,Afternoon,0,Medium,Mid,0,None,33,38,120,0,27.5,36,Balanced,20,250,8.0,0.21,14,Saturday,5,1,1,10,9,0,0,0,0,0,0,0,24.0,0,Clear,1.0,5,51.3,130,Low,Central Cafeteria,Meals,Standard,100,78.3,38,36,2,5.3,0,21,56.5,196,0,Ample,Low Activity,EXP-0431,USER_PREPARED_CAMPUS_DATA
2026-10-03,Afternoon,0,Medium,Mid,0,None,92,33,120,0,76.7,36,Balanced,32,250,12.8,0.44,16,Saturday,5,1,0,10,9,0,0,0,0,0,0,0,24.0,0,Clear,1.0,5,51.3,130,Moderate,Central Cafeteria,Meals,Standard,36,78.3,38,36,2,5.3,0,20,56.5,196,0,Ample,Low Activity,EXP-0432,USER_PREPARED_CAMPUS_DATA
2026-10-03,Evening Peak,0,Medium,Mid,0,None,97,92,120,1,80.8,107,Balanced,81,250,32.4,0.64,18,Saturday,5,1,1,10,9,0,0,0,0,0,0,0,24.0,0,Clear,1.0,5,51.3,130,High,Central Cafeteria,Meals,Standard,36,78.3,112,107,5,4.5,0,32,56.5,196,0,Ample,Low Activity,EXP-0433,USER_PREPARED_CAMPUS_DATA
2026-10-03,Night,0,Medium,Mid,0,None,85,97,120,0,70.8,115,Balanced,71,250,28.4,0.6,20,Saturday,5,1,1,10,9,0,0,0,0,0,0,0,24.0,0,Clear,1.0,5,51.3,130,Moderate,Central Cafeteria,Meals,Standard,107,78.3,121,115,6,5.0,0,81,56.5,196,0,Ample,Low Activity,EXP-0434,USER_PREPARED_CAMPUS_DATA
2026-10-04,Morning,0,Medium,Mid,0,None,53,20,120,0,44.2,21,Balanced,22,250,8.8,0.26,8,Sunday,6,1,0,10,9,0,0,0,0,0,0,0,24.0,0,Clear,1.0,5,51.3,130,Low,Central Cafeteria,Meals,Standard,115,78.3,22,21,1,4.5,0,71,56.5,196,0,Ample,Low Activity,EXP-0435,USER_PREPARED_CAMPUS_DATA
2026-10-04,Late Morning,0,Medium,Mid,0,None,34,53,120,0,28.3,38,Balanced,23,250,9.2,0.22,10,Sunday,6,1,0,10,9,0,0,0,0,0,0,0,24.0,0,Clear,1.0,5,51.3,130,Low,Central Cafeteria,Meals,Standard,21,78.3,40,38,2,5.0,0,22,56.5,196,0,Ample,Low Activity,EXP-0436,USER_PREPARED_CAMPUS_DATA
2026-10-04,Noon / Lunch,0,Medium,Mid,0,None,24,34,120,0,20.0,131,Balanced,33,250,13.2,0.37,12,Sunday,6,1,1,10,9,0,0,0,0,0,0,0,24.0,0,Clear,1.0,5,51.3,130,Low,Central Cafeteria,Meals,Standard,38,78.3,138,131,7,5.1,0,23,56.5,196,0,Ample,Low Activity,EXP-0437,USER_PREPARED_CAMPUS_DATA
2026-10-04,Afternoon,0,Medium,Mid,0,None,38,24,120,0,31.7,55,Balanced,22,250,8.8,0.27,14,Sunday,6,1,1,10,9,0,0,0,0,0,0,0,24.0,0,Clear,1.0,5,51.3,130,Low,Central Cafeteria,Meals,Standard,131,78.3,58,55,3,5.2,0,33,56.5,196,0,Ample,Low Activity,EXP-0438,USER_PREPARED_CAMPUS_DATA
2026-10-04,Afternoon,0,Medium,Mid,0,None,88,38,120,0,73.3,35,Balanced,19,250,7.6,0.41,16,Sunday,6,1,0,10,9,0,0,0,0,0,0,0,24.0,0,Clear,1.0,5,51.3,130,Moderate,Central Cafeteria,Meals,Standard,55,78.3,37,35,2,5.4,0,22,56.5,196,0,Ample,Low Activity,EXP-0439,USER_PREPARED_CAMPUS_DATA
2026-10-04,Evening Peak,0,Medium,Mid,0,None,109,88,120,1,90.8,110,Balanced,72,250,28.8,0.68,18,Sunday,6,1,1,10,9,0,0,0,0,0,0,0,24.0,0,Clear,1.0,5,51.3,130,High,Central Cafeteria,Meals,Standard,35,78.3,116,110,6,5.2,0,19,56.5,196,0,Ample,Low Activity,EXP-0440,USER_PREPARED_CAMPUS_DATA
2026-10-04,Night,0,Medium,Mid,0,None,78,109,120,0,65.0,89,Balanced,64,250,25.6,0.52,20,Sunday,6,1,1,10,9,0,0,0,0,0,0,0,24.0,0,Clear,1.0,5,51.3,130,Moderate,Central Cafeteria,Meals,Standard,110,78.3,93,89,4,4.3,0,72,56.5,196,0,Ample,Low Activity,EXP-0441,USER_PREPARED_CAMPUS_DATA
2026-10-05,Morning,0,Medium,Mid,0,None,47,20,120,0,39.2,68,Balanced,39,250,15.6,0.34,8,Monday,0,0,0,10,10,0,0,0,0,0,0,0,24.0,0,Clear,1.0,5,51.3,130,Low,Central Cafeteria,Meals,Standard,89,78.3,71,68,3,4.2,0,64,56.5,196,0,Ample,Low Activity,EXP-0442,USER_PREPARED_CAMPUS_DATA
2026-10-05,Late Morning,2,Medium,Mid,0,None,19,47,120,0,15.8,45,Balanced,24,250,9.6,0.18,10,Monday,0,0,0,10,10,0,0,0,0,0,0,0,24.0,0,Clear,1.0,5,51.3,130,Low,Central Cafeteria,Meals,Standard,68,78.3,47,45,2,4.3,0,39,56.5,196,0,Ample,Low Activity,EXP-0443,USER_PREPARED_CAMPUS_DATA
2026-10-05,Noon / Lunch,7,Medium,Mid,0,None,18,19,120,0,15.0,142,Shortage Risk,58,250,23.2,0.39,12,Monday,0,0,1,10,10,0,0,0,0,0,0,0,24.0,0,Clear,1.0,5,51.3,130,Low,Central Cafeteria,Meals,Standard,45,78.3,121,121,0,0.0,21,24,56.5,196,0,Ample,Low Activity,EXP-0444,USER_PREPARED_CAMPUS_DATA
2026-10-05,Afternoon,0,Medium,Mid,0,None,24,18,120,0,20.0,25,Balanced,60,250,24.0,0.19,14,Monday,0,0,1,10,10,0,0,0,0,0,0,0,24.0,0,Clear,1.0,5,51.3,130,Low,Central Cafeteria,Meals,Standard,142,78.3,26,25,1,3.8,0,58,56.5,196,0,Ample,Low Activity,EXP-0445,USER_PREPARED_CAMPUS_DATA
2026-10-05,Afternoon,5,Medium,Mid,0,None,75,24,120,0,62.5,59,Balanced,28,250,11.2,0.42,16,Monday,0,0,0,10,10,0,0,0,0,0,0,0,24.0,0,Clear,1.0,5,51.3,130,Moderate,Central Cafeteria,Meals,Standard,25,78.3,62,59,3,4.8,0,60,56.5,196,0,Ample,Low Activity,EXP-0446,USER_PREPARED_CAMPUS_DATA
2026-10-05,Evening Peak,1,Medium,Mid,0,None,82,75,120,0,68.3,93,Balanced,67,250,26.8,0.54,18,Monday,0,0,1,10,10,0,0,0,0,0,0,0,24.0,0,Clear,1.0,5,51.3,130,Moderate,Central Cafeteria,Meals,Standard,59,78.3,98,93,5,5.1,0,28,56.5,196,0,Ample,Low Activity,EXP-0447,USER_PREPARED_CAMPUS_DATA
2026-10-05,Night,0,Medium,Mid,0,None,68,82,120,0,56.7,93,Balanced,58,250,23.2,0.48,20,Monday,0,0,1,10,10,0,0,0,0,0,0,0,24.0,0,Clear,1.0,5,51.3,130,Low,Central Cafeteria,Meals,Standard,93,78.3,98,93,5,5.1,0,67,56.5,196,0,Ample,Low Activity,EXP-0448,USER_PREPARED_CAMPUS_DATA
2026-10-06,Morning,1,Medium,Mid,0,None,33,20,120,0,27.5,46,Balanced,16,250,6.4,0.23,8,Tuesday,1,0,0,10,10,0,0,0,0,0,0,0,24.0,0,Clear,1.0,5,51.3,130,Low,Central Cafeteria,Meals,Standard,93,78.3,48,46,2,4.2,0,58,56.5,196,0,Ample,Low Activity,EXP-0449,USER_PREPARED_CAMPUS_DATA
2026-10-06,Late Morning,0,Medium,Mid,0,None,11,33,120,0,9.2,39,Balanced,17,250,6.8,0.13,10,Tuesday,1,0,0,10,10,0,0,0,0,0,0,0,24.0,0,Clear,1.0,5,51.3,130,Low,Central Cafeteria,Meals,Standard,46,78.3,41,39,2,4.9,0,16,56.5,196,0,Ample,Low Activity,EXP-0450,USER_PREPARED_CAMPUS_DATA
2026-10-06,Noon / Lunch,7,Medium,Mid,0,None,8,11,120,0,6.7,139,Shortage Risk,43,250,17.2,0.34,12,Tuesday,1,0,1,10,10,0,0,0,0,0,0,0,24.0,0,Clear,1.0,5,51.3,130,Low,Central Cafeteria,Meals,Standard,39,78.3,118,118,0,0.0,21,17,56.5,196,0,Ample,Low Activity,EXP-0451,USER_PREPARED_CAMPUS_DATA
2026-10-06,Afternoon,1,Medium,Mid,1,None,14,8,120,0,11.7,73,Balanced,39,250,15.6,0.23,14,Tuesday,1,0,1,10,10,0,0,0,0,0,0,0,24.0,0,Clear,1.0,5,51.3,130,Low,Central Cafeteria,Meals,Standard,139,78.3,77,73,4,5.2,0,43,56.5,196,0,Ample,Low Activity,EXP-0452,USER_PREPARED_CAMPUS_DATA
2026-10-06,Afternoon,8,Medium,Mid,0,None,81,14,120,0,67.5,64,Balanced,13,250,5.2,0.44,16,Tuesday,1,0,0,10,10,0,0,0,0,0,0,0,24.0,0,Clear,1.0,5,51.3,130,Moderate,Central Cafeteria,Meals,Standard,73,78.3,67,64,3,4.5,0,39,56.5,196,0,Ample,Low Activity,EXP-0453,USER_PREPARED_CAMPUS_DATA
2026-10-06,Evening Peak,2,Medium,Mid,0,None,83,81,120,0,69.2,108,Balanced,75,250,30.0,0.58,18,Tuesday,1,0,1,10,10,0,0,0,0,0,0,0,24.0,0,Clear,1.0,5,51.3,130,Moderate,Central Cafeteria,Meals,Standard,64,78.3,113,108,5,4.4,0,13,56.5,196,0,Ample,Low Activity,EXP-0454,USER_PREPARED_CAMPUS_DATA
2026-10-06,Night,1,Medium,Mid,0,None,76,83,120,0,63.3,99,Balanced,85,250,34.0,0.55,20,Tuesday,1,0,1,10,10,0,0,0,0,0,0,0,24.0,0,Clear,1.0,5,51.3,130,Moderate,Central Cafeteria,Meals,Standard,108,78.3,104,99,5,4.8,0,75,56.5,196,0,Ample,Low Activity,EXP-0455,USER_PREPARED_CAMPUS_DATA
2026-10-07,Morning,0,Medium,Mid,1,None,44,20,120,0,36.7,65,Balanced,32,250,12.8,0.32,8,Wednesday,2,0,0,10,10,0,0,0,0,0,0,0,24.0,0,Clear,1.0,5,51.3,130,Low,Central Cafeteria,Meals,Standard,99,78.3,68,65,3,4.4,0,85,56.5,196,0,Ample,Low Activity,EXP-0456,USER_PREPARED_CAMPUS_DATA
2026-10-07,Late Morning,2,Medium,Mid,0,None,25,44,120,0,20.8,55,Balanced,31,250,12.4,0.22,10,Wednesday,2,0,0,10,10,0,0,0,0,0,0,0,24.0,0,Clear,1.0,5,51.3,130,Low,Central Cafeteria,Meals,Standard,65,78.3,58,55,3,5.2,0,32,56.5,196,0,Ample,Low Activity,EXP-0457,USER_PREPARED_CAMPUS_DATA
2026-10-07,Noon / Lunch,7,Medium,Mid,0,None,20,25,120,0,16.7,148,Shortage Risk,42,250,16.8,0.4,12,Wednesday,2,0,1,10,10,0,0,0,0,0,0,0,24.0,0,Clear,1.0,5,51.3,130,Low,Central Cafeteria,Meals,Standard,55,78.3,126,126,0,0.0,22,31,56.5,196,0,Ample,Low Activity,EXP-0458,USER_PREPARED_CAMPUS_DATA
2026-10-07,Afternoon,0,Medium,Mid,0,None,18,20,120,0,15.0,37,Balanced,38,250,15.2,0.17,14,Wednesday,2,0,1,10,10,0,0,0,0,0,0,0,24.0,0,Clear,1.0,5,51.3,130,Low,Central Cafeteria,Meals,Standard,148,78.3,39,37,2,5.1,0,42,56.5,196,0,Ample,Low Activity,EXP-0459,USER_PREPARED_CAMPUS_DATA
2026-10-07,Afternoon,7,Medium,Mid,0,None,79,18,120,0,65.8,43,Balanced,27,250,10.8,0.4,16,Wednesday,2,0,0,10,10,0,0,0,0,0,0,0,24.0,0,Clear,1.0,5,51.3,130,Moderate,Central Cafeteria,Meals,Standard,37,78.3,45,43,2,4.4,0,38,56.5,196,0,Ample,Low Activity,EXP-0460,USER_PREPARED_CAMPUS_DATA
2026-10-07,Evening Peak,1,Medium,Mid,0,None,85,79,120,0,70.8,90,Balanced,80,250,32.0,0.56,18,Wednesday,2,0,1,10,10,0,0,0,0,0,0,0,24.0,0,Clear,1.0,5,51.3,130,Moderate,Central Cafeteria,Meals,Standard,43,78.3,94,90,4,4.3,0,27,56.5,196,0,Ample,Low Activity,EXP-0461,USER_PREPARED_CAMPUS_DATA
2026-10-07,Night,2,Medium,Mid,0,None,86,85,120,0,71.7,124,Balanced,69,250,27.6,0.62,20,Wednesday,2,0,1,10,10,0,0,0,0,0,0,0,24.0,0,Clear,1.0,5,51.3,130,Moderate,Central Cafeteria,Meals,Standard,90,78.3,130,124,6,4.6,0,80,56.5,196,0,Ample,Low Activity,EXP-0462,USER_PREPARED_CAMPUS_DATA
2026-10-08,Morning,2,Medium,Mid,0,None,44,20,120,0,36.7,43,Balanced,28,250,11.2,0.27,8,Thursday,3,0,0,10,10,0,0,0,0,0,0,0,24.0,0,Clear,1.0,5,51.3,130,Low,Central Cafeteria,Meals,Standard,124,78.3,45,43,2,4.4,0,69,56.5,196,0,Ample,Low Activity,EXP-0463,USER_PREPARED_CAMPUS_DATA
2026-10-08,Late Morning,0,Medium,Mid,0,None,23,44,120,0,19.2,47,Balanced,16,250,6.4,0.19,10,Thursday,3,0,0,10,10,0,0,0,0,0,0,0,24.0,0,Clear,1.0,5,51.3,130,Low,Central Cafeteria,Meals,Standard,43,78.3,49,47,2,4.1,0,28,56.5,196,0,Ample,Low Activity,EXP-0464,USER_PREPARED_CAMPUS_DATA
2026-10-08,Noon / Lunch,7,Medium,Mid,0,None,19,23,120,0,15.8,170,Shortage Risk,56,250,22.4,0.45,12,Thursday,3,0,1,10,10,0,0,0,0,0,0,0,24.0,0,Clear,1.0,5,51.3,130,Low,Central Cafeteria,Meals,Standard,47,78.3,144,144,0,0.0,26,16,56.5,196,0,Ample,Low Activity,EXP-0465,USER_PREPARED_CAMPUS_DATA
2026-10-08,Afternoon,1,Medium,Mid,0,None,20,19,120,0,16.7,39,Balanced,63,250,25.2,0.2,14,Thursday,3,0,1,10,10,0,0,0,0,0,0,0,24.0,0,Clear,1.0,5,51.3,130,Low,Central Cafeteria,Meals,Standard,170,78.3,41,39,2,4.9,0,56,56.5,196,0,Ample,Low Activity,EXP-0466,USER_PREPARED_CAMPUS_DATA
2026-10-08,Afternoon,6,Medium,Mid,0,None,88,20,120,0,73.3,69,Balanced,31,250,12.4,0.49,16,Thursday,3,0,0,10,10,0,0,0,0,0,0,0,24.0,0,Clear,1.0,5,51.3,130,Moderate,Central Cafeteria,Meals,Standard,39,78.3,72,69,3,4.2,0,63,56.5,196,0,Ample,Low Activity,EXP-0467,USER_PREPARED_CAMPUS_DATA
2026-10-08,Evening Peak,2,Medium,Mid,0,None,92,88,120,0,76.7,120,Balanced,77,250,30.8,0.64,18,Thursday,3,0,1,10,10,0,0,0,0,0,0,0,24.0,0,Clear,1.0,5,51.3,130,Moderate,Central Cafeteria,Meals,Standard,69,78.3,126,120,6,4.8,0,31,56.5,196,0,Ample,Low Activity,EXP-0468,USER_PREPARED_CAMPUS_DATA
2026-10-08,Night,2,Medium,Mid,0,None,71,92,120,0,59.2,108,Balanced,67,250,26.8,0.53,20,Thursday,3,0,1,10,10,0,0,0,0,0,0,0,24.0,0,Clear,1.0,5,51.3,130,Low,Central Cafeteria,Meals,Standard,120,78.3,113,108,5,4.4,0,77,56.5,196,0,Ample,Low Activity,EXP-0469,USER_PREPARED_CAMPUS_DATA
2026-10-09,Morning,0,Low,Late,1,Fest,42,20,120,0,35.0,70,Balanced,34,250,13.6,0.32,8,Friday,4,0,0,10,10,0,0,0,0,0,1,80,24.0,0,Clear,1.0,5,51.3,130,Low,Central Cafeteria,Meals,Standard,108,78.3,74,70,4,5.4,0,67,56.5,196,0,Ample,Low Activity,EXP-0470,USER_PREPARED_CAMPUS_DATA
2026-10-09,Late Morning,0,Low,Late,1,Fest,26,42,120,0,21.7,55,Balanced,31,250,12.4,0.23,10,Friday,4,0,0,10,10,0,0,0,0,0,1,80,24.0,0,Clear,1.0,5,51.3,130,Low,Central Cafeteria,Meals,Standard,70,78.3,58,55,3,5.2,0,34,56.5,196,0,Ample,Low Activity,EXP-0471,USER_PREPARED_CAMPUS_DATA
2026-10-09,Noon / Lunch,5,Low,Late,1,Fest,21,26,120,0,17.5,175,Shortage Risk,40,250,16.0,0.45,12,Friday,4,0,1,10,10,0,0,0,0,0,1,80,24.0,0,Clear,1.0,5,51.3,130,Low,Central Cafeteria,Meals,Standard,55,78.3,149,149,0,0.0,26,31,56.5,196,0,Ample,Low Activity,EXP-0472,USER_PREPARED_CAMPUS_DATA
2026-10-09,Afternoon,1,Low,Late,1,Fest,30,21,120,0,25.0,83,Balanced,54,250,21.6,0.32,14,Friday,4,0,1,10,10,0,0,0,0,0,1,80,24.0,0,Clear,1.0,5,51.3,130,Low,Central Cafeteria,Meals,Standard,175,78.3,87,83,4,4.6,0,40,56.5,196,0,Ample,Low Activity,EXP-0473,USER_PREPARED_CAMPUS_DATA
2026-10-09,Afternoon,5,Low,Late,1,Fest,82,30,120,0,68.3,86,Balanced,28,250,11.2,0.5,16,Friday,4,0,0,10,10,0,0,0,0,0,1,80,24.0,0,Clear,1.0,5,51.3,130,Moderate,Central Cafeteria,Meals,Standard,83,78.3,90,86,4,4.4,0,54,56.5,196,0,Ample,Low Activity,EXP-0474,USER_PREPARED_CAMPUS_DATA
2026-10-09,Evening Peak,1,Low,Late,1,Fest,88,82,120,0,73.3,143,Shortage Risk,63,250,25.2,0.66,18,Friday,4,0,1,10,10,0,0,0,0,0,1,80,24.0,0,Clear,1.0,5,51.3,130,Moderate,Central Cafeteria,Meals,Standard,86,78.3,122,122,0,0.0,21,28,56.5,196,0,Ample,Low Activity,EXP-0475,USER_PREPARED_CAMPUS_DATA
2026-10-09,Night,1,Low,Late,1,Fest,76,88,120,0,63.3,129,Balanced,68,250,27.2,0.59,20,Friday,4,0,1,10,10,0,0,0,0,0,1,80,24.0,0,Clear,1.0,5,51.3,130,Moderate,Central Cafeteria,Meals,Standard,143,78.3,135,129,6,4.4,0,63,56.5,196,0,Ample,Low Activity,EXP-0476,USER_PREPARED_CAMPUS_DATA
2026-10-10,Morning,0,Low,Late,1,Fest,48,20,120,0,40.0,71,Balanced,21,250,8.4,0.34,8,Saturday,5,1,0,10,10,0,0,0,0,0,1,80,24.0,0,Clear,1.0,5,51.3,130,Low,Central Cafeteria,Meals,Standard,129,78.3,75,71,4,5.3,0,68,56.5,196,0,Ample,Low Activity,EXP-0477,USER_PREPARED_CAMPUS_DATA
2026-10-10,Late Morning,0,Low,Late,1,Fest,33,48,120,0,27.5,70,Balanced,26,250,10.4,0.28,10,Saturday,5,1,0,10,10,0,0,0,0,0,1,80,24.0,0,Clear,1.0,5,51.3,130,Low,Central Cafeteria,Meals,Standard,71,78.3,74,70,4,5.4,0,21,56.5,196,0,Ample,Low Activity,EXP-0478,USER_PREPARED_CAMPUS_DATA
2026-10-10,Noon / Lunch,0,Low,Late,1,Fest,32,33,120,0,26.7,132,Balanced,33,250,13.2,0.4,12,Saturday,5,1,1,10,10,0,0,0,0,0,1,80,24.0,0,Clear,1.0,5,51.3,130,Low,Central Cafeteria,Meals,Standard,70,78.3,139,132,7,5.0,0,26,56.5,196,0,Ample,Low Activity,EXP-0479,USER_PREPARED_CAMPUS_DATA
2026-10-10,Afternoon,0,Low,Late,1,Fest,33,32,120,0,27.5,63,Balanced,28,250,11.2,0.27,14,Saturday,5,1,1,10,10,0,0,0,0,0,1,80,24.0,0,Clear,1.0,5,51.3,130,Low,Central Cafeteria,Meals,Standard,132,78.3,66,63,3,4.5,0,33,56.5,196,0,Ample,Low Activity,EXP-0480,USER_PREPARED_CAMPUS_DATA
2026-10-10,Afternoon,0,Low,Late,1,Fest,83,33,120,0,69.2,54,Balanced,37,250,14.8,0.45,16,Saturday,5,1,0,10,10,0,0,0,0,0,1,80,24.0,0,Clear,1.0,5,51.3,130,Moderate,Central Cafeteria,Meals,Standard,63,78.3,57,54,3,5.3,0,28,56.5,196,0,Ample,Low Activity,EXP-0481,USER_PREPARED_CAMPUS_DATA
2026-10-10,Evening Peak,0,Low,Late,1,Fest,102,83,120,1,85.0,143,Shortage Risk,70,250,28.0,0.72,18,Saturday,5,1,1,10,10,0,0,0,0,0,1,80,24.0,0,Clear,1.0,5,51.3,130,High,Central Cafeteria,Meals,Standard,54,78.3,122,122,0,0.0,21,37,56.5,196,0,Ample,Low Activity,EXP-0482,USER_PREPARED_CAMPUS_DATA
2026-10-10,Night,0,Low,Late,1,Fest,97,102,120,1,80.8,126,Balanced,59,250,23.6,0.66,20,Saturday,5,1,1,10,10,0,0,0,0,0,1,80,24.0,0,Clear,1.0,5,51.3,130,High,Central Cafeteria,Meals,Standard,143,78.3,132,126,6,4.5,0,70,56.5,196,0,Ample,Low Activity,EXP-0483,USER_PREPARED_CAMPUS_DATA
2026-10-11,Morning,0,Low,Late,1,Fest,54,20,120,0,45.0,70,Balanced,19,250,7.6,0.35,8,Sunday,6,1,0,10,10,0,0,0,0,0,1,80,24.0,0,Clear,1.0,5,51.3,130,Low,Central Cafeteria,Meals,Standard,126,78.3,74,70,4,5.4,0,59,56.5,196,0,Ample,Low Activity,EXP-0484,USER_PREPARED_CAMPUS_DATA
2026-10-11,Late Morning,0,Low,Late,1,Fest,41,54,120,0,34.2,65,Balanced,32,250,12.8,0.31,10,Sunday,6,1,0,10,10,0,0,0,0,0,1,80,24.0,0,Clear,1.0,5,51.3,130,Low,Central Cafeteria,Meals,Standard,70,78.3,68,65,3,4.4,0,19,56.5,196,0,Ample,Low Activity,EXP-0485,USER_PREPARED_CAMPUS_DATA
2026-10-11,Noon / Lunch,0,Low,Late,1,Fest,42,41,120,0,35.0,148,Shortage Risk,18,250,7.2,0.46,12,Sunday,6,1,1,10,10,0,0,0,0,0,1,80,24.0,0,Clear,1.0,5,51.3,130,Low,Central Cafeteria,Meals,Standard,65,78.3,126,126,0,0.0,22,32,56.5,196,0,Ample,Low Activity,EXP-0486,USER_PREPARED_CAMPUS_DATA
2026-10-11,Afternoon,0,Low,Late,1,Fest,31,42,120,0,25.8,44,Balanced,35,250,14.0,0.23,14,Sunday,6,1,1,10,10,0,0,0,0,0,1,80,24.0,0,Clear,1.0,5,51.3,130,Low,Central Cafeteria,Meals,Standard,148,78.3,46,44,2,4.3,0,18,56.5,196,0,Ample,Low Activity,EXP-0487,USER_PREPARED_CAMPUS_DATA
2026-10-11,Afternoon,0,Low,Late,1,Fest,91,31,120,0,75.8,53,Balanced,30,250,12.0,0.47,16,Sunday,6,1,0,10,10,0,0,0,0,0,1,80,24.0,0,Clear,1.0,5,51.3,130,Moderate,Central Cafeteria,Meals,Standard,44,78.3,56,53,3,5.4,0,35,56.5,196,0,Ample,Low Activity,EXP-0488,USER_PREPARED_CAMPUS_DATA
2026-10-11,Evening Peak,0,Low,Late,1,Fest,99,91,120,1,82.5,142,Shortage Risk,70,250,28.0,0.7,18,Sunday,6,1,1,10,10,0,0,0,0,0,1,80,24.0,0,Clear,1.0,5,51.3,130,High,Central Cafeteria,Meals,Standard,53,78.3,121,121,0,0.0,21,30,56.5,196,0,Ample,Low Activity,EXP-0489,USER_PREPARED_CAMPUS_DATA
2026-10-11,Night,0,Low,Late,1,Fest,80,99,120,0,66.7,144,Shortage Risk,63,250,25.2,0.63,20,Sunday,6,1,1,10,10,0,0,0,0,0,1,80,24.0,0,Clear,1.0,5,51.3,130,Moderate,Central Cafeteria,Meals,Standard,142,78.3,122,122,0,0.0,22,70,56.5,196,0,Ample,Low Activity,EXP-0490,USER_PREPARED_CAMPUS_DATA
