date,time_slot,classes_ending_near,academic_workload,semester_stage,campus_event_flag,event_type,sports_visitor_count,sports_prev_crowd,sports_capacity,sports_overcrowded_flag,sports_load_pct,food_orders_demand,library_occupancy,library_capacity,library_load_pct,starting_hour,day_of_week,day_of_week_num,is_weekend,is_peak_hour,month,semester_week,is_exam_week,is_midterm,is_assignment_deadline,sports_event_flag,tournament_flag,cultural_major_event_flag,expected_event_attendance,temperature,rain_flag,weather_condition,outdoor_suitability,sports_active_courts,sports_hist_avg_crowd,sports_hist_peak_crowd,sports_risk_level,food_outlet_name,food_category,food_price_tier,food_prev_orders,food_hist_demand,food_prepared_qty,food_sold_qty,food_surplus_qty,food_surplus_pct,food_shortage_qty,food_risk_category,library_prev_occupancy,library_hist_avg_occupancy,library_hist_peak_occupancy,library_high_demand_flag,study_space_availability,campus_pulse_index,campus_activity_status,record_id,data_source_label
2026-08-03,Morning,2,Medium,Mid,0,,43,20,120,0,35.8,35,38,250,15.2,8,Monday,0,0,0,8,1,0,0,0,0,0,0,0,24.0,0,Clear,1.0,5,51.3,130,Low,Central Cafeteria,Meals,Standard,35,78.3,37,35,2,5.4,0,Balanced,38,56.5,196,0,Ample,26.01,Low Activity,CIQ-0001,USER_PREPARED_CAMPUS_DATA
2026-08-03,Late Morning,0,Medium,Mid,0,,23,43,120,0,19.2,45,40,250,16.0,10,Monday,0,0,0,8,1,0,0,0,0,0,0,0,24.0,0,Clear,1.0,5,51.3,130,Low,Central Cafeteria,Meals,Standard,35,78.3,47,45,2,4.3,0,Balanced,38,56.5,196,0,Ample,21.27,Low Activity,CIQ-0002,USER_PREPARED_CAMPUS_DATA
2026-08-03,Noon / Lunch,6,Medium,Mid,1,,21,23,120,0,17.5,183,48,250,19.2,12,Monday,0,0,1,8,1,0,0,0,0,0,0,0,24.0,0,Clear,1.0,5,51.3,130,Low,Central Cafeteria,Meals,Standard,45,78.3,192,183,9,4.7,0,Balanced,40,56.5,196,0,Ample,33.14,Low Activity,CIQ-0003,USER_PREPARED_CAMPUS_DATA
2026-08-03,Afternoon,0,Medium,Mid,1,,27,21,120,0,22.5,47,54,250,21.6,14,Monday,0,0,1,8,1,0,0,0,0,0,0,0,24.0,0,Clear,1.0,5,51.3,130,Low,Central Cafeteria,Meals,Standard,183,78.3,49,47,2,4.1,0,Balanced,48,56.5,196,0,Ample,24.27,Low Activity,CIQ-0004,USER_PREPARED_CAMPUS_DATA
2026-08-03,Afternoon,8,Medium,Mid,0,,79,27,120,0,65.8,67,21,250,8.4,16,Monday,0,0,0,8,1,0,0,0,0,0,0,0,24.0,0,Clear,1.0,5,51.3,130,Moderate,Central Cafeteria,Meals,Standard,47,78.3,70,67,3,4.3,0,Balanced,54,56.5,196,0,Ample,37.13,Low Activity,CIQ-0005,USER_PREPARED_CAMPUS_DATA
2026-08-03,Evening Peak,0,Medium,Mid,0,,88,79,120,0,73.3,111,60,250,24.0,18,Monday,0,0,1,8,1,0,0,0,0,0,0,0,24.0,0,Clear,1.0,5,51.3,130,Moderate,Central Cafeteria,Meals,Standard,67,78.3,117,111,6,5.1,0,Balanced,21,56.5,196,0,Ample,48.1,Moderate Load,CIQ-0006,USER_PREPARED_CAMPUS_DATA
2026-08-03,Night,0,Medium,Mid,1,Sports_Tournament,103,88,120,1,85.8,126,67,250,26.8,20,Monday,0,0,1,8,1,0,0,0,1,1,0,80,24.0,0,Clear,1.0,5,51.3,130,High,Central Cafeteria,Meals,Standard,111,78.3,132,126,6,4.5,0,Balanced,60,56.5,196,0,Ample,54.57,Moderate Load,CIQ-0007,USER_PREPARED_CAMPUS_DATA
2026-08-04,Morning,2,Low,Mid,0,,50,20,120,0,41.7,33,24,250,9.6,8,Tuesday,1,0,0,8,1,0,0,0,0,0,0,0,24.0,0,Clear,1.0,5,51.3,130,Low,Central Cafeteria,Meals,Standard,126,78.3,35,33,2,5.7,0,Balanced,67,56.5,196,0,Ample,23.22,Low Activity,CIQ-0008,USER_PREPARED_CAMPUS_DATA
2026-08-04,Late Morning,1,Low,Mid,0,,18,50,120,0,15.0,36,25,250,10.0,10,Tuesday,1,0,0,8,1,0,0,0,0,0,0,0,24.0,0,Clear,1.0,5,51.3,130,Low,Central Cafeteria,Meals,Standard,33,78.3,38,36,2,5.3,0,Balanced,24,56.5,196,0,Ample,14.25,Low Activity,CIQ-0009,USER_PREPARED_CAMPUS_DATA
2026-08-04,Noon / Lunch,8,Low,Mid,0,,19,18,120,0,15.8,152,53,250,21.2,12,Tuesday,1,0,1,8,1,0,0,0,0,0,0,0,24.0,0,Clear,1.0,5,51.3,130,Low,Central Cafeteria,Meals,Standard,36,78.3,160,152,8,5.0,0,Balanced,25,56.5,196,0,Ample,27.56,Low Activity,CIQ-0010,USER_PREPARED_CAMPUS_DATA
2026-08-04,Afternoon,2,Low,Mid,0,,22,19,120,0,18.3,49,48,250,19.2,14,Tuesday,1,0,1,8,1,0,0,0,0,0,0,0,24.0,0,Clear,1.0,5,51.3,130,Low,Central Cafeteria,Meals,Standard,152,78.3,51,49,2,3.9,0,Balanced,53,56.5,196,0,Ample,19.25,Low Activity,CIQ-0011,USER_PREPARED_CAMPUS_DATA
2026-08-04,Afternoon,8,Low,Mid,0,,81,22,120,0,67.5,57,17,250,6.8,16,Tuesday,1,0,0,8,1,0,0,0,0,0,0,0,24.0,0,Clear,1.0,5,51.3,130,Moderate,Central Cafeteria,Meals,Standard,49,78.3,60,57,3,5.0,0,Balanced,48,56.5,196,0,Ample,33.42,Low Activity,CIQ-0012,USER_PREPARED_CAMPUS_DATA
2026-08-04,Evening Peak,0,Low,Mid,0,,84,81,120,0,70.0,107,65,250,26.0,18,Tuesday,1,0,1,8,1,0,0,0,0,0,0,0,24.0,0,Clear,1.0,5,51.3,130,Moderate,Central Cafeteria,Meals,Standard,57,78.3,112,107,5,4.5,0,Balanced,17,56.5,196,0,Ample,44.22,Low Activity,CIQ-0013,USER_PREPARED_CAMPUS_DATA
2026-08-04,Night,2,Low,Mid,0,,69,84,120,0,57.5,123,74,250,29.6,20,Tuesday,1,0,1,8,1,0,0,0,0,0,0,0,24.0,0,Clear,1.0,5,51.3,130,Low,Central Cafeteria,Meals,Standard,107,78.3,129,123,6,4.7,0,Balanced,65,56.5,196,0,Ample,42.26,Low Activity,CIQ-0014,USER_PREPARED_CAMPUS_DATA
2026-08-05,Morning,0,Medium,Mid,0,,42,20,120,0,35.0,29,32,250,12.8,8,Wednesday,2,0,0,8,1,0,0,0,0,0,0,0,24.0,0,Clear,1.0,5,51.3,130,Low,Central Cafeteria,Meals,Standard,123,78.3,30,29,1,3.3,0,Balanced,74,56.5,196,0,Ample,24.51,Low Activity,CIQ-0015,USER_PREPARED_CAMPUS_DATA
2026-08-05,Late Morning,1,Medium,Mid,0,,23,42,120,0,19.2,32,37,250,14.8,10,Wednesday,2,0,0,8,1,0,0,0,0,0,0,0,24.0,0,Clear,1.0,5,51.3,130,Low,Central Cafeteria,Meals,Standard,29,78.3,34,32,2,5.9,0,Balanced,32,56.5,196,0,Ample,19.83,Low Activity,CIQ-0016,USER_PREPARED_CAMPUS_DATA
2026-08-05,Noon / Lunch,7,Medium,Mid,0,,9,23,120,0,7.5,138,56,250,22.4,12,Wednesday,2,0,1,8,1,0,0,0,0,0,0,0,24.0,0,Clear,1.0,5,51.3,130,Low,Central Cafeteria,Meals,Standard,32,78.3,145,138,7,4.8,0,Balanced,37,56.5,196,0,Ample,26.84,Low Activity,CIQ-0017,USER_PREPARED_CAMPUS_DATA
2026-08-05,Afternoon,2,Medium,Mid,0,,21,9,120,0,17.5,53,27,250,10.8,14,Wednesday,2,0,1,8,1,0,0,0,0,0,0,0,24.0,0,Clear,1.0,5,51.3,130,Low,Central Cafeteria,Meals,Standard,138,78.3,56,53,3,5.4,0,Balanced,56,56.5,196,0,Ample,19.78,Low Activity,CIQ-0018,USER_PREPARED_CAMPUS_DATA
2026-08-05,Afternoon,5,Medium,Mid,1,Sports_Tournament,113,21,120,1,94.2,106,27,250,10.8,16,Wednesday,2,0,0,8,1,0,0,0,1,1,0,80,24.0,0,Clear,1.0,5,51.3,130,High,Central Cafeteria,Meals,Standard,53,78.3,111,106,5,4.5,0,Balanced,27,56.5,196,0,Ample,51.04,Moderate Load,CIQ-0019,USER_PREPARED_CAMPUS_DATA
2026-08-05,Evening Peak,0,Medium,Mid,0,,89,113,120,0,74.2,93,65,250,26.0,18,Wednesday,2,0,1,8,1,0,0,0,0,0,0,0,24.0,0,Clear,1.0,5,51.3,130,Moderate,Central Cafeteria,Meals,Standard,106,78.3,98,93,5,5.1,0,Balanced,27,56.5,196,0,Ample,47.52,Moderate Load,CIQ-0020,USER_PREPARED_CAMPUS_DATA
2026-08-05,Night,0,Medium,Mid,0,,70,89,120,0,58.3,113,66,250,26.4,20,Wednesday,2,0,1,8,1,0,0,0,0,0,0,0,24.0,0,Clear,1.0,5,51.3,130,Low,Central Cafeteria,Meals,Standard,93,78.3,119,113,6,5.0,0,Balanced,65,56.5,196,0,Ample,43.74,Low Activity,CIQ-0021,USER_PREPARED_CAMPUS_DATA
2026-08-06,Morning,1,Medium,Mid,0,,47,20,120,0,39.2,49,25,250,10.0,8,Thursday,3,0,0,8,1,0,0,0,0,0,0,0,24.0,0,Clear,1.0,5,51.3,130,Low,Central Cafeteria,Meals,Standard,113,78.3,51,49,2,3.9,0,Balanced,66,56.5,196,0,Ample,26.8,Low Activity,CIQ-0022,USER_PREPARED_CAMPUS_DATA
2026-08-06,Late Morning,0,Medium,Mid,0,,20,47,120,0,16.7,34,25,250,10.0,10,Thursday,3,0,0,8,1,0,0,0,0,0,0,0,24.0,0,Clear,1.0,5,51.3,130,Low,Central Cafeteria,Meals,Standard,49,78.3,36,34,2,5.6,0,Balanced,25,56.5,196,0,Ample,17.68,Low Activity,CIQ-0023,USER_PREPARED_CAMPUS_DATA
2026-08-06,Noon / Lunch,5,Medium,Mid,0,,12,20,120,0,10.0,135,41,250,16.4,12,Thursday,3,0,1,8,1,0,0,0,0,0,0,0,24.0,0,Clear,1.0,5,51.3,130,Low,Central Cafeteria,Meals,Standard,34,78.3,142,135,7,4.9,0,Balanced,25,56.5,196,0,Ample,25.67,Low Activity,CIQ-0024,USER_PREPARED_CAMPUS_DATA
2026-08-06,Afternoon,1,Medium,Mid,0,,16,12,120,0,13.3,46,45,250,18.0,14,Thursday,3,0,1,8,1,0,0,0,0,0,0,0,24.0,0,Clear,1.0,5,51.3,130,Low,Central Cafeteria,Meals,Standard,135,78.3,48,46,2,4.2,0,Balanced,41,56.5,196,0,Ample,19.89,Low Activity,CIQ-0025,USER_PREPARED_CAMPUS_DATA
2026-08-06,Afternoon,8,Medium,Mid,0,,76,16,120,0,63.3,78,11,250,4.4,16,Thursday,3,0,0,8,1,0,0,0,0,0,0,0,24.0,0,Clear,1.0,5,51.3,130,Moderate,Central Cafeteria,Meals,Standard,46,78.3,82,78,4,4.9,0,Balanced,45,56.5,196,0,Ample,35.97,Low Activity,CIQ-0026,USER_PREPARED_CAMPUS_DATA
2026-08-06,Evening Peak,1,Medium,Mid,1,Sports_Tournament,113,76,120,1,94.2,137,69,250,27.6,18,Thursday,3,0,1,8,1,0,0,0,1,1,0,80,24.0,0,Clear,1.0,5,51.3,130,High,Central Cafeteria,Meals,Standard,78,78.3,144,137,7,4.9,0,Balanced,11,56.5,196,0,Ample,58.67,Moderate Load,CIQ-0027,USER_PREPARED_CAMPUS_DATA
2026-08-06,Night,0,Medium,Mid,1,Sports_Tournament,123,113,120,1,102.5,118,79,250,31.6,20,Thursday,3,0,1,8,1,0,0,0,1,1,0,80,24.0,0,Clear,1.0,5,51.3,130,Severe,Central Cafeteria,Meals,Standard,137,78.3,124,118,6,4.8,0,Balanced,69,56.5,196,0,Ample,61.19,Moderate Load,CIQ-0028,USER_PREPARED_CAMPUS_DATA
2026-08-07,Morning,1,Medium,Mid,0,,47,20,120,0,39.2,49,34,250,13.6,8,Friday,4,0,0,8,1,0,0,0,0,0,0,0,24.0,0,Clear,1.0,5,51.3,130,Low,Central Cafeteria,Meals,Standard,118,78.3,51,49,2,3.9,0,Balanced,79,56.5,196,0,Ample,27.88,Low Activity,CIQ-0029,USER_PREPARED_CAMPUS_DATA
2026-08-07,Late Morning,1,Medium,Mid,0,,19,47,120,0,15.8,63,32,250,12.8,10,Friday,4,0,0,8,1,0,0,0,0,0,0,0,24.0,0,Clear,1.0,5,51.3,130,Low,Central Cafeteria,Meals,Standard,49,78.3,66,63,3,4.5,0,Balanced,34,56.5,196,0,Ample,20.62,Low Activity,CIQ-0030,USER_PREPARED_CAMPUS_DATA
2026-08-07,Noon / Lunch,5,Medium,Mid,0,,19,19,120,0,15.8,148,38,250,15.2,12,Friday,4,0,1,8,1,0,0,0,0,0,0,0,24.0,0,Clear,1.0,5,51.3,130,Low,Central Cafeteria,Meals,Standard,63,78.3,155,148,7,4.5,0,Balanced,32,56.5,196,0,Ample,28.42,Low Activity,CIQ-0031,USER_PREPARED_CAMPUS_DATA
2026-08-07,Afternoon,2,Medium,Mid,0,,21,19,120,0,17.5,51,55,250,22.0,14,Friday,4,0,1,8,1,0,0,0,0,0,0,0,24.0,0,Clear,1.0,5,51.3,130,Low,Central Cafeteria,Meals,Standard,148,78.3,54,51,3,5.6,0,Balanced,38,56.5,196,0,Ample,22.98,Low Activity,CIQ-0032,USER_PREPARED_CAMPUS_DATA
2026-08-07,Afternoon,7,Medium,Mid,0,,80,21,120,0,66.7,68,20,250,8.0,16,Friday,4,0,0,8,1,0,0,0,0,0,0,0,24.0,0,Clear,1.0,5,51.3,130,Moderate,Central Cafeteria,Meals,Standard,51,78.3,71,68,3,4.2,0,Balanced,55,56.5,196,0,Ample,37.41,Low Activity,CIQ-0033,USER_PREPARED_CAMPUS_DATA
2026-08-07,Evening Peak,0,Medium,Mid,0,,87,80,120,0,72.5,113,67,250,26.8,18,Friday,4,0,1,8,1,0,0,0,0,0,0,0,24.0,0,Clear,1.0,5,51.3,130,Moderate,Central Cafeteria,Meals,Standard,68,78.3,119,113,6,5.0,0,Balanced,20,56.5,196,0,Ample,48.83,Moderate Load,CIQ-0034,USER_PREPARED_CAMPUS_DATA
2026-08-07,Night,1,Medium,Mid,0,,71,87,120,0,59.2,112,73,250,29.2,20,Friday,4,0,1,8,1,0,0,0,0,0,0,0,24.0,0,Clear,1.0,5,51.3,130,Low,Central Cafeteria,Meals,Standard,113,78.3,118,112,6,5.1,0,Balanced,67,56.5,196,0,Ample,44.81,Low Activity,CIQ-0035,USER_PREPARED_CAMPUS_DATA
2026-08-08,Morning,0,Medium,Mid,0,,56,20,120,0,46.7,27,35,250,14.0,8,Saturday,5,1,0,8,1,0,0,0,0,0,0,0,24.0,0,Clear,1.0,5,51.3,130,Low,Central Cafeteria,Meals,Standard,112,78.3,28,27,1,3.6,0,Balanced,73,56.5,196,0,Ample,28.8,Low Activity,CIQ-0036,USER_PREPARED_CAMPUS_DATA
2026-08-08,Late Morning,0,Medium,Mid,0,,36,56,120,0,30.0,46,36,250,14.4,10,Saturday,5,1,0,8,1,0,0,0,0,0,0,0,24.0,0,Clear,1.0,5,51.3,130,Low,Central Cafeteria,Meals,Standard,27,78.3,48,46,2,4.2,0,Balanced,35,56.5,196,0,Ample,24.65,Low Activity,CIQ-0037,USER_PREPARED_CAMPUS_DATA
2026-08-08,Noon / Lunch,0,Medium,Mid,0,,43,36,120,0,35.8,112,20,250,8.0,12,Saturday,5,1,1,8,1,0,0,0,0,0,0,0,24.0,0,Clear,1.0,5,51.3,130,Low,Central Cafeteria,Meals,Standard,46,78.3,118,112,6,5.1,0,Balanced,36,56.5,196,0,Ample,30.26,Low Activity,CIQ-0038,USER_PREPARED_CAMPUS_DATA
2026-08-08,Afternoon,0,Medium,Mid,0,,36,43,120,0,30.0,24,27,250,10.8,14,Saturday,5,1,1,8,1,0,0,0,0,0,0,0,24.0,0,Clear,1.0,5,51.3,130,Low,Central Cafeteria,Meals,Standard,112,78.3,25,24,1,4.0,0,Balanced,20,56.5,196,0,Ample,21.74,Low Activity,CIQ-0039,USER_PREPARED_CAMPUS_DATA
2026-08-08,Afternoon,0,Medium,Mid,0,,92,36,120,0,76.7,47,34,250,13.6,16,Saturday,5,1,0,8,1,0,0,0,0,0,0,0,24.0,0,Clear,1.0,5,51.3,130,Moderate,Central Cafeteria,Meals,Standard,24,78.3,49,47,2,4.1,0,Balanced,27,56.5,196,0,Ample,40.84,Low Activity,CIQ-0040,USER_PREPARED_CAMPUS_DATA
2026-08-08,Evening Peak,0,Medium,Mid,0,,105,92,120,1,87.5,94,94,250,37.6,18,Saturday,5,1,1,8,1,0,0,0,0,0,0,0,24.0,0,Clear,1.0,5,51.3,130,High,Central Cafeteria,Meals,Standard,47,78.3,99,94,5,5.1,0,Balanced,34,56.5,196,0,Ample,55.74,Moderate Load,CIQ-0041,USER_PREPARED_CAMPUS_DATA
2026-08-08,Night,0,Medium,Mid,0,,90,105,120,0,75.0,112,69,250,27.6,20,Saturday,5,1,1,8,1,0,0,0,0,0,0,0,24.0,0,Clear,1.0,5,51.3,130,Moderate,Central Cafeteria,Meals,Standard,94,78.3,118,112,6,5.1,0,Balanced,94,56.5,196,0,Ample,49.86,Moderate Load,CIQ-0042,USER_PREPARED_CAMPUS_DATA
2026-08-09,Morning,0,Medium,Mid,0,,60,20,120,0,50.0,46,17,250,6.8,8,Sunday,6,1,0,8,1,0,0,0,0,0,0,0,24.0,0,Clear,1.0,5,51.3,130,Low,Central Cafeteria,Meals,Standard,112,78.3,48,46,2,4.2,0,Balanced,69,56.5,196,0,Ample,29.37,Low Activity,CIQ-0043,USER_PREPARED_CAMPUS_DATA
2026-08-09,Late Morning,0,Medium,Mid,0,,40,60,120,0,33.3,37,50,250,20.0,10,Sunday,6,1,0,8,1,0,0,0,0,0,0,0,24.0,0,Clear,1.0,5,51.3,130,Low,Central Cafeteria,Meals,Standard,46,78.3,39,37,2,5.1,0,Balanced,17,56.5,196,0,Ample,26.74,Low Activity,CIQ-0044,USER_PREPARED_CAMPUS_DATA
2026-08-09,Noon / Lunch,0,Medium,Mid,0,,26,40,120,0,21.7,126,26,250,10.4,12,Sunday,6,1,1,8,1,0,0,0,0,0,0,0,24.0,0,Clear,1.0,5,51.3,130,Low,Central Cafeteria,Meals,Standard,37,78.3,132,126,6,4.5,0,Balanced,50,56.5,196,0,Ample,27.22,Low Activity,CIQ-0045,USER_PREPARED_CAMPUS_DATA
2026-08-09,Afternoon,0,Medium,Mid,0,,35,26,120,0,29.2,18,32,250,12.8,14,Sunday,6,1,1,8,1,0,0,0,0,0,0,0,24.0,0,Clear,1.0,5,51.3,130,Low,Central Cafeteria,Meals,Standard,126,78.3,19,18,1,5.3,0,Balanced,26,56.5,196,0,Ample,21.56,Low Activity,CIQ-0046,USER_PREPARED_CAMPUS_DATA
2026-08-09,Afternoon,0,Medium,Mid,0,,87,35,120,0,72.5,36,23,250,9.2,16,Sunday,6,1,0,8,1,0,0,0,0,0,0,0,24.0,0,Clear,1.0,5,51.3,130,Moderate,Central Cafeteria,Meals,Standard,18,78.3,38,36,2,5.3,0,Balanced,32,56.5,196,0,Ample,37.14,Low Activity,CIQ-0047,USER_PREPARED_CAMPUS_DATA
2026-08-09,Evening Peak,0,Medium,Mid,0,,92,87,120,0,76.7,104,78,250,31.2,18,Sunday,6,1,1,8,1,0,0,0,0,0,0,0,24.0,0,Clear,1.0,5,51.3,130,Moderate,Central Cafeteria,Meals,Standard,36,78.3,109,104,5,4.6,0,Balanced,23,56.5,196,0,Ample,50.87,Moderate Load,CIQ-0048,USER_PREPARED_CAMPUS_DATA
2026-08-09,Night,0,Medium,Mid,0,,78,92,120,0,65.0,99,81,250,32.4,20,Sunday,6,1,1,8,1,0,0,0,0,0,0,0,24.0,0,Clear,1.0,5,51.3,130,Moderate,Central Cafeteria,Meals,Standard,104,78.3,104,99,5,4.8,0,Balanced,78,56.5,196,0,Ample,46.72,Moderate Load,CIQ-0049,USER_PREPARED_CAMPUS_DATA
2026-08-10,Morning,0,Medium,Mid,0,,36,20,120,0,30.0,51,20,250,8.0,8,Monday,0,0,0,8,2,0,0,0,0,0,0,0,24.0,0,Clear,1.0,5,51.3,130,Low,Central Cafeteria,Meals,Standard,99,78.3,54,51,3,5.6,0,Balanced,81,56.5,196,0,Ample,23.15,Low Activity,CIQ-0050,USER_PREPARED_CAMPUS_DATA
2026-08-10,Late Morning,2,Medium,Mid,0,,14,36,120,0,11.7,37,23,250,9.2,10,Monday,0,0,0,8,2,0,0,0,0,0,0,0,24.0,0,Clear,1.0,5,51.3,130,Low,Central Cafeteria,Meals,Standard,51,78.3,39,37,2,5.1,0,Balanced,20,56.5,196,0,Ample,15.94,Low Activity,CIQ-0051,USER_PREPARED_CAMPUS_DATA
2026-08-10,Noon / Lunch,8,Medium,Mid,1,,19,14,120,0,15.8,187,52,250,20.8,12,Monday,0,0,1,8,2,0,0,0,0,0,0,0,24.0,0,Clear,1.0,5,51.3,130,Low,Central Cafeteria,Meals,Standard,37,78.3,196,187,9,4.6,0,Balanced,23,56.5,196,0,Ample,33.35,Low Activity,CIQ-0052,USER_PREPARED_CAMPUS_DATA
2026-08-10,Afternoon,1,Medium,Mid,0,,17,19,120,0,14.2,33,54,250,21.6,14,Monday,0,0,1,8,2,0,0,0,0,0,0,0,24.0,0,Clear,1.0,5,51.3,130,Low,Central Cafeteria,Meals,Standard,187,78.3,35,33,2,5.7,0,Balanced,52,56.5,196,0,Ample,20.2,Low Activity,CIQ-0053,USER_PREPARED_CAMPUS_DATA
2026-08-10,Afternoon,6,Medium,Mid,0,,75,17,120,0,62.5,54,20,250,8.0,16,Monday,0,0,0,8,2,0,0,0,0,0,0,0,24.0,0,Clear,1.0,5,51.3,130,Moderate,Central Cafeteria,Meals,Standard,33,78.3,57,54,3,5.3,0,Balanced,54,56.5,196,0,Ample,34.78,Low Activity,CIQ-0054,USER_PREPARED_CAMPUS_DATA
2026-08-10,Evening Peak,1,Medium,Mid,0,,85,75,120,0,70.8,102,70,250,28.0,18,Monday,0,0,1,8,2,0,0,0,0,0,0,0,24.0,0,Clear,1.0,5,51.3,130,Moderate,Central Cafeteria,Meals,Standard,54,78.3,107,102,5,4.7,0,Balanced,20,56.5,196,0,Ample,47.68,Moderate Load,CIQ-0055,USER_PREPARED_CAMPUS_DATA
2026-08-10,Night,0,Medium,Mid,0,,69,85,120,0,57.5,106,79,250,31.6,20,Monday,0,0,1,8,2,0,0,0,0,0,0,0,24.0,0,Clear,1.0,5,51.3,130,Low,Central Cafeteria,Meals,Standard,102,78.3,111,106,5,4.5,0,Balanced,70,56.5,196,0,Ample,44.44,Low Activity,CIQ-0056,USER_PREPARED_CAMPUS_DATA
2026-08-11,Morning,2,Low,Mid,0,,48,20,120,0,40.0,45,34,250,13.6,8,Tuesday,1,0,0,8,2,0,0,0,0,0,0,0,24.0,0,Clear,1.0,5,51.3,130,Low,Central Cafeteria,Meals,Standard,106,78.3,47,45,2,4.3,0,Balanced,79,56.5,196,0,Ample,24.83,Low Activity,CIQ-0057,USER_PREPARED_CAMPUS_DATA
2026-08-11,Late Morning,0,Low,Mid,0,,26,48,120,0,21.7,18,17,250,6.8,10,Tuesday,1,0,0,8,2,0,0,0,0,0,0,0,24.0,0,Clear,1.0,5,51.3,130,Low,Central Cafeteria,Meals,Standard,45,78.3,19,18,1,5.3,0,Balanced,34,56.5,196,0,Ample,14.13,Low Activity,CIQ-0058,USER_PREPARED_CAMPUS_DATA
2026-08-11,Noon / Lunch,6,Low,Mid,0,,23,26,120,0,19.2,131,54,250,21.6,12,Tuesday,1,0,1,8,2,0,0,0,0,0,0,0,24.0,0,Clear,1.0,5,51.3,130,Low,Central Cafeteria,Meals,Standard,18,78.3,138,131,7,5.1,0,Balanced,17,56.5,196,0,Ample,27.12,Low Activity,CIQ-0059,USER_PREPARED_CAMPUS_DATA
2026-08-11,Afternoon,1,Low,Mid,0,,18,23,120,0,15.0,39,45,250,18.0,14,Tuesday,1,0,1,8,2,0,0,0,0,0,0,0,24.0,0,Clear,1.0,5,51.3,130,Low,Central Cafeteria,Meals,Standard,131,78.3,41,39,2,4.9,0,Balanced,54,56.5,196,0,Ample,16.9,Low Activity,CIQ-0060,USER_PREPARED_CAMPUS_DATA
2026-08-11,Afternoon,5,Low,Mid,0,,79,18,120,0,65.8,42,41,250,16.4,16,Tuesday,1,0,0,8,2,0,0,0,0,0,0,0,24.0,0,Clear,1.0,5,51.3,130,Moderate,Central Cafeteria,Meals,Standard,39,78.3,44,42,2,4.5,0,Balanced,45,56.5,196,0,Ample,34.45,Low Activity,CIQ-0061,USER_PREPARED_CAMPUS_DATA
2026-08-11,Evening Peak,2,Low,Mid,0,,97,79,120,1,80.8,133,68,250,27.2,18,Tuesday,1,0,1,8,2,0,0,0,0,0,0,0,24.0,0,Clear,1.0,5,51.3,130,High,Central Cafeteria,Meals,Standard,42,78.3,140,133,7,5.0,0,Balanced,41,56.5,196,0,Ample,50.52,Moderate Load,CIQ-0062,USER_PREPARED_CAMPUS_DATA
2026-08-11,Night,0,Low,Mid,0,,66,97,120,0,55.0,88,69,250,27.6,20,Tuesday,1,0,1,8,2,0,0,0,0,0,0,0,24.0,0,Clear,1.0,5,51.3,130,Low,Central Cafeteria,Meals,Standard,133,78.3,92,88,4,4.3,0,Balanced,68,56.5,196,0,Ample,37.86,Low Activity,CIQ-0063,USER_PREPARED_CAMPUS_DATA
2026-08-12,Morning,1,Medium,Mid,0,,35,20,120,0,29.2,49,28,250,11.2,8,Wednesday,2,0,0,8,2,0,0,0,0,0,0,0,24.0,0,Clear,1.0,5,51.3,130,Low,Central Cafeteria,Meals,Standard,88,78.3,51,49,2,3.9,0,Balanced,69,56.5,196,0,Ample,23.66,Low Activity,CIQ-0064,USER_PREPARED_CAMPUS_DATA
2026-08-12,Late Morning,0,Medium,Mid,0,,21,35,120,0,17.5,44,28,250,11.2,10,Wednesday,2,0,0,8,2,0,0,0,0,0,0,0,24.0,0,Clear,1.0,5,51.3,130,Low,Central Cafeteria,Meals,Standard,49,78.3,46,44,2,4.3,0,Balanced,28,56.5,196,0,Ample,19.15,Low Activity,CIQ-0065,USER_PREPARED_CAMPUS_DATA
2026-08-12,Noon / Lunch,6,Medium,Mid,0,,20,21,120,0,16.7,146,39,250,15.6,12,Wednesday,2,0,1,8,2,0,0,0,0,0,0,0,24.0,0,Clear,1.0,5,51.3,130,Low,Central Cafeteria,Meals,Standard,44,78.3,153,146,7,4.6,0,Balanced,28,56.5,196,0,Ample,28.69,Low Activity,CIQ-0066,USER_PREPARED_CAMPUS_DATA
2026-08-12,Afternoon,2,Medium,Mid,0,,18,20,120,0,15.0,47,52,250,20.8,14,Wednesday,2,0,1,8,2,0,0,0,0,0,0,0,24.0,0,Clear,1.0,5,51.3,130,Low,Central Cafeteria,Meals,Standard,146,78.3,49,47,2,4.1,0,Balanced,39,56.5,196,0,Ample,21.41,Low Activity,CIQ-0067,USER_PREPARED_CAMPUS_DATA
2026-08-12,Afternoon,8,Medium,Mid,0,,74,18,120,0,61.7,56,40,250,16.0,16,Wednesday,2,0,0,8,2,0,0,0,0,0,0,0,24.0,0,Clear,1.0,5,51.3,130,Moderate,Central Cafeteria,Meals,Standard,47,78.3,59,56,3,5.1,0,Balanced,52,56.5,196,0,Ample,37.06,Low Activity,CIQ-0068,USER_PREPARED_CAMPUS_DATA
2026-08-12,Evening Peak,2,Medium,Mid,0,,84,74,120,0,70.0,124,67,250,26.8,18,Wednesday,2,0,1,8,2,0,0,0,0,0,0,0,24.0,0,Clear,1.0,5,51.3,130,Moderate,Central Cafeteria,Meals,Standard,56,78.3,130,124,6,4.6,0,Balanced,40,56.5,196,0,Ample,48.87,Moderate Load,CIQ-0069,USER_PREPARED_CAMPUS_DATA
2026-08-12,Night,0,Medium,Mid,0,,78,84,120,0,65.0,116,64,250,25.6,20,Wednesday,2,0,1,8,2,0,0,0,0,0,0,0,24.0,0,Clear,1.0,5,51.3,130,Moderate,Central Cafeteria,Meals,Standard,124,78.3,122,116,6,4.9,0,Balanced,67,56.5,196,0,Ample,46.1,Moderate Load,CIQ-0070,USER_PREPARED_CAMPUS_DATA
2026-08-13,Morning,2,Low,Mid,0,,41,20,120,0,34.2,57,28,250,11.2,8,Thursday,3,0,0,8,2,0,0,0,0,0,0,0,24.0,0,Clear,1.0,5,51.3,130,Low,Central Cafeteria,Meals,Standard,116,78.3,60,57,3,5.0,0,Balanced,64,56.5,196,0,Ample,23.08,Low Activity,CIQ-0071,USER_PREPARED_CAMPUS_DATA
2026-08-13,Late Morning,1,Low,Mid,0,,20,41,120,0,16.7,45,15,250,6.0,10,Thursday,3,0,0,8,2,0,0,0,0,0,0,0,24.0,0,Clear,1.0,5,51.3,130,Low,Central Cafeteria,Meals,Standard,57,78.3,47,45,2,4.3,0,Balanced,28,56.5,196,0,Ample,14.4,Low Activity,CIQ-0072,USER_PREPARED_CAMPUS_DATA
2026-08-13,Noon / Lunch,7,Low,Mid,0,,17,20,120,0,14.2,147,50,250,20.0,12,Thursday,3,0,1,8,2,0,0,0,0,0,0,0,24.0,0,Clear,1.0,5,51.3,130,Low,Central Cafeteria,Meals,Standard,45,78.3,154,147,7,4.5,0,Balanced,15,56.5,196,0,Ample,26.22,Low Activity,CIQ-0073,USER_PREPARED_CAMPUS_DATA
2026-08-13,Afternoon,1,Low,Mid,0,,23,17,120,0,19.2,38,43,250,17.2,14,Thursday,3,0,1,8,2,0,0,0,0,0,0,0,24.0,0,Clear,1.0,5,51.3,130,Low,Central Cafeteria,Meals,Standard,147,78.3,40,38,2,5.0,0,Balanced,50,56.5,196,0,Ample,18.05,Low Activity,CIQ-0074,USER_PREPARED_CAMPUS_DATA
2026-08-13,Afternoon,5,Low,Mid,1,Sports_Tournament,114,23,120,1,95.0,81,26,250,10.4,16,Thursday,3,0,0,8,2,0,0,0,1,1,0,80,24.0,0,Clear,1.0,5,51.3,130,Severe,Central Cafeteria,Meals,Standard,38,78.3,85,81,4,4.7,0,Balanced,43,56.5,196,0,Ample,46.12,Moderate Load,CIQ-0075,USER_PREPARED_CAMPUS_DATA
2026-08-13,Evening Peak,0,Low,Mid,0,,97,114,120,1,80.8,99,71,250,28.4,18,Thursday,3,0,1,8,2,0,0,0,0,0,0,0,24.0,0,Clear,1.0,5,51.3,130,High,Central Cafeteria,Meals,Standard,81,78.3,104,99,5,4.8,0,Balanced,26,56.5,196,0,Ample,48.05,Moderate Load,CIQ-0076,USER_PREPARED_CAMPUS_DATA
2026-08-13,Night,0,Low,Mid,0,,77,97,120,0,64.2,101,75,250,30.0,20,Thursday,3,0,1,8,2,0,0,0,0,0,0,0,24.0,0,Clear,1.0,5,51.3,130,Moderate,Central Cafeteria,Meals,Standard,99,78.3,106,101,5,4.7,0,Balanced,71,56.5,196,0,Ample,42.89,Low Activity,CIQ-0077,USER_PREPARED_CAMPUS_DATA
2026-08-14,Morning,2,Medium,Mid,0,,41,20,120,0,34.2,49,42,250,16.8,8,Friday,4,0,0,8,2,0,0,0,0,0,0,0,24.0,0,Clear,1.0,5,51.3,130,Low,Central Cafeteria,Meals,Standard,101,78.3,51,49,2,3.9,0,Balanced,75,56.5,196,0,Ample,27.09,Low Activity,CIQ-0078,USER_PREPARED_CAMPUS_DATA
2026-08-14,Late Morning,0,Medium,Mid,0,,26,41,120,0,21.7,33,38,250,15.2,10,Friday,4,0,0,8,2,0,0,0,0,0,0,0,24.0,0,Clear,1.0,5,51.3,130,Low,Central Cafeteria,Meals,Standard,49,78.3,35,33,2,5.7,0,Balanced,42,56.5,196,0,Ample,20.9,Low Activity,CIQ-0079,USER_PREPARED_CAMPUS_DATA
2026-08-14,Noon / Lunch,6,Medium,Mid,0,,21,26,120,0,17.5,132,48,250,19.2,12,Friday,4,0,1,8,2,0,0,0,0,0,0,0,24.0,0,Clear,1.0,5,51.3,130,Low,Central Cafeteria,Meals,Standard,33,78.3,139,132,7,5.0,0,Balanced,38,56.5,196,0,Ample,28.88,Low Activity,CIQ-0080,USER_PREPARED_CAMPUS_DATA
2026-08-14,Afternoon,0,Medium,Mid,0,,25,21,120,0,20.8,31,44,250,17.6,14,Friday,4,0,1,8,2,0,0,0,0,0,0,0,24.0,0,Clear,1.0,5,51.3,130,Low,Central Cafeteria,Meals,Standard,132,78.3,33,31,2,6.1,0,Balanced,48,56.5,196,0,Ample,21.14,Low Activity,CIQ-0081,USER_PREPARED_CAMPUS_DATA
2026-08-14,Afternoon,5,Medium,Mid,0,,85,25,120,0,70.8,46,39,250,15.6,16,Friday,4,0,0,8,2,0,0,0,0,0,0,0,24.0,0,Clear,1.0,5,51.3,130,Moderate,Central Cafeteria,Meals,Standard,31,78.3,48,46,2,4.2,0,Balanced,44,56.5,196,0,Ample,39.29,Low Activity,CIQ-0082,USER_PREPARED_CAMPUS_DATA
2026-08-14,Evening Peak,2,Medium,Mid,0,,89,85,120,0,74.2,114,61,250,24.4,18,Friday,4,0,1,8,2,0,0,0,0,0,0,0,24.0,0,Clear,1.0,5,51.3,130,Moderate,Central Cafeteria,Meals,Standard,46,78.3,120,114,6,5.0,0,Balanced,39,56.5,196,0,Ample,48.79,Moderate Load,CIQ-0083,USER_PREPARED_CAMPUS_DATA
2026-08-14,Night,0,Medium,Mid,1,Sports_Tournament,105,89,120,1,87.5,140,74,250,29.6,20,Friday,4,0,1,8,2,0,0,0,1,1,0,80,24.0,0,Clear,1.0,5,51.3,130,High,Central Cafeteria,Meals,Standard,114,78.3,147,140,7,4.8,0,Balanced,61,56.5,196,0,Ample,57.17,Moderate Load,CIQ-0084,USER_PREPARED_CAMPUS_DATA
2026-08-15,Morning,0,Medium,Mid,0,,50,20,120,0,41.7,38,10,250,4.0,8,Saturday,5,1,0,8,2,0,0,0,0,0,0,0,24.0,0,Clear,1.0,5,51.3,130,Low,Central Cafeteria,Meals,Standard,140,78.3,40,38,2,5.0,0,Balanced,74,56.5,196,0,Ample,24.96,Low Activity,CIQ-0085,USER_PREPARED_CAMPUS_DATA
2026-08-15,Late Morning,0,Medium,Mid,0,,32,50,120,0,26.7,43,12,250,4.8,10,Saturday,5,1,0,8,2,0,0,0,0,0,0,0,24.0,0,Clear,1.0,5,51.3,130,Low,Central Cafeteria,Meals,Standard,38,78.3,45,43,2,4.4,0,Balanced,10,56.5,196,0,Ample,20.37,Low Activity,CIQ-0086,USER_PREPARED_CAMPUS_DATA
2026-08-15,Noon / Lunch,0,Medium,Mid,1,,37,32,120,0,30.8,140,19,250,7.6,12,Saturday,5,1,1,8,2,0,0,0,0,0,0,0,24.0,0,Clear,1.0,5,51.3,130,Low,Central Cafeteria,Meals,Standard,43,78.3,147,140,7,4.8,0,Balanced,12,56.5,196,0,Ample,30.73,Low Activity,CIQ-0087,USER_PREPARED_CAMPUS_DATA
2026-08-15,Afternoon,0,Medium,Mid,0,,29,37,120,0,24.2,53,20,250,8.0,14,Saturday,5,1,1,8,2,0,0,0,0,0,0,0,24.0,0,Clear,1.0,5,51.3,130,Low,Central Cafeteria,Meals,Standard,140,78.3,56,53,3,5.4,0,Balanced,19,56.5,196,0,Ample,21.29,Low Activity,CIQ-0088,USER_PREPARED_CAMPUS_DATA
2026-08-15,Afternoon,0,Medium,Mid,0,,90,29,120,0,75.0,34,23,250,9.2,16,Saturday,5,1,0,8,2,0,0,0,0,0,0,0,24.0,0,Clear,1.0,5,51.3,130,Moderate,Central Cafeteria,Meals,Standard,53,78.3,36,34,2,5.6,0,Balanced,20,56.5,196,0,Ample,37.84,Low Activity,CIQ-0089,USER_PREPARED_CAMPUS_DATA
2026-08-15,Evening Peak,0,Medium,Mid,0,,98,90,120,1,81.7,123,60,250,24.0,18,Saturday,5,1,1,8,2,0,0,0,0,0,0,0,24.0,0,Clear,1.0,5,51.3,130,High,Central Cafeteria,Meals,Standard,34,78.3,129,123,6,4.7,0,Balanced,23,56.5,196,0,Ample,52.04,Moderate Load,CIQ-0090,USER_PREPARED_CAMPUS_DATA
2026-08-15,Night,0,Medium,Mid,0,,81,98,120,0,67.5,104,59,250,23.6,20,Saturday,5,1,1,8,2,0,0,0,0,0,0,0,24.0,0,Clear,1.0,5,51.3,130,Moderate,Central Cafeteria,Meals,Standard,123,78.3,109,104,5,4.6,0,Balanced,60,56.5,196,0,Ample,45.37,Moderate Load,CIQ-0091,USER_PREPARED_CAMPUS_DATA
2026-08-16,Morning,0,Low,Mid,0,,45,20,120,0,37.5,23,41,250,16.4,8,Sunday,6,1,0,8,2,0,0,0,0,0,0,0,24.0,0,Clear,1.0,5,51.3,130,Low,Central Cafeteria,Meals,Standard,104,78.3,24,23,1,4.2,0,Balanced,59,56.5,196,0,Ample,22.96,Low Activity,CIQ-0092,USER_PREPARED_CAMPUS_DATA
2026-08-16,Late Morning,0,Low,Mid,0,,35,45,120,0,29.2,45,33,250,13.2,10,Sunday,6,1,0,8,2,0,0,0,0,0,0,0,24.0,0,Clear,1.0,5,51.3,130,Low,Central Cafeteria,Meals,Standard,23,78.3,47,45,2,4.3,0,Balanced,41,56.5,196,0,Ample,20.93,Low Activity,CIQ-0093,USER_PREPARED_CAMPUS_DATA
2026-08-16,Noon / Lunch,0,Low,Mid,0,,35,35,120,0,29.2,133,29,250,11.6,12,Sunday,6,1,1,8,2,0,0,0,0,0,0,0,24.0,0,Clear,1.0,5,51.3,130,Low,Central Cafeteria,Meals,Standard,45,78.3,140,133,7,5.0,0,Balanced,33,56.5,196,0,Ample,27.78,Low Activity,CIQ-0094,USER_PREPARED_CAMPUS_DATA
2026-08-16,Afternoon,0,Low,Mid,0,,41,35,120,0,34.2,41,24,250,9.6,14,Sunday,6,1,1,8,2,0,0,0,0,0,0,0,24.0,0,Clear,1.0,5,51.3,130,Low,Central Cafeteria,Meals,Standard,133,78.3,43,41,2,4.7,0,Balanced,29,56.5,196,0,Ample,21.27,Low Activity,CIQ-0095,USER_PREPARED_CAMPUS_DATA
2026-08-16,Afternoon,0,Low,Mid,0,,93,41,120,0,77.5,52,23,250,9.2,16,Sunday,6,1,0,8,2,0,0,0,0,0,0,0,24.0,0,Clear,1.0,5,51.3,130,Moderate,Central Cafeteria,Meals,Standard,41,78.3,55,52,3,5.5,0,Balanced,24,56.5,196,0,Ample,37.22,Low Activity,CIQ-0096,USER_PREPARED_CAMPUS_DATA
2026-08-16,Evening Peak,0,Low,Mid,0,,99,93,120,1,82.5,111,70,250,28.0,18,Sunday,6,1,1,8,2,0,0,0,0,0,0,0,24.0,0,Clear,1.0,5,51.3,130,High,Central Cafeteria,Meals,Standard,52,78.3,117,111,6,5.1,0,Balanced,23,56.5,196,0,Ample,49.52,Moderate Load,CIQ-0097,USER_PREPARED_CAMPUS_DATA
2026-08-16,Night,0,Low,Mid,0,,95,99,120,0,79.2,116,71,250,28.4,20,Sunday,6,1,1,8,2,0,0,0,0,0,0,0,24.0,0,Clear,1.0,5,51.3,130,Moderate,Central Cafeteria,Meals,Standard,111,78.3,122,116,6,4.9,0,Balanced,70,56.5,196,0,Ample,48.91,Moderate Load,CIQ-0098,USER_PREPARED_CAMPUS_DATA
2026-08-17,Morning,2,Medium,Mid,0,,40,20,120,0,33.3,31,15,250,6.0,8,Monday,0,0,0,8,3,0,0,0,0,0,0,0,24.0,0,Clear,1.0,5,51.3,130,Low,Central Cafeteria,Meals,Standard,116,78.3,33,31,2,6.1,0,Balanced,71,56.5,196,0,Ample,22.04,Low Activity,CIQ-0099,USER_PREPARED_CAMPUS_DATA
2026-08-17,Late Morning,1,Medium,Mid,0,,25,40,120,0,20.8,38,21,250,8.4,10,Monday,0,0,0,8,3,0,0,0,0,0,0,0,24.0,0,Clear,1.0,5,51.3,130,Low,Central Cafeteria,Meals,Standard,31,78.3,40,38,2,5.0,0,Balanced,15,56.5,196,0,Ample,18.97,Low Activity,CIQ-0100,USER_PREPARED_CAMPUS_DATA
2026-08-17,Noon / Lunch,6,Medium,Mid,0,,26,25,120,0,21.7,153,47,250,18.8,12,Monday,0,0,1,8,3,0,0,0,0,0,0,0,24.0,0,Clear,1.0,5,51.3,130,Low,Central Cafeteria,Meals,Standard,38,78.3,161,153,8,5.0,0,Balanced,21,56.5,196,0,Ample,31.98,Low Activity,CIQ-0101,USER_PREPARED_CAMPUS_DATA
2026-08-17,Afternoon,1,Medium,Mid,0,,17,26,120,0,14.2,51,46,250,18.4,14,Monday,0,0,1,8,3,0,0,0,0,0,0,0,24.0,0,Clear,1.0,5,51.3,130,Low,Central Cafeteria,Meals,Standard,153,78.3,54,51,3,5.6,0,Balanced,47,56.5,196,0,Ample,20.74,Low Activity,CIQ-0102,USER_PREPARED_CAMPUS_DATA
2026-08-17,Afternoon,7,Medium,Mid,0,,84,17,120,0,70.0,73,24,250,9.6,16,Monday,0,0,0,8,3,0,0,0,0,0,0,0,24.0,0,Clear,1.0,5,51.3,130,Moderate,Central Cafeteria,Meals,Standard,51,78.3,77,73,4,5.2,0,Balanced,46,56.5,196,0,Ample,39.46,Low Activity,CIQ-0103,USER_PREPARED_CAMPUS_DATA
2026-08-17,Evening Peak,1,Medium,Mid,0,,91,84,120,0,75.8,93,78,250,31.2,18,Monday,0,0,1,8,3,0,0,0,0,0,0,0,24.0,0,Clear,1.0,5,51.3,130,Moderate,Central Cafeteria,Meals,Standard,73,78.3,98,93,5,5.1,0,Balanced,24,56.5,196,0,Ample,49.64,Moderate Load,CIQ-0104,USER_PREPARED_CAMPUS_DATA
2026-08-17,Night,2,Medium,Mid,0,,73,91,120,0,60.8,94,66,250,26.4,20,Monday,0,0,1,8,3,0,0,0,0,0,0,0,24.0,0,Clear,1.0,5,51.3,130,Moderate,Central Cafeteria,Meals,Standard,93,78.3,99,94,5,5.1,0,Balanced,78,56.5,196,0,Ample,43.03,Low Activity,CIQ-0105,USER_PREPARED_CAMPUS_DATA
2026-08-18,Morning,1,Medium,Mid,0,,51,20,120,0,42.5,40,14,250,5.6,8,Tuesday,1,0,0,8,3,0,0,0,0,0,0,0,24.0,0,Clear,1.0,5,51.3,130,Low,Central Cafeteria,Meals,Standard,94,78.3,42,40,2,4.8,0,Balanced,66,56.5,196,0,Ample,25.89,Low Activity,CIQ-0106,USER_PREPARED_CAMPUS_DATA
2026-08-18,Late Morning,1,Medium,Mid,0,,17,51,120,0,14.2,45,37,250,14.8,10,Tuesday,1,0,0,8,3,0,0,0,0,0,0,0,24.0,0,Clear,1.0,5,51.3,130,Low,Central Cafeteria,Meals,Standard,40,78.3,47,45,2,4.3,0,Balanced,14,56.5,196,0,Ample,19.16,Low Activity,CIQ-0107,USER_PREPARED_CAMPUS_DATA
2026-08-18,Noon / Lunch,7,Medium,Mid,0,,12,17,120,0,10.0,152,39,250,15.6,12,Tuesday,1,0,1,8,3,0,0,0,0,0,0,0,24.0,0,Clear,1.0,5,51.3,130,Low,Central Cafeteria,Meals,Standard,45,78.3,160,152,8,5.0,0,Balanced,37,56.5,196,0,Ample,26.85,Low Activity,CIQ-0108,USER_PREPARED_CAMPUS_DATA
2026-08-18,Afternoon,2,Medium,Mid,0,,18,12,120,0,15.0,45,56,250,22.4,14,Tuesday,1,0,1,8,3,0,0,0,0,0,0,0,24.0,0,Clear,1.0,5,51.3,130,Low,Central Cafeteria,Meals,Standard,152,78.3,47,45,2,4.3,0,Balanced,39,56.5,196,0,Ample,21.72,Low Activity,CIQ-0109,USER_PREPARED_CAMPUS_DATA
2026-08-18,Afternoon,5,Medium,Mid,0,,79,18,120,0,65.8,47,23,250,9.2,16,Tuesday,1,0,0,8,3,0,0,0,0,0,0,0,24.0,0,Clear,1.0,5,51.3,130,Moderate,Central Cafeteria,Meals,Standard,45,78.3,49,47,2,4.1,0,Balanced,56,56.5,196,0,Ample,35.71,Low Activity,CIQ-0110,USER_PREPARED_CAMPUS_DATA
2026-08-18,Evening Peak,0,Medium,Mid,0,,96,79,120,1,80.0,115,89,250,35.6,18,Tuesday,1,0,1,8,3,0,0,0,0,0,0,0,24.0,0,Clear,1.0,5,51.3,130,High,Central Cafeteria,Meals,Standard,47,78.3,121,115,6,5.0,0,Balanced,23,56.5,196,0,Ample,54.26,Moderate Load,CIQ-0111,USER_PREPARED_CAMPUS_DATA
2026-08-18,Night,1,Medium,Mid,0,,71,96,120,0,59.2,111,69,250,27.6,20,Tuesday,1,0,1,8,3,0,0,0,0,0,0,0,24.0,0,Clear,1.0,5,51.3,130,Low,Central Cafeteria,Meals,Standard,115,78.3,117,111,6,5.1,0,Balanced,89,56.5,196,0,Ample,44.25,Low Activity,CIQ-0112,USER_PREPARED_CAMPUS_DATA
2026-08-19,Morning,2,Medium,Mid,0,,35,20,120,0,29.2,46,28,250,11.2,8,Wednesday,2,0,0,8,3,0,0,0,0,0,0,0,24.0,0,Clear,1.0,5,51.3,130,Low,Central Cafeteria,Meals,Standard,111,78.3,48,46,2,4.2,0,Balanced,69,56.5,196,0,Ample,23.41,Low Activity,CIQ-0113,USER_PREPARED_CAMPUS_DATA
2026-08-19,Late Morning,1,Medium,Mid,0,,22,35,120,0,18.3,33,34,250,13.6,10,Wednesday,2,0,0,8,3,0,0,0,0,0,0,0,24.0,0,Clear,1.0,5,51.3,130,Low,Central Cafeteria,Meals,Standard,46,78.3,35,33,2,5.7,0,Balanced,28,56.5,196,0,Ample,19.24,Low Activity,CIQ-0114,USER_PREPARED_CAMPUS_DATA
2026-08-19,Noon / Lunch,6,Medium,Mid,0,,24,22,120,0,20.0,144,40,250,16.0,12,Wednesday,2,0,1,8,3,0,0,0,0,0,0,0,24.0,0,Clear,1.0,5,51.3,130,Low,Central Cafeteria,Meals,Standard,33,78.3,151,144,7,4.6,0,Balanced,34,56.5,196,0,Ample,29.8,Low Activity,CIQ-0115,USER_PREPARED_CAMPUS_DATA
2026-08-19,Afternoon,0,Medium,Mid,0,,25,24,120,0,20.8,47,45,250,18.0,14,Wednesday,2,0,1,8,3,0,0,0,0,0,0,0,24.0,0,Clear,1.0,5,51.3,130,Low,Central Cafeteria,Meals,Standard,144,78.3,49,47,2,4.1,0,Balanced,40,56.5,196,0,Ample,22.6,Low Activity,CIQ-0116,USER_PREPARED_CAMPUS_DATA
2026-08-19,Afternoon,8,Medium,Mid,0,,74,25,120,0,61.7,59,16,250,6.4,16,Wednesday,2,0,0,8,3,0,0,0,0,0,0,0,24.0,0,Clear,1.0,5,51.3,130,Moderate,Central Cafeteria,Meals,Standard,47,78.3,62,59,3,4.8,0,Balanced,45,56.5,196,0,Ample,34.43,Low Activity,CIQ-0117,USER_PREPARED_CAMPUS_DATA
2026-08-19,Evening Peak,0,Medium,Mid,0,,81,74,120,0,67.5,86,67,250,26.8,18,Wednesday,2,0,1,8,3,0,0,0,0,0,0,0,24.0,0,Clear,1.0,5,51.3,130,Moderate,Central Cafeteria,Meals,Standard,59,78.3,90,86,4,4.4,0,Balanced,16,56.5,196,0,Ample,44.83,Low Activity,CIQ-0118,USER_PREPARED_CAMPUS_DATA
2026-08-19,Night,0,Medium,Mid,0,,66,81,120,0,55.0,131,69,250,27.6,20,Wednesday,2,0,1,8,3,0,0,0,0,0,0,0,24.0,0,Clear,1.0,5,51.3,130,Low,Central Cafeteria,Meals,Standard,86,78.3,138,131,7,5.1,0,Balanced,67,56.5,196,0,Ample,44.45,Low Activity,CIQ-0119,USER_PREPARED_CAMPUS_DATA
2026-08-20,Morning,2,Medium,Mid,0,,46,20,120,0,38.3,33,15,250,6.0,8,Thursday,3,0,0,8,3,0,0,0,0,0,0,0,24.0,0,Clear,1.0,5,51.3,130,Low,Central Cafeteria,Meals,Standard,131,78.3,35,33,2,5.7,0,Balanced,69,56.5,196,0,Ample,23.96,Low Activity,CIQ-0120,USER_PREPARED_CAMPUS_DATA
2026-08-20,Late Morning,1,Medium,Mid,0,,24,46,120,0,20.0,46,14,250,5.6,10,Thursday,3,0,0,8,3,0,0,0,0,0,0,0,24.0,0,Clear,1.0,5,51.3,130,Low,Central Cafeteria,Meals,Standard,33,78.3,48,46,2,4.2,0,Balanced,15,56.5,196,0,Ample,18.51,Low Activity,CIQ-0121,USER_PREPARED_CAMPUS_DATA
2026-08-20,Noon / Lunch,5,Medium,Mid,1,,19,24,120,0,15.8,159,44,250,17.6,12,Thursday,3,0,1,8,3,0,0,0,0,0,0,0,24.0,0,Clear,1.0,5,51.3,130,Low,Central Cafeteria,Meals,Standard,46,78.3,167,159,8,4.8,0,Balanced,14,56.5,196,0,Ample,30.06,Low Activity,CIQ-0122,USER_PREPARED_CAMPUS_DATA
2026-08-20,Afternoon,2,Medium,Mid,0,,20,19,120,0,16.7,44,55,250,22.0,14,Thursday,3,0,1,8,3,0,0,0,0,0,0,0,24.0,0,Clear,1.0,5,51.3,130,Low,Central Cafeteria,Meals,Standard,159,78.3,46,44,2,4.3,0,Balanced,44,56.5,196,0,Ample,22.11,Low Activity,CIQ-0123,USER_PREPARED_CAMPUS_DATA
2026-08-20,Afternoon,6,Medium,Mid,0,,79,20,120,0,65.8,66,28,250,11.2,16,Thursday,3,0,0,8,3,0,0,0,0,0,0,0,24.0,0,Clear,1.0,5,51.3,130,Moderate,Central Cafeteria,Meals,Standard,44,78.3,69,66,3,4.3,0,Balanced,55,56.5,196,0,Ample,37.89,Low Activity,CIQ-0124,USER_PREPARED_CAMPUS_DATA
2026-08-20,Evening Peak,2,Medium,Mid,0,,86,79,120,0,71.7,121,73,250,29.2,18,Thursday,3,0,1,8,3,0,0,0,0,0,0,0,24.0,0,Clear,1.0,5,51.3,130,Moderate,Central Cafeteria,Meals,Standard,66,78.3,127,121,6,4.7,0,Balanced,28,56.5,196,0,Ample,49.94,Moderate Load,CIQ-0125,USER_PREPARED_CAMPUS_DATA
2026-08-20,Night,0,Medium,Mid,0,,67,86,120,0,55.8,115,57,250,22.8,20,Thursday,3,0,1,8,3,0,0,0,0,0,0,0,24.0,0,Clear,1.0,5,51.3,130,Low,Central Cafeteria,Meals,Standard,121,78.3,121,115,6,5.0,0,Balanced,73,56.5,196,0,Ample,41.95,Low Activity,CIQ-0126,USER_PREPARED_CAMPUS_DATA
2026-08-21,Morning,0,Medium,Mid,0,,38,20,120,0,31.7,29,28,250,11.2,8,Friday,4,0,0,8,3,0,0,0,0,0,0,0,24.0,0,Clear,1.0,5,51.3,130,Low,Central Cafeteria,Meals,Standard,115,78.3,30,29,1,3.3,0,Balanced,57,56.5,196,0,Ample,22.87,Low Activity,CIQ-0127,USER_PREPARED_CAMPUS_DATA
2026-08-21,Late Morning,1,Medium,Mid,1,,20,38,120,0,16.7,60,36,250,14.4,10,Friday,4,0,0,8,3,0,0,0,0,0,0,0,24.0,0,Clear,1.0,5,51.3,130,Low,Central Cafeteria,Meals,Standard,29,78.3,63,60,3,4.8,0,Balanced,28,56.5,196,0,Ample,21.16,Low Activity,CIQ-0128,USER_PREPARED_CAMPUS_DATA
2026-08-21,Noon / Lunch,5,Medium,Mid,0,,31,20,120,0,25.8,138,43,250,17.2,12,Friday,4,0,1,8,3,0,0,0,0,0,0,0,24.0,0,Clear,1.0,5,51.3,130,Low,Central Cafeteria,Meals,Standard,60,78.3,145,138,7,4.8,0,Balanced,36,56.5,196,0,Ample,31.69,Low Activity,CIQ-0129,USER_PREPARED_CAMPUS_DATA
2026-08-21,Afternoon,1,Medium,Mid,0,,22,31,120,0,18.3,35,50,250,20.0,14,Friday,4,0,1,8,3,0,0,0,0,0,0,0,24.0,0,Clear,1.0,5,51.3,130,Low,Central Cafeteria,Meals,Standard,138,78.3,37,35,2,5.4,0,Balanced,43,56.5,196,0,Ample,21.32,Low Activity,CIQ-0130,USER_PREPARED_CAMPUS_DATA
2026-08-21,Afternoon,8,Medium,Mid,0,,81,22,120,0,67.5,71,26,250,10.4,16,Friday,4,0,0,8,3,0,0,0,0,0,0,0,24.0,0,Clear,1.0,5,51.3,130,Moderate,Central Cafeteria,Meals,Standard,35,78.3,75,71,4,5.3,0,Balanced,50,56.5,196,0,Ample,38.66,Low Activity,CIQ-0131,USER_PREPARED_CAMPUS_DATA
2026-08-21,Evening Peak,1,Medium,Mid,0,,91,81,120,0,75.8,116,66,250,26.4,18,Friday,4,0,1,8,3,0,0,0,0,0,0,0,24.0,0,Clear,1.0,5,51.3,130,Moderate,Central Cafeteria,Meals,Standard,71,78.3,122,116,6,4.9,0,Balanced,26,56.5,196,0,Ample,50.12,Moderate Load,CIQ-0132,USER_PREPARED_CAMPUS_DATA
2026-08-21,Night,1,Medium,Mid,0,,61,91,120,0,50.8,108,72,250,28.8,20,Friday,4,0,1,8,3,0,0,0,0,0,0,0,24.0,0,Clear,1.0,5,51.3,130,Low,Central Cafeteria,Meals,Standard,116,78.3,113,108,5,4.4,0,Balanced,66,56.5,196,0,Ample,41.42,Low Activity,CIQ-0133,USER_PREPARED_CAMPUS_DATA
2026-08-22,Morning,0,Medium,Mid,0,,58,20,120,0,48.3,15,22,250,8.8,8,Saturday,5,1,0,8,3,0,0,0,0,0,0,0,24.0,0,Clear,1.0,5,51.3,130,Low,Central Cafeteria,Meals,Standard,108,78.3,16,15,1,6.2,0,Balanced,72,56.5,196,0,Ample,26.8,Low Activity,CIQ-0134,USER_PREPARED_CAMPUS_DATA
2026-08-22,Late Morning,0,Medium,Mid,0,,38,58,120,0,31.7,41,41,250,16.4,10,Saturday,5,1,0,8,3,0,0,0,0,0,0,0,24.0,0,Clear,1.0,5,51.3,130,Low,Central Cafeteria,Meals,Standard,15,78.3,43,41,2,4.7,0,Balanced,22,56.5,196,0,Ample,25.43,Low Activity,CIQ-0135,USER_PREPARED_CAMPUS_DATA
2026-08-22,Noon / Lunch,0,Medium,Mid,0,,33,38,120,0,27.5,123,35,250,14.0,12,Saturday,5,1,1,8,3,0,0,0,0,0,0,0,24.0,0,Clear,1.0,5,51.3,130,Low,Central Cafeteria,Meals,Standard,41,78.3,129,123,6,4.7,0,Balanced,41,56.5,196,0,Ample,30.08,Low Activity,CIQ-0136,USER_PREPARED_CAMPUS_DATA
2026-08-22,Afternoon,0,Medium,Mid,0,,26,33,120,0,21.7,41,37,250,14.8,14,Saturday,5,1,1,8,3,0,0,0,0,0,0,0,24.0,0,Clear,1.0,5,51.3,130,Low,Central Cafeteria,Meals,Standard,123,78.3,43,41,2,4.7,0,Balanced,35,56.5,196,0,Ample,21.45,Low Activity,CIQ-0137,USER_PREPARED_CAMPUS_DATA
2026-08-22,Afternoon,0,Medium,Mid,0,,88,26,120,0,73.3,38,35,250,14.0,16,Saturday,5,1,0,8,3,0,0,0,0,0,0,0,24.0,0,Clear,1.0,5,51.3,130,Moderate,Central Cafeteria,Meals,Standard,41,78.3,40,38,2,5.0,0,Balanced,37,56.5,196,0,Ample,39.02,Low Activity,CIQ-0138,USER_PREPARED_CAMPUS_DATA
2026-08-22,Evening Peak,0,Medium,Mid,0,,99,88,120,1,82.5,116,63,250,25.2,18,Saturday,5,1,1,8,3,0,0,0,0,0,0,0,24.0,0,Clear,1.0,5,51.3,130,High,Central Cafeteria,Meals,Standard,38,78.3,122,116,6,4.9,0,Balanced,35,56.5,196,0,Ample,52.1,Moderate Load,CIQ-0139,USER_PREPARED_CAMPUS_DATA
2026-08-22,Night,0,Medium,Mid,1,Sports_Tournament,116,99,120,1,96.7,137,82,250,32.8,20,Saturday,5,1,1,8,3,0,0,0,1,1,0,80,24.0,0,Clear,1.0,5,51.3,130,Severe,Central Cafeteria,Meals,Standard,116,78.3,144,137,7,4.9,0,Balanced,63,56.5,196,0,Ample,61.1,Moderate Load,CIQ-0140,USER_PREPARED_CAMPUS_DATA
2026-08-23,Morning,0,Medium,Mid,0,,60,20,120,0,50.0,33,24,250,9.6,8,Sunday,6,1,0,8,3,0,0,0,0,0,0,0,24.0,0,Clear,1.0,5,51.3,130,Low,Central Cafeteria,Meals,Standard,137,78.3,35,33,2,5.7,0,Balanced,82,56.5,196,0,Ample,29.13,Low Activity,CIQ-0141,USER_PREPARED_CAMPUS_DATA
2026-08-23,Late Morning,0,Medium,Mid,0,,36,60,120,0,30.0,51,34,250,13.6,10,Sunday,6,1,0,8,3,0,0,0,0,0,0,0,24.0,0,Clear,1.0,5,51.3,130,Low,Central Cafeteria,Meals,Standard,33,78.3,54,51,3,5.6,0,Balanced,24,56.5,196,0,Ample,24.83,Low Activity,CIQ-0142,USER_PREPARED_CAMPUS_DATA
2026-08-23,Noon / Lunch,0,Medium,Mid,0,,26,36,120,0,21.7,112,30,250,12.0,12,Sunday,6,1,1,8,3,0,0,0,0,0,0,0,24.0,0,Clear,1.0,5,51.3,130,Low,Central Cafeteria,Meals,Standard,51,78.3,118,112,6,5.1,0,Balanced,34,56.5,196,0,Ample,26.53,Low Activity,CIQ-0143,USER_PREPARED_CAMPUS_DATA
2026-08-23,Afternoon,0,Medium,Mid,0,,30,26,120,0,25.0,52,13,250,5.2,14,Sunday,6,1,1,8,3,0,0,0,0,0,0,0,24.0,0,Clear,1.0,5,51.3,130,Low,Central Cafeteria,Meals,Standard,112,78.3,55,52,3,5.5,0,Balanced,30,56.5,196,0,Ample,20.64,Low Activity,CIQ-0144,USER_PREPARED_CAMPUS_DATA
2026-08-23,Afternoon,0,Medium,Mid,0,,92,30,120,0,76.7,35,49,250,19.6,16,Sunday,6,1,0,8,3,0,0,0,0,0,0,0,24.0,0,Clear,1.0,5,51.3,130,Moderate,Central Cafeteria,Meals,Standard,52,78.3,37,35,2,5.4,0,Balanced,13,56.5,196,0,Ample,41.64,Low Activity,CIQ-0145,USER_PREPARED_CAMPUS_DATA
2026-08-23,Evening Peak,0,Medium,Mid,0,,102,92,120,1,85.0,115,70,250,28.0,18,Sunday,6,1,1,8,3,0,0,0,0,0,0,0,24.0,0,Clear,1.0,5,51.3,130,High,Central Cafeteria,Meals,Standard,35,78.3,121,115,6,5.0,0,Balanced,49,56.5,196,0,Ample,53.73,Moderate Load,CIQ-0146,USER_PREPARED_CAMPUS_DATA
2026-08-23,Night,0,Medium,Mid,0,,87,102,120,0,72.5,110,73,250,29.2,20,Sunday,6,1,1,8,3,0,0,0,0,0,0,0,24.0,0,Clear,1.0,5,51.3,130,Moderate,Central Cafeteria,Meals,Standard,115,78.3,116,110,6,5.2,0,Balanced,70,56.5,196,0,Ample,49.3,Moderate Load,CIQ-0147,USER_PREPARED_CAMPUS_DATA
2026-08-24,Morning,0,Medium,Mid,0,,35,20,120,0,29.2,33,22,250,8.8,8,Monday,0,0,0,8,4,0,0,0,0,0,0,0,24.0,0,Clear,1.0,5,51.3,130,Low,Central Cafeteria,Meals,Standard,110,78.3,35,33,2,5.7,0,Balanced,73,56.5,196,0,Ample,21.61,Low Activity,CIQ-0148,USER_PREPARED_CAMPUS_DATA
2026-08-24,Late Morning,2,Medium,Mid,0,,34,35,120,0,28.3,39,32,250,12.8,10,Monday,0,0,0,8,4,0,0,0,0,0,0,0,24.0,0,Clear,1.0,5,51.3,130,Low,Central Cafeteria,Meals,Standard,33,78.3,41,39,2,4.9,0,Balanced,22,56.5,196,0,Ample,22.99,Low Activity,CIQ-0149,USER_PREPARED_CAMPUS_DATA
2026-08-24,Noon / Lunch,8,Medium,Mid,0,,21,34,120,0,17.5,164,51,250,20.4,12,Monday,0,0,1,8,4,0,0,0,0,0,0,0,24.0,0,Clear,1.0,5,51.3,130,Low,Central Cafeteria,Meals,Standard,39,78.3,172,164,8,4.7,0,Balanced,32,56.5,196,0,Ample,31.91,Low Activity,CIQ-0150,USER_PREPARED_CAMPUS_DATA
2026-08-24,Afternoon,0,Medium,Mid,0,,12,21,120,0,10.0,39,25,250,10.0,14,Monday,0,0,1,8,4,0,0,0,0,0,0,0,24.0,0,Clear,1.0,5,51.3,130,Low,Central Cafeteria,Meals,Standard,164,78.3,41,39,2,4.9,0,Balanced,51,56.5,196,0,Ample,15.75,Low Activity,CIQ-0151,USER_PREPARED_CAMPUS_DATA
2026-08-24,Afternoon,7,Medium,Mid,1,Sports_Tournament,115,12,120,1,95.8,84,26,250,10.4,16,Monday,0,0,0,8,4,0,0,0,1,1,0,80,24.0,0,Clear,1.0,5,51.3,130,Severe,Central Cafeteria,Meals,Standard,39,78.3,88,84,4,4.5,0,Balanced,25,56.5,196,0,Ample,49.65,Moderate Load,CIQ-0152,USER_PREPARED_CAMPUS_DATA
2026-08-24,Evening Peak,1,Medium,Mid,0,,91,115,120,0,75.8,104,77,250,30.8,18,Monday,0,0,1,8,4,0,0,0,0,0,0,0,24.0,0,Clear,1.0,5,51.3,130,Moderate,Central Cafeteria,Meals,Standard,84,78.3,109,104,5,4.6,0,Balanced,26,56.5,196,0,Ample,50.44,Moderate Load,CIQ-0153,USER_PREPARED_CAMPUS_DATA
2026-08-24,Night,0,Medium,Mid,0,,69,91,120,0,57.5,106,63,250,25.2,20,Monday,0,0,1,8,4,0,0,0,0,0,0,0,24.0,0,Clear,1.0,5,51.3,130,Low,Central Cafeteria,Meals,Standard,104,78.3,111,106,5,4.5,0,Balanced,77,56.5,196,0,Ample,42.52,Low Activity,CIQ-0154,USER_PREPARED_CAMPUS_DATA
2026-08-25,Morning,0,Medium,Mid,0,,37,20,120,0,30.8,51,15,250,6.0,8,Tuesday,1,0,0,8,4,0,0,0,0,0,0,0,24.0,0,Clear,1.0,5,51.3,130,Low,Central Cafeteria,Meals,Standard,106,78.3,54,51,3,5.6,0,Balanced,63,56.5,196,0,Ample,22.83,Low Activity,CIQ-0155,USER_PREPARED_CAMPUS_DATA
2026-08-25,Late Morning,1,Medium,Mid,0,,21,37,120,0,17.5,30,48,250,19.2,10,Tuesday,1,0,0,8,4,0,0,0,0,0,0,0,24.0,0,Clear,1.0,5,51.3,130,Low,Central Cafeteria,Meals,Standard,51,78.3,32,30,2,6.2,0,Balanced,15,56.5,196,0,Ample,20.38,Low Activity,CIQ-0156,USER_PREPARED_CAMPUS_DATA
2026-08-25,Noon / Lunch,6,Medium,Mid,1,,20,21,120,0,16.7,153,62,250,24.8,12,Tuesday,1,0,1,8,4,0,0,0,0,0,0,0,24.0,0,Clear,1.0,5,51.3,130,Low,Central Cafeteria,Meals,Standard,30,78.3,161,153,8,5.0,0,Balanced,48,56.5,196,0,Ample,32.03,Low Activity,CIQ-0157,USER_PREPARED_CAMPUS_DATA
2026-08-25,Afternoon,2,Medium,Mid,0,,33,20,120,0,27.5,41,45,250,18.0,14,Tuesday,1,0,1,8,4,0,0,0,0,0,0,0,24.0,0,Clear,1.0,5,51.3,130,Low,Central Cafeteria,Meals,Standard,153,78.3,43,41,2,4.7,0,Balanced,62,56.5,196,0,Ample,24.44,Low Activity,CIQ-0158,USER_PREPARED_CAMPUS_DATA
2026-08-25,Afternoon,7,Medium,Mid,0,,75,33,120,0,62.5,63,35,250,14.0,16,Tuesday,1,0,0,8,4,0,0,0,0,0,0,0,24.0,0,Clear,1.0,5,51.3,130,Moderate,Central Cafeteria,Meals,Standard,41,78.3,66,63,3,4.5,0,Balanced,45,56.5,196,0,Ample,37.33,Low Activity,CIQ-0159,USER_PREPARED_CAMPUS_DATA
2026-08-25,Evening Peak,2,Medium,Mid,0,,92,75,120,0,76.7,107,73,250,29.2,18,Tuesday,1,0,1,8,4,0,0,0,0,0,0,0,24.0,0,Clear,1.0,5,51.3,130,Moderate,Central Cafeteria,Meals,Standard,63,78.3,112,107,5,4.5,0,Balanced,35,56.5,196,0,Ample,50.52,Moderate Load,CIQ-0160,USER_PREPARED_CAMPUS_DATA
2026-08-25,Night,0,Medium,Mid,0,,64,92,120,0,53.3,108,72,250,28.8,20,Tuesday,1,0,1,8,4,0,0,0,0,0,0,0,24.0,0,Clear,1.0,5,51.3,130,Low,Central Cafeteria,Meals,Standard,107,78.3,113,108,5,4.4,0,Balanced,73,56.5,196,0,Ample,42.3,Low Activity,CIQ-0161,USER_PREPARED_CAMPUS_DATA
2026-08-26,Morning,0,Medium,Mid,0,,34,20,120,0,28.3,27,32,250,12.8,8,Wednesday,2,0,0,8,4,0,0,0,0,0,0,0,24.0,0,Clear,1.0,5,51.3,130,Low,Central Cafeteria,Meals,Standard,108,78.3,28,27,1,3.6,0,Balanced,72,56.5,196,0,Ample,21.99,Low Activity,CIQ-0162,USER_PREPARED_CAMPUS_DATA
2026-08-26,Late Morning,1,Medium,Mid,0,,28,34,120,0,23.3,38,31,250,12.4,10,Wednesday,2,0,0,8,4,0,0,0,0,0,0,0,24.0,0,Clear,1.0,5,51.3,130,Low,Central Cafeteria,Meals,Standard,27,78.3,40,38,2,5.0,0,Balanced,32,56.5,196,0,Ample,21.04,Low Activity,CIQ-0163,USER_PREPARED_CAMPUS_DATA
2026-08-26,Noon / Lunch,6,Medium,Mid,0,,15,28,120,0,12.5,131,50,250,20.0,12,Wednesday,2,0,1,8,4,0,0,0,0,0,0,0,24.0,0,Clear,1.0,5,51.3,130,Low,Central Cafeteria,Meals,Standard,38,78.3,138,131,7,5.1,0,Balanced,31,56.5,196,0,Ample,27.29,Low Activity,CIQ-0164,USER_PREPARED_CAMPUS_DATA
2026-08-26,Afternoon,1,Medium,Mid,0,,19,15,120,0,15.8,51,53,250,21.2,14,Wednesday,2,0,1,8,4,0,0,0,0,0,0,0,24.0,0,Clear,1.0,5,51.3,130,Low,Central Cafeteria,Meals,Standard,131,78.3,54,51,3,5.6,0,Balanced,50,56.5,196,0,Ample,22.14,Low Activity,CIQ-0165,USER_PREPARED_CAMPUS_DATA
2026-08-26,Afternoon,7,Medium,Mid,0,,74,19,120,0,61.7,48,34,250,13.6,16,Wednesday,2,0,0,8,4,0,0,0,0,0,0,0,24.0,0,Clear,1.0,5,51.3,130,Moderate,Central Cafeteria,Meals,Standard,51,78.3,50,48,2,4.0,0,Balanced,53,56.5,196,0,Ample,35.67,Low Activity,CIQ-0166,USER_PREPARED_CAMPUS_DATA
2026-08-26,Evening Peak,1,Medium,Mid,0,,92,74,120,0,76.7,107,67,250,26.8,18,Wednesday,2,0,1,8,4,0,0,0,0,0,0,0,24.0,0,Clear,1.0,5,51.3,130,Moderate,Central Cafeteria,Meals,Standard,48,78.3,112,107,5,4.5,0,Balanced,34,56.5,196,0,Ample,49.8,Moderate Load,CIQ-0167,USER_PREPARED_CAMPUS_DATA
2026-08-26,Night,2,Medium,Mid,0,,73,92,120,0,60.8,116,70,250,28.0,20,Wednesday,2,0,1,8,4,0,0,0,0,0,0,0,24.0,0,Clear,1.0,5,51.3,130,Moderate,Central Cafeteria,Meals,Standard,107,78.3,122,116,6,4.9,0,Balanced,67,56.5,196,0,Ample,45.35,Moderate Load,CIQ-0168,USER_PREPARED_CAMPUS_DATA
2026-08-27,Morning,1,Medium,Mid,1,,45,20,120,0,37.5,52,36,250,14.4,8,Thursday,3,0,0,8,4,0,0,0,0,0,0,0,24.0,0,Clear,1.0,5,51.3,130,Low,Central Cafeteria,Meals,Standard,116,78.3,55,52,3,5.5,0,Balanced,70,56.5,196,0,Ample,27.78,Low Activity,CIQ-0169,USER_PREPARED_CAMPUS_DATA
2026-08-27,Late Morning,1,Medium,Mid,0,,21,45,120,0,17.5,44,28,250,11.2,10,Thursday,3,0,0,8,4,0,0,0,0,0,0,0,24.0,0,Clear,1.0,5,51.3,130,Low,Central Cafeteria,Meals,Standard,52,78.3,46,44,2,4.3,0,Balanced,36,56.5,196,0,Ample,19.15,Low Activity,CIQ-0170,USER_PREPARED_CAMPUS_DATA
2026-08-27,Noon / Lunch,7,Medium,Mid,0,,24,21,120,0,20.0,160,52,250,20.8,12,Thursday,3,0,1,8,4,0,0,0,0,0,0,0,24.0,0,Clear,1.0,5,51.3,130,Low,Central Cafeteria,Meals,Standard,44,78.3,168,160,8,4.8,0,Balanced,28,56.5,196,0,Ample,32.57,Low Activity,CIQ-0171,USER_PREPARED_CAMPUS_DATA
2026-08-27,Afternoon,1,Medium,Mid,0,,20,24,120,0,16.7,48,64,250,25.6,14,Thursday,3,0,1,8,4,0,0,0,0,0,0,0,24.0,0,Clear,1.0,5,51.3,130,Low,Central Cafeteria,Meals,Standard,160,78.3,50,48,2,4.0,0,Balanced,52,56.5,196,0,Ample,23.52,Low Activity,CIQ-0172,USER_PREPARED_CAMPUS_DATA
2026-08-27,Afternoon,7,Medium,Mid,0,,73,20,120,0,60.8,53,20,250,8.0,16,Thursday,3,0,0,8,4,0,0,0,0,0,0,0,24.0,0,Clear,1.0,5,51.3,130,Moderate,Central Cafeteria,Meals,Standard,48,78.3,56,53,3,5.4,0,Balanced,64,56.5,196,0,Ample,34.1,Low Activity,CIQ-0173,USER_PREPARED_CAMPUS_DATA
2026-08-27,Evening Peak,1,Medium,Mid,0,,91,73,120,0,75.8,95,55,250,22.0,18,Thursday,3,0,1,8,4,0,0,0,0,0,0,0,24.0,0,Clear,1.0,5,51.3,130,Moderate,Central Cafeteria,Meals,Standard,53,78.3,100,95,5,5.0,0,Balanced,20,56.5,196,0,Ample,47.05,Moderate Load,CIQ-0174,USER_PREPARED_CAMPUS_DATA
2026-08-27,Night,1,Medium,Mid,0,,74,91,120,0,61.7,113,64,250,25.6,20,Thursday,3,0,1,8,4,0,0,0,0,0,0,0,24.0,0,Clear,1.0,5,51.3,130,Moderate,Central Cafeteria,Meals,Standard,95,78.3,119,113,6,5.0,0,Balanced,55,56.5,196,0,Ample,44.69,Low Activity,CIQ-0175,USER_PREPARED_CAMPUS_DATA
2026-08-28,Morning,2,Low,Mid,0,,37,20,120,0,30.8,36,38,250,15.2,8,Friday,4,0,0,8,4,0,0,0,0,0,0,0,24.0,0,Clear,1.0,5,51.3,130,Low,Central Cafeteria,Meals,Standard,113,78.3,38,36,2,5.3,0,Balanced,64,56.5,196,0,Ample,21.34,Low Activity,CIQ-0176,USER_PREPARED_CAMPUS_DATA
2026-08-28,Late Morning,2,Low,Mid,0,,22,37,120,0,18.3,27,32,250,12.8,10,Friday,4,0,0,8,4,0,0,0,0,0,0,0,24.0,0,Clear,1.0,5,51.3,130,Low,Central Cafeteria,Meals,Standard,36,78.3,28,27,1,3.6,0,Balanced,38,56.5,196,0,Ample,15.5,Low Activity,CIQ-0177,USER_PREPARED_CAMPUS_DATA
2026-08-28,Noon / Lunch,7,Low,Mid,0,,19,22,120,0,15.8,148,43,250,17.2,12,Friday,4,0,1,8,4,0,0,0,0,0,0,0,24.0,0,Clear,1.0,5,51.3,130,Low,Central Cafeteria,Meals,Standard,27,78.3,155,148,7,4.5,0,Balanced,32,56.5,196,0,Ample,26.02,Low Activity,CIQ-0178,USER_PREPARED_CAMPUS_DATA
2026-08-28,Afternoon,0,Low,Mid,0,,21,19,120,0,17.5,16,39,250,15.6,14,Friday,4,0,1,8,4,0,0,0,0,0,0,0,24.0,0,Clear,1.0,5,51.3,130,Low,Central Cafeteria,Meals,Standard,148,78.3,17,16,1,5.9,0,Balanced,43,56.5,196,0,Ample,15.14,Low Activity,CIQ-0179,USER_PREPARED_CAMPUS_DATA
2026-08-28,Afternoon,5,Low,Mid,0,,76,21,120,0,63.3,55,43,250,17.2,16,Friday,4,0,0,8,4,0,0,0,0,0,0,0,24.0,0,Clear,1.0,5,51.3,130,Moderate,Central Cafeteria,Meals,Standard,16,78.3,58,55,3,5.2,0,Balanced,39,56.5,196,0,Ample,34.9,Low Activity,CIQ-0180,USER_PREPARED_CAMPUS_DATA
2026-08-28,Evening Peak,2,Low,Mid,0,,92,76,120,0,76.7,117,65,250,26.0,18,Friday,4,0,1,8,4,0,0,0,0,0,0,0,24.0,0,Clear,1.0,5,51.3,130,Moderate,Central Cafeteria,Meals,Standard,55,78.3,123,117,6,4.9,0,Balanced,43,56.5,196,0,Ample,47.4,Moderate Load,CIQ-0181,USER_PREPARED_CAMPUS_DATA
2026-08-28,Night,2,Low,Mid,0,,82,92,120,0,68.3,121,76,250,30.4,20,Friday,4,0,1,8,4,0,0,0,0,0,0,0,24.0,0,Clear,1.0,5,51.3,130,Moderate,Central Cafeteria,Meals,Standard,117,78.3,127,121,6,4.7,0,Balanced,65,56.5,196,0,Ample,46.11,Moderate Load,CIQ-0182,USER_PREPARED_CAMPUS_DATA
2026-08-29,Morning,0,Medium,Mid,0,,51,20,120,0,42.5,22,33,250,13.2,8,Saturday,5,1,0,8,4,0,0,0,0,0,0,0,24.0,0,Clear,1.0,5,51.3,130,Low,Central Cafeteria,Meals,Standard,121,78.3,23,22,1,4.3,0,Balanced,76,56.5,196,0,Ample,26.67,Low Activity,CIQ-0183,USER_PREPARED_CAMPUS_DATA
2026-08-29,Late Morning,0,Medium,Mid,0,,36,51,120,0,30.0,40,31,250,12.4,10,Saturday,5,1,0,8,4,0,0,0,0,0,0,0,24.0,0,Clear,1.0,5,51.3,130,Low,Central Cafeteria,Meals,Standard,22,78.3,42,40,2,4.8,0,Balanced,33,56.5,196,0,Ample,23.55,Low Activity,CIQ-0184,USER_PREPARED_CAMPUS_DATA
2026-08-29,Noon / Lunch,0,Medium,Mid,0,,38,36,120,0,31.7,127,29,250,11.6,12,Saturday,5,1,1,8,4,0,0,0,0,0,0,0,24.0,0,Clear,1.0,5,51.3,130,Low,Central Cafeteria,Meals,Standard,40,78.3,133,127,6,4.5,0,Balanced,31,56.5,196,0,Ample,31.16,Low Activity,CIQ-0185,USER_PREPARED_CAMPUS_DATA
2026-08-29,Afternoon,0,Medium,Mid,0,,33,38,120,0,27.5,44,27,250,10.8,14,Saturday,5,1,1,8,4,0,0,0,0,0,0,0,24.0,0,Clear,1.0,5,51.3,130,Low,Central Cafeteria,Meals,Standard,127,78.3,46,44,2,4.3,0,Balanced,29,56.5,196,0,Ample,22.53,Low Activity,CIQ-0186,USER_PREPARED_CAMPUS_DATA
2026-08-29,Afternoon,0,Medium,Mid,0,,89,33,120,0,74.2,23,35,250,14.0,16,Saturday,5,1,0,8,4,0,0,0,0,0,0,0,24.0,0,Clear,1.0,5,51.3,130,Moderate,Central Cafeteria,Meals,Standard,44,78.3,24,23,1,4.2,0,Balanced,27,56.5,196,0,Ample,38.09,Low Activity,CIQ-0187,USER_PREPARED_CAMPUS_DATA
2026-08-29,Evening Peak,0,Medium,Mid,0,,104,89,120,1,86.7,103,71,250,28.4,18,Saturday,5,1,1,8,4,0,0,0,0,0,0,0,24.0,0,Clear,1.0,5,51.3,130,High,Central Cafeteria,Meals,Standard,23,78.3,108,103,5,4.6,0,Balanced,35,56.5,196,0,Ample,53.45,Moderate Load,CIQ-0188,USER_PREPARED_CAMPUS_DATA
2026-08-29,Night,0,Medium,Mid,0,,85,104,120,0,70.8,112,71,250,28.4,20,Saturday,5,1,1,8,4,0,0,0,0,0,0,0,24.0,0,Clear,1.0,5,51.3,130,Moderate,Central Cafeteria,Meals,Standard,103,78.3,118,112,6,5.1,0,Balanced,71,56.5,196,0,Ample,48.63,Moderate Load,CIQ-0189,USER_PREPARED_CAMPUS_DATA
2026-08-30,Morning,0,Medium,Mid,0,,43,20,120,0,35.8,40,34,250,13.6,8,Sunday,6,1,0,8,4,0,0,0,0,0,0,0,24.0,0,Clear,1.0,5,51.3,130,Low,Central Cafeteria,Meals,Standard,112,78.3,42,40,2,4.8,0,Balanced,71,56.5,196,0,Ample,25.94,Low Activity,CIQ-0190,USER_PREPARED_CAMPUS_DATA
2026-08-30,Late Morning,0,Medium,Mid,0,,36,43,120,0,30.0,32,36,250,14.4,10,Sunday,6,1,0,8,4,0,0,0,0,0,0,0,24.0,0,Clear,1.0,5,51.3,130,Low,Central Cafeteria,Meals,Standard,40,78.3,34,32,2,5.9,0,Balanced,34,56.5,196,0,Ample,23.49,Low Activity,CIQ-0191,USER_PREPARED_CAMPUS_DATA
2026-08-30,Noon / Lunch,0,Medium,Mid,0,,41,36,120,0,34.2,126,35,250,14.0,12,Sunday,6,1,1,8,4,0,0,0,0,0,0,0,24.0,0,Clear,1.0,5,51.3,130,Low,Central Cafeteria,Meals,Standard,32,78.3,132,126,6,4.5,0,Balanced,36,56.5,196,0,Ample,32.67,Low Activity,CIQ-0192,USER_PREPARED_CAMPUS_DATA
2026-08-30,Afternoon,0,Medium,Mid,0,,33,41,120,0,27.5,53,39,250,15.6,14,Sunday,6,1,1,8,4,0,0,0,0,0,0,0,24.0,0,Clear,1.0,5,51.3,130,Low,Central Cafeteria,Meals,Standard,126,78.3,56,53,3,5.4,0,Balanced,35,56.5,196,0,Ample,24.72,Low Activity,CIQ-0193,USER_PREPARED_CAMPUS_DATA
2026-08-30,Afternoon,0,Medium,Mid,0,,89,33,120,0,74.2,29,25,250,10.0,16,Sunday,6,1,0,8,4,0,0,0,0,0,0,0,24.0,0,Clear,1.0,5,51.3,130,Moderate,Central Cafeteria,Meals,Standard,53,78.3,30,29,1,3.3,0,Balanced,39,56.5,196,0,Ample,37.39,Low Activity,CIQ-0194,USER_PREPARED_CAMPUS_DATA
2026-08-30,Evening Peak,0,Medium,Mid,0,,96,89,120,1,80.0,107,63,250,25.2,18,Sunday,6,1,1,8,4,0,0,0,0,0,0,0,24.0,0,Clear,1.0,5,51.3,130,High,Central Cafeteria,Meals,Standard,29,78.3,112,107,5,4.5,0,Balanced,25,56.5,196,0,Ample,50.48,Moderate Load,CIQ-0195,USER_PREPARED_CAMPUS_DATA
2026-08-30,Night,0,Medium,Mid,0,,86,96,120,0,71.7,114,61,250,24.4,20,Sunday,6,1,1,8,4,0,0,0,0,0,0,0,24.0,0,Clear,1.0,5,51.3,130,Moderate,Central Cafeteria,Meals,Standard,107,78.3,120,114,6,5.0,0,Balanced,63,56.5,196,0,Ample,47.92,Moderate Load,CIQ-0196,USER_PREPARED_CAMPUS_DATA
2026-08-31,Morning,2,Medium,Mid,0,,42,20,120,0,35.0,47,28,250,11.2,8,Monday,0,0,0,8,5,0,0,0,0,0,0,0,24.0,0,Clear,1.0,5,51.3,130,Low,Central Cafeteria,Meals,Standard,114,78.3,49,47,2,4.1,0,Balanced,61,56.5,196,0,Ample,25.53,Low Activity,CIQ-0197,USER_PREPARED_CAMPUS_DATA
2026-08-31,Late Morning,1,Medium,Mid,0,,28,42,120,0,23.3,57,37,250,14.8,10,Monday,0,0,0,8,5,0,0,0,0,0,0,0,24.0,0,Clear,1.0,5,51.3,130,Low,Central Cafeteria,Meals,Standard,47,78.3,60,57,3,5.0,0,Balanced,28,56.5,196,0,Ample,23.34,Low Activity,CIQ-0198,USER_PREPARED_CAMPUS_DATA
2026-08-31,Noon / Lunch,6,Medium,Mid,0,,20,28,120,0,16.7,148,43,250,17.2,12,Monday,0,0,1,8,5,0,0,0,0,0,0,0,24.0,0,Clear,1.0,5,51.3,130,Low,Central Cafeteria,Meals,Standard,57,78.3,155,148,7,4.5,0,Balanced,37,56.5,196,0,Ample,29.34,Low Activity,CIQ-0199,USER_PREPARED_CAMPUS_DATA
2026-08-31,Afternoon,2,Medium,Mid,0,,22,20,120,0,18.3,39,59,250,23.6,14,Monday,0,0,1,8,5,0,0,0,0,0,0,0,24.0,0,Clear,1.0,5,51.3,130,Low,Central Cafeteria,Meals,Standard,148,78.3,41,39,2,4.9,0,Balanced,43,56.5,196,0,Ample,22.74,Low Activity,CIQ-0200,USER_PREPARED_CAMPUS_DATA
2026-08-31,Afternoon,8,Medium,Mid,0,,77,22,120,0,64.2,79,35,250,14.0,16,Monday,0,0,0,8,5,0,0,0,0,0,0,0,24.0,0,Clear,1.0,5,51.3,130,Moderate,Central Cafeteria,Meals,Standard,39,78.3,83,79,4,4.8,0,Balanced,59,56.5,196,0,Ample,39.25,Low Activity,CIQ-0201,USER_PREPARED_CAMPUS_DATA
2026-08-31,Evening Peak,1,Medium,Mid,1,Sports_Tournament,126,77,120,1,105.0,147,68,250,27.2,18,Monday,0,0,1,8,5,0,0,0,1,1,0,80,24.0,0,Clear,1.0,5,51.3,130,Severe,Central Cafeteria,Meals,Standard,79,78.3,154,147,7,4.5,0,Balanced,35,56.5,196,0,Ample,63.16,Moderate Load,CIQ-0202,USER_PREPARED_CAMPUS_DATA
2026-08-31,Night,2,Medium,Mid,0,,81,126,120,0,67.5,106,78,250,31.2,20,Monday,0,0,1,8,5,0,0,0,0,0,0,0,24.0,0,Clear,1.0,5,51.3,130,Moderate,Central Cafeteria,Meals,Standard,147,78.3,111,106,5,4.5,0,Balanced,68,56.5,196,0,Ample,47.82,Moderate Load,CIQ-0203,USER_PREPARED_CAMPUS_DATA
2026-09-01,Morning,2,Medium,Mid,0,,42,20,120,0,35.0,62,27,250,10.8,8,Tuesday,1,0,0,9,5,0,0,0,0,0,0,0,24.0,0,Clear,1.0,5,51.3,130,Low,Central Cafeteria,Meals,Standard,106,78.3,65,62,3,4.6,0,Balanced,78,56.5,196,0,Ample,26.66,Low Activity,CIQ-0204,USER_PREPARED_CAMPUS_DATA
2026-09-01,Late Morning,0,Medium,Mid,0,,28,42,120,0,23.3,56,28,250,11.2,10,Tuesday,1,0,0,9,5,0,0,0,0,0,0,0,24.0,0,Clear,1.0,5,51.3,130,Low,Central Cafeteria,Meals,Standard,62,78.3,59,56,3,5.1,0,Balanced,27,56.5,196,0,Ample,22.18,Low Activity,CIQ-0205,USER_PREPARED_CAMPUS_DATA
2026-09-01,Noon / Lunch,5,Medium,Mid,0,,25,28,120,0,20.8,136,52,250,20.8,12,Tuesday,1,0,1,9,5,0,0,0,0,0,0,0,24.0,0,Clear,1.0,5,51.3,130,Low,Central Cafeteria,Meals,Standard,56,78.3,143,136,7,4.9,0,Balanced,28,56.5,196,0,Ample,30.85,Low Activity,CIQ-0206,USER_PREPARED_CAMPUS_DATA
2026-09-01,Afternoon,0,Medium,Mid,0,,19,25,120,0,15.8,26,45,250,18.0,14,Tuesday,1,0,1,9,5,0,0,0,0,0,0,0,24.0,0,Clear,1.0,5,51.3,130,Low,Central Cafeteria,Meals,Standard,136,78.3,27,26,1,3.7,0,Balanced,52,56.5,196,0,Ample,19.1,Low Activity,CIQ-0207,USER_PREPARED_CAMPUS_DATA
2026-09-01,Afternoon,8,Medium,Mid,0,,73,19,120,0,60.8,72,39,250,15.6,16,Tuesday,1,0,0,9,5,0,0,0,0,0,0,0,24.0,0,Clear,1.0,5,51.3,130,Moderate,Central Cafeteria,Meals,Standard,26,78.3,76,72,4,5.3,0,Balanced,45,56.5,196,0,Ample,37.96,Low Activity,CIQ-0208,USER_PREPARED_CAMPUS_DATA
2026-09-01,Evening Peak,2,Medium,Mid,0,,86,73,120,0,71.7,109,74,250,29.6,18,Tuesday,1,0,1,9,5,0,0,0,0,0,0,0,24.0,0,Clear,1.0,5,51.3,130,Moderate,Central Cafeteria,Meals,Standard,72,78.3,114,109,5,4.4,0,Balanced,39,56.5,196,0,Ample,49.06,Moderate Load,CIQ-0209,USER_PREPARED_CAMPUS_DATA
2026-09-01,Night,1,Medium,Mid,0,,74,86,120,0,61.7,115,73,250,29.2,20,Tuesday,1,0,1,9,5,0,0,0,0,0,0,0,24.0,0,Clear,1.0,5,51.3,130,Moderate,Central Cafeteria,Meals,Standard,109,78.3,121,115,6,5.0,0,Balanced,74,56.5,196,0,Ample,45.94,Moderate Load,CIQ-0210,USER_PREPARED_CAMPUS_DATA
2026-09-02,Morning,0,Medium,Mid,1,,42,20,120,0,35.0,49,28,250,11.2,8,Wednesday,2,0,0,9,5,0,0,0,0,0,0,0,24.0,0,Clear,1.0,5,51.3,130,Low,Central Cafeteria,Meals,Standard,115,78.3,51,49,2,3.9,0,Balanced,73,56.5,196,0,Ample,25.69,Low Activity,CIQ-0211,USER_PREPARED_CAMPUS_DATA
2026-09-02,Late Morning,0,Medium,Mid,0,,27,42,120,0,22.5,40,25,250,10.0,10,Wednesday,2,0,0,9,5,0,0,0,0,0,0,0,24.0,0,Clear,1.0,5,51.3,130,Low,Central Cafeteria,Meals,Standard,49,78.3,42,40,2,4.8,0,Balanced,28,56.5,196,0,Ample,20.21,Low Activity,CIQ-0212,USER_PREPARED_CAMPUS_DATA
2026-09-02,Noon / Lunch,6,Medium,Mid,0,,26,27,120,0,21.7,132,46,250,18.4,12,Wednesday,2,0,1,9,5,0,0,0,0,0,0,0,24.0,0,Clear,1.0,5,51.3,130,Low,Central Cafeteria,Meals,Standard,40,78.3,139,132,7,5.0,0,Balanced,25,56.5,196,0,Ample,30.12,Low Activity,CIQ-0213,USER_PREPARED_CAMPUS_DATA
2026-09-02,Afternoon,1,Medium,Mid,0,,18,26,120,0,15.0,45,49,250,19.6,14,Wednesday,2,0,1,9,5,0,0,0,0,0,0,0,24.0,0,Clear,1.0,5,51.3,130,Low,Central Cafeteria,Meals,Standard,132,78.3,47,45,2,4.3,0,Balanced,46,56.5,196,0,Ample,20.88,Low Activity,CIQ-0214,USER_PREPARED_CAMPUS_DATA
2026-09-02,Afternoon,7,Medium,Mid,1,Sports_Tournament,114,18,120,1,95.0,85,23,250,9.2,16,Wednesday,2,0,0,9,5,0,0,0,1,1,0,80,24.0,0,Clear,1.0,5,51.3,130,Severe,Central Cafeteria,Meals,Standard,45,78.3,89,85,4,4.5,0,Balanced,49,56.5,196,0,Ample,49.09,Moderate Load,CIQ-0215,USER_PREPARED_CAMPUS_DATA
2026-09-02,Evening Peak,2,Medium,Mid,1,Sports_Tournament,130,114,120,1,108.3,159,65,250,26.0,18,Wednesday,2,0,1,9,5,0,0,0,1,1,0,80,24.0,0,Clear,1.0,5,51.3,130,Severe,Central Cafeteria,Meals,Standard,85,78.3,167,159,8,4.8,0,Balanced,23,56.5,196,0,Ample,64.95,Moderate Load,CIQ-0216,USER_PREPARED_CAMPUS_DATA
2026-09-02,Night,0,Medium,Mid,0,,76,130,120,0,63.3,103,68,250,27.2,20,Wednesday,2,0,1,9,5,0,0,0,0,0,0,0,24.0,0,Clear,1.0,5,51.3,130,Moderate,Central Cafeteria,Meals,Standard,159,78.3,108,103,5,4.6,0,Balanced,65,56.5,196,0,Ample,44.9,Low Activity,CIQ-0217,USER_PREPARED_CAMPUS_DATA
2026-09-03,Morning,2,Medium,Mid,0,,47,20,120,0,39.2,40,14,250,5.6,8,Thursday,3,0,0,9,5,0,0,0,0,0,0,0,24.0,0,Clear,1.0,5,51.3,130,Low,Central Cafeteria,Meals,Standard,103,78.3,42,40,2,4.8,0,Balanced,68,56.5,196,0,Ample,24.73,Low Activity,CIQ-0218,USER_PREPARED_CAMPUS_DATA
2026-09-03,Late Morning,0,Medium,Mid,0,,30,47,120,0,25.0,46,28,250,11.2,10,Thursday,3,0,0,9,5,0,0,0,0,0,0,0,24.0,0,Clear,1.0,5,51.3,130,Low,Central Cafeteria,Meals,Standard,40,78.3,48,46,2,4.2,0,Balanced,14,56.5,196,0,Ample,21.94,Low Activity,CIQ-0219,USER_PREPARED_CAMPUS_DATA
2026-09-03,Noon / Lunch,8,Medium,Mid,0,,18,30,120,0,15.0,159,37,250,14.8,12,Thursday,3,0,1,9,5,0,0,0,0,0,0,0,24.0,0,Clear,1.0,5,51.3,130,Low,Central Cafeteria,Meals,Standard,46,78.3,167,159,8,4.8,0,Balanced,28,56.5,196,0,Ample,28.94,Low Activity,CIQ-0220,USER_PREPARED_CAMPUS_DATA
2026-09-03,Afternoon,0,Medium,Mid,0,,18,18,120,0,15.0,25,53,250,21.2,14,Thursday,3,0,1,9,5,0,0,0,0,0,0,0,24.0,0,Clear,1.0,5,51.3,130,Low,Central Cafeteria,Meals,Standard,159,78.3,26,25,1,3.8,0,Balanced,37,56.5,196,0,Ample,19.69,Low Activity,CIQ-0221,USER_PREPARED_CAMPUS_DATA
2026-09-03,Afternoon,7,Medium,Mid,0,,85,18,120,0,70.8,50,19,250,7.6,16,Thursday,3,0,0,9,5,0,0,0,0,0,0,0,24.0,0,Clear,1.0,5,51.3,130,Moderate,Central Cafeteria,Meals,Standard,25,78.3,52,50,2,3.8,0,Balanced,53,56.5,196,0,Ample,37.23,Low Activity,CIQ-0222,USER_PREPARED_CAMPUS_DATA
2026-09-03,Evening Peak,1,Medium,Mid,0,,83,85,120,0,69.2,110,81,250,32.4,18,Thursday,3,0,1,9,5,0,0,0,0,0,0,0,24.0,0,Clear,1.0,5,51.3,130,Moderate,Central Cafeteria,Meals,Standard,50,78.3,116,110,6,5.2,0,Balanced,19,56.5,196,0,Ample,49.11,Moderate Load,CIQ-0223,USER_PREPARED_CAMPUS_DATA
2026-09-03,Night,1,Medium,Mid,0,,76,83,120,0,63.3,99,68,250,27.2,20,Thursday,3,0,1,9,5,0,0,0,0,0,0,0,24.0,0,Clear,1.0,5,51.3,130,Moderate,Central Cafeteria,Meals,Standard,110,78.3,104,99,5,4.8,0,Balanced,81,56.5,196,0,Ample,44.56,Low Activity,CIQ-0224,USER_PREPARED_CAMPUS_DATA
2026-09-04,Morning,0,Medium,Mid,1,,42,20,120,0,35.0,62,33,250,13.2,8,Friday,4,0,0,9,5,0,0,0,0,0,0,0,24.0,0,Clear,1.0,5,51.3,130,Low,Central Cafeteria,Meals,Standard,99,78.3,65,62,3,4.6,0,Balanced,68,56.5,196,0,Ample,27.38,Low Activity,CIQ-0225,USER_PREPARED_CAMPUS_DATA
2026-09-04,Late Morning,0,Medium,Mid,0,,30,42,120,0,25.0,44,16,250,6.4,10,Friday,4,0,0,9,5,0,0,0,0,0,0,0,24.0,0,Clear,1.0,5,51.3,130,Low,Central Cafeteria,Meals,Standard,62,78.3,46,44,2,4.3,0,Balanced,33,56.5,196,0,Ample,20.34,Low Activity,CIQ-0226,USER_PREPARED_CAMPUS_DATA
2026-09-04,Noon / Lunch,8,Medium,Mid,0,,17,30,120,0,14.2,135,47,250,18.8,12,Friday,4,0,1,9,5,0,0,0,0,0,0,0,24.0,0,Clear,1.0,5,51.3,130,Low,Central Cafeteria,Meals,Standard,44,78.3,142,135,7,4.9,0,Balanced,16,56.5,196,0,Ample,27.86,Low Activity,CIQ-0227,USER_PREPARED_CAMPUS_DATA
2026-09-04,Afternoon,2,Medium,Mid,0,,21,17,120,0,17.5,41,63,250,25.2,14,Friday,4,0,1,9,5,0,0,0,0,0,0,0,24.0,0,Clear,1.0,5,51.3,130,Low,Central Cafeteria,Meals,Standard,135,78.3,43,41,2,4.7,0,Balanced,47,56.5,196,0,Ample,23.1,Low Activity,CIQ-0228,USER_PREPARED_CAMPUS_DATA
2026-09-04,Afternoon,7,Medium,Mid,0,,69,21,120,0,57.5,70,34,250,13.6,16,Friday,4,0,0,9,5,0,0,0,0,0,0,0,24.0,0,Clear,1.0,5,51.3,130,Low,Central Cafeteria,Meals,Standard,41,78.3,74,70,4,5.4,0,Balanced,63,56.5,196,0,Ample,36.04,Low Activity,CIQ-0229,USER_PREPARED_CAMPUS_DATA
2026-09-04,Evening Peak,2,Medium,Mid,0,,88,69,120,0,73.3,114,62,250,24.8,18,Friday,4,0,1,9,5,0,0,0,0,0,0,0,24.0,0,Clear,1.0,5,51.3,130,Moderate,Central Cafeteria,Meals,Standard,70,78.3,120,114,6,5.0,0,Balanced,34,56.5,196,0,Ample,48.6,Moderate Load,CIQ-0230,USER_PREPARED_CAMPUS_DATA
2026-09-04,Night,0,Medium,Mid,0,,70,88,120,0,58.3,93,70,250,28.0,20,Friday,4,0,1,9,5,0,0,0,0,0,0,0,24.0,0,Clear,1.0,5,51.3,130,Low,Central Cafeteria,Meals,Standard,114,78.3,98,93,5,5.1,0,Balanced,62,56.5,196,0,Ample,42.56,Low Activity,CIQ-0231,USER_PREPARED_CAMPUS_DATA
2026-09-05,Morning,0,Medium,Mid,0,,53,20,120,0,44.2,38,36,250,14.4,8,Saturday,5,1,0,9,5,0,0,0,0,0,0,0,24.0,0,Clear,1.0,5,51.3,130,Low,Central Cafeteria,Meals,Standard,93,78.3,40,38,2,5.0,0,Balanced,70,56.5,196,0,Ample,28.96,Low Activity,CIQ-0232,USER_PREPARED_CAMPUS_DATA
2026-09-05,Late Morning,0,Medium,Mid,0,,35,53,120,0,29.2,44,36,250,14.4,10,Saturday,5,1,0,9,5,0,0,0,0,0,0,0,24.0,0,Clear,1.0,5,51.3,130,Low,Central Cafeteria,Meals,Standard,38,78.3,46,44,2,4.3,0,Balanced,36,56.5,196,0,Ample,24.21,Low Activity,CIQ-0233,USER_PREPARED_CAMPUS_DATA
2026-09-05,Noon / Lunch,0,Medium,Mid,0,,29,35,120,0,24.2,120,28,250,11.2,12,Saturday,5,1,1,9,5,0,0,0,0,0,0,0,24.0,0,Clear,1.0,5,51.3,130,Low,Central Cafeteria,Meals,Standard,44,78.3,126,120,6,4.8,0,Balanced,36,56.5,196,0,Ample,27.83,Low Activity,CIQ-0234,USER_PREPARED_CAMPUS_DATA
2026-09-05,Afternoon,0,Medium,Mid,0,,41,29,120,0,34.2,22,39,250,15.6,14,Saturday,5,1,1,9,5,0,0,0,0,0,0,0,24.0,0,Clear,1.0,5,51.3,130,Low,Central Cafeteria,Meals,Standard,120,78.3,23,22,1,4.3,0,Balanced,28,56.5,196,0,Ample,24.48,Low Activity,CIQ-0235,USER_PREPARED_CAMPUS_DATA
2026-09-05,Afternoon,0,Medium,Mid,0,,97,41,120,1,80.8,43,29,250,11.6,16,Saturday,5,1,0,9,5,0,0,0,0,0,0,0,24.0,0,Clear,1.0,5,51.3,130,High,Central Cafeteria,Meals,Standard,22,78.3,45,43,2,4.4,0,Balanced,39,56.5,196,0,Ample,41.34,Low Activity,CIQ-0236,USER_PREPARED_CAMPUS_DATA
2026-09-05,Evening Peak,0,Medium,Mid,0,,101,97,120,1,84.2,114,89,250,35.6,18,Saturday,5,1,1,9,5,0,0,0,0,0,0,0,24.0,0,Clear,1.0,5,51.3,130,High,Central Cafeteria,Meals,Standard,43,78.3,120,114,6,5.0,0,Balanced,29,56.5,196,0,Ample,55.65,Moderate Load,CIQ-0237,USER_PREPARED_CAMPUS_DATA
2026-09-05,Night,0,Medium,Mid,0,,96,101,120,1,80.0,122,69,250,27.6,20,Saturday,5,1,1,9,5,0,0,0,0,0,0,0,24.0,0,Clear,1.0,5,51.3,130,High,Central Cafeteria,Meals,Standard,114,78.3,128,122,6,4.7,0,Balanced,89,56.5,196,0,Ample,52.45,Moderate Load,CIQ-0238,USER_PREPARED_CAMPUS_DATA
2026-09-06,Morning,0,Low,Mid,0,,62,20,120,0,51.7,55,24,250,9.6,8,Sunday,6,1,0,9,5,0,0,0,0,0,0,0,24.0,0,Clear,1.0,5,51.3,130,Low,Central Cafeteria,Meals,Standard,122,78.3,58,55,3,5.2,0,Balanced,69,56.5,196,0,Ample,28.56,Low Activity,CIQ-0239,USER_PREPARED_CAMPUS_DATA
2026-09-06,Late Morning,0,Low,Mid,0,,44,62,120,0,36.7,48,15,250,6.0,10,Sunday,6,1,0,9,5,0,0,0,0,0,0,0,24.0,0,Clear,1.0,5,51.3,130,Low,Central Cafeteria,Meals,Standard,55,78.3,50,48,2,4.0,0,Balanced,24,56.5,196,0,Ample,21.64,Low Activity,CIQ-0240,USER_PREPARED_CAMPUS_DATA
2026-09-06,Noon / Lunch,0,Low,Mid,0,,38,44,120,0,31.7,117,31,250,12.4,12,Sunday,6,1,1,9,5,0,0,0,0,0,0,0,24.0,0,Clear,1.0,5,51.3,130,Low,Central Cafeteria,Meals,Standard,48,78.3,123,117,6,4.9,0,Balanced,15,56.5,196,0,Ample,27.56,Low Activity,CIQ-0241,USER_PREPARED_CAMPUS_DATA
2026-09-06,Afternoon,0,Low,Mid,0,,34,38,120,0,28.3,18,32,250,12.8,14,Sunday,6,1,1,9,5,0,0,0,0,0,0,0,24.0,0,Clear,1.0,5,51.3,130,Low,Central Cafeteria,Meals,Standard,117,78.3,19,18,1,5.3,0,Balanced,31,56.5,196,0,Ample,18.24,Low Activity,CIQ-0242,USER_PREPARED_CAMPUS_DATA
2026-09-06,Afternoon,0,Low,Mid,0,,91,34,120,0,75.8,33,21,250,8.4,16,Sunday,6,1,0,9,5,0,0,0,0,0,0,0,24.0,0,Clear,1.0,5,51.3,130,Moderate,Central Cafeteria,Meals,Standard,18,78.3,35,33,2,5.7,0,Balanced,32,56.5,196,0,Ample,34.8,Low Activity,CIQ-0243,USER_PREPARED_CAMPUS_DATA
2026-09-06,Evening Peak,0,Low,Mid,0,,95,91,120,0,79.2,111,67,250,26.8,18,Sunday,6,1,1,9,5,0,0,0,0,0,0,0,24.0,0,Clear,1.0,5,51.3,130,Moderate,Central Cafeteria,Meals,Standard,33,78.3,117,111,6,5.1,0,Balanced,21,56.5,196,0,Ample,48.01,Moderate Load,CIQ-0244,USER_PREPARED_CAMPUS_DATA
2026-09-06,Night,0,Low,Mid,0,,90,95,120,0,75.0,121,67,250,26.8,20,Sunday,6,1,1,9,5,0,0,0,0,0,0,0,24.0,0,Clear,1.0,5,51.3,130,Moderate,Central Cafeteria,Meals,Standard,111,78.3,127,121,6,4.7,0,Balanced,67,56.5,196,0,Ample,47.37,Moderate Load,CIQ-0245,USER_PREPARED_CAMPUS_DATA
2026-09-07,Morning,1,Medium,Mid,0,,45,20,120,0,37.5,51,29,250,11.6,8,Monday,0,0,0,9,6,0,0,0,0,0,0,0,24.0,0,Clear,1.0,5,51.3,130,Low,Central Cafeteria,Meals,Standard,121,78.3,54,51,3,5.6,0,Balanced,67,56.5,196,0,Ample,26.86,Low Activity,CIQ-0246,USER_PREPARED_CAMPUS_DATA
2026-09-07,Late Morning,0,Medium,Mid,0,,31,45,120,0,25.8,51,15,250,6.0,10,Monday,0,0,0,9,6,0,0,0,0,0,0,0,24.0,0,Clear,1.0,5,51.3,130,Low,Central Cafeteria,Meals,Standard,51,78.3,54,51,3,5.6,0,Balanced,29,56.5,196,0,Ample,21.08,Low Activity,CIQ-0247,USER_PREPARED_CAMPUS_DATA
2026-09-07,Noon / Lunch,7,Medium,Mid,0,,23,31,120,0,19.2,149,54,250,21.6,12,Monday,0,0,1,9,6,0,0,0,0,0,0,0,24.0,0,Clear,1.0,5,51.3,130,Low,Central Cafeteria,Meals,Standard,51,78.3,156,149,7,4.5,0,Balanced,15,56.5,196,0,Ample,31.62,Low Activity,CIQ-0248,USER_PREPARED_CAMPUS_DATA
2026-09-07,Afternoon,0,Medium,Mid,0,,26,23,120,0,21.7,45,46,250,18.4,14,Monday,0,0,1,9,6,0,0,0,0,0,0,0,24.0,0,Clear,1.0,5,51.3,130,Low,Central Cafeteria,Meals,Standard,149,78.3,47,45,2,4.3,0,Balanced,54,56.5,196,0,Ample,22.86,Low Activity,CIQ-0249,USER_PREPARED_CAMPUS_DATA
2026-09-07,Afternoon,6,Medium,Mid,0,,75,26,120,0,62.5,52,23,250,9.2,16,Monday,0,0,0,9,6,0,0,0,0,0,0,0,24.0,0,Clear,1.0,5,51.3,130,Moderate,Central Cafeteria,Meals,Standard,45,78.3,55,52,3,5.5,0,Balanced,46,56.5,196,0,Ample,34.97,Low Activity,CIQ-0250,USER_PREPARED_CAMPUS_DATA
2026-09-07,Evening Peak,2,Medium,Mid,0,,83,75,120,0,69.2,106,68,250,27.2,18,Monday,0,0,1,9,6,0,0,0,0,0,0,0,24.0,0,Clear,1.0,5,51.3,130,Moderate,Central Cafeteria,Meals,Standard,52,78.3,111,106,5,4.5,0,Balanced,23,56.5,196,0,Ample,47.21,Moderate Load,CIQ-0251,USER_PREPARED_CAMPUS_DATA
2026-09-07,Night,1,Medium,Mid,0,,70,83,120,0,58.3,113,52,250,20.8,20,Monday,0,0,1,9,6,0,0,0,0,0,0,0,24.0,0,Clear,1.0,5,51.3,130,Low,Central Cafeteria,Meals,Standard,106,78.3,119,113,6,5.0,0,Balanced,68,56.5,196,0,Ample,42.06,Low Activity,CIQ-0252,USER_PREPARED_CAMPUS_DATA
2026-09-08,Morning,2,Medium,Mid,0,,37,20,120,0,30.8,62,14,250,5.6,8,Tuesday,1,0,0,9,6,0,0,0,0,0,0,0,24.0,0,Clear,1.0,5,51.3,130,Low,Central Cafeteria,Meals,Standard,113,78.3,65,62,3,4.6,0,Balanced,52,56.5,196,0,Ample,23.63,Low Activity,CIQ-0253,USER_PREPARED_CAMPUS_DATA
2026-09-08,Late Morning,2,Medium,Mid,0,,30,37,120,0,25.0,42,15,250,6.0,10,Tuesday,1,0,0,9,6,0,0,0,0,0,0,0,24.0,0,Clear,1.0,5,51.3,130,Low,Central Cafeteria,Meals,Standard,62,78.3,44,42,2,4.5,0,Balanced,14,56.5,196,0,Ample,20.05,Low Activity,CIQ-0254,USER_PREPARED_CAMPUS_DATA
2026-09-08,Noon / Lunch,6,Medium,Mid,0,,18,30,120,0,15.0,135,32,250,12.8,12,Tuesday,1,0,1,9,6,0,0,0,0,0,0,0,24.0,0,Clear,1.0,5,51.3,130,Low,Central Cafeteria,Meals,Standard,42,78.3,142,135,7,4.9,0,Balanced,15,56.5,196,0,Ample,26.34,Low Activity,CIQ-0255,USER_PREPARED_CAMPUS_DATA
2026-09-08,Afternoon,2,Medium,Mid,0,,21,18,120,0,17.5,29,37,250,14.8,14,Tuesday,1,0,1,9,6,0,0,0,0,0,0,0,24.0,0,Clear,1.0,5,51.3,130,Low,Central Cafeteria,Meals,Standard,135,78.3,30,29,1,3.3,0,Balanced,32,56.5,196,0,Ample,18.98,Low Activity,CIQ-0256,USER_PREPARED_CAMPUS_DATA
2026-09-08,Afternoon,7,Medium,Mid,0,,76,21,120,0,63.3,66,44,250,17.6,16,Tuesday,1,0,0,9,6,0,0,0,0,0,0,0,24.0,0,Clear,1.0,5,51.3,130,Moderate,Central Cafeteria,Meals,Standard,29,78.3,69,66,3,4.3,0,Balanced,37,56.5,196,0,Ample,38.94,Low Activity,CIQ-0257,USER_PREPARED_CAMPUS_DATA
2026-09-08,Evening Peak,2,Medium,Mid,0,,89,76,120,0,74.2,138,82,250,32.8,18,Tuesday,1,0,1,9,6,0,0,0,0,0,0,0,24.0,0,Clear,1.0,5,51.3,130,Moderate,Central Cafeteria,Meals,Standard,66,78.3,145,138,7,4.8,0,Balanced,44,56.5,196,0,Ample,53.31,Moderate Load,CIQ-0258,USER_PREPARED_CAMPUS_DATA
2026-09-08,Night,1,Medium,Mid,1,Sports_Tournament,107,89,120,1,89.2,135,64,250,25.6,20,Tuesday,1,0,1,9,6,0,0,0,1,1,0,80,24.0,0,Clear,1.0,5,51.3,130,High,Central Cafeteria,Meals,Standard,138,78.3,142,135,7,4.9,0,Balanced,82,56.5,196,0,Ample,56.15,Moderate Load,CIQ-0259,USER_PREPARED_CAMPUS_DATA
2026-09-09,Morning,0,Medium,Mid,0,,36,20,120,0,30.0,45,41,250,16.4,8,Wednesday,2,0,0,9,6,0,0,0,0,0,0,0,24.0,0,Clear,1.0,5,51.3,130,Low,Central Cafeteria,Meals,Standard,135,78.3,47,45,2,4.3,0,Balanced,64,56.5,196,0,Ample,25.17,Low Activity,CIQ-0260,USER_PREPARED_CAMPUS_DATA
2026-09-09,Late Morning,1,Medium,Mid,0,,23,36,120,0,19.2,40,31,250,12.4,10,Wednesday,2,0,0,9,6,0,0,0,0,0,0,0,24.0,0,Clear,1.0,5,51.3,130,Low,Central Cafeteria,Meals,Standard,45,78.3,42,40,2,4.8,0,Balanced,41,56.5,196,0,Ample,19.77,Low Activity,CIQ-0261,USER_PREPARED_CAMPUS_DATA
2026-09-09,Noon / Lunch,6,Medium,Mid,0,,25,23,120,0,20.8,123,51,250,20.4,12,Wednesday,2,0,1,9,6,0,0,0,0,0,0,0,24.0,0,Clear,1.0,5,51.3,130,Low,Central Cafeteria,Meals,Standard,40,78.3,129,123,6,4.7,0,Balanced,31,56.5,196,0,Ample,29.65,Low Activity,CIQ-0262,USER_PREPARED_CAMPUS_DATA
2026-09-09,Afternoon,1,Medium,Mid,0,,26,25,120,0,21.7,47,39,250,15.6,14,Wednesday,2,0,1,9,6,0,0,0,0,0,0,0,24.0,0,Clear,1.0,5,51.3,130,Low,Central Cafeteria,Meals,Standard,123,78.3,49,47,2,4.1,0,Balanced,51,56.5,196,0,Ample,22.19,Low Activity,CIQ-0263,USER_PREPARED_CAMPUS_DATA
2026-09-09,Afternoon,5,Medium,Mid,0,,73,26,120,0,60.8,60,22,250,8.8,16,Wednesday,2,0,0,9,6,0,0,0,0,0,0,0,24.0,0,Clear,1.0,5,51.3,130,Moderate,Central Cafeteria,Meals,Standard,47,78.3,63,60,3,4.8,0,Balanced,39,56.5,196,0,Ample,34.92,Low Activity,CIQ-0264,USER_PREPARED_CAMPUS_DATA
2026-09-09,Evening Peak,2,Medium,Mid,0,,89,73,120,0,74.2,114,62,250,24.8,18,Wednesday,2,0,1,9,6,0,0,0,0,0,0,0,24.0,0,Clear,1.0,5,51.3,130,Moderate,Central Cafeteria,Meals,Standard,60,78.3,120,114,6,5.0,0,Balanced,22,56.5,196,0,Ample,48.91,Moderate Load,CIQ-0265,USER_PREPARED_CAMPUS_DATA
2026-09-09,Night,2,Medium,Mid,0,,82,89,120,0,68.3,115,66,250,26.4,20,Wednesday,2,0,1,9,6,0,0,0,0,0,0,0,24.0,0,Clear,1.0,5,51.3,130,Moderate,Central Cafeteria,Meals,Standard,114,78.3,121,115,6,5.0,0,Balanced,62,56.5,196,0,Ample,47.41,Moderate Load,CIQ-0266,USER_PREPARED_CAMPUS_DATA
2026-09-10,Morning,0,Medium,Mid,0,,44,20,120,0,36.7,43,29,250,11.6,8,Thursday,3,0,0,9,6,0,0,0,0,0,0,0,24.0,0,Clear,1.0,5,51.3,130,Low,Central Cafeteria,Meals,Standard,115,78.3,45,43,2,4.4,0,Balanced,66,56.5,196,0,Ample,25.91,Low Activity,CIQ-0267,USER_PREPARED_CAMPUS_DATA
2026-09-10,Late Morning,1,Medium,Mid,0,,28,44,120,0,23.3,38,36,250,14.4,10,Thursday,3,0,0,9,6,0,0,0,0,0,0,0,24.0,0,Clear,1.0,5,51.3,130,Low,Central Cafeteria,Meals,Standard,43,78.3,40,38,2,5.0,0,Balanced,29,56.5,196,0,Ample,21.64,Low Activity,CIQ-0268,USER_PREPARED_CAMPUS_DATA
2026-09-10,Noon / Lunch,5,Medium,Mid,0,,18,28,120,0,15.0,152,45,250,18.0,12,Thursday,3,0,1,9,6,0,0,0,0,0,0,0,24.0,0,Clear,1.0,5,51.3,130,Low,Central Cafeteria,Meals,Standard,38,78.3,160,152,8,5.0,0,Balanced,36,56.5,196,0,Ample,29.32,Low Activity,CIQ-0269,USER_PREPARED_CAMPUS_DATA
2026-09-10,Afternoon,2,Medium,Mid,0,,22,18,120,0,18.3,52,52,250,20.8,14,Thursday,3,0,1,9,6,0,0,0,0,0,0,0,24.0,0,Clear,1.0,5,51.3,130,Low,Central Cafeteria,Meals,Standard,152,78.3,55,52,3,5.5,0,Balanced,45,56.5,196,0,Ample,22.98,Low Activity,CIQ-0270,USER_PREPARED_CAMPUS_DATA
2026-09-10,Afternoon,7,Medium,Mid,0,,76,22,120,0,63.3,72,35,250,14.0,16,Thursday,3,0,0,9,6,0,0,0,0,0,0,0,24.0,0,Clear,1.0,5,51.3,130,Moderate,Central Cafeteria,Meals,Standard,52,78.3,76,72,4,5.3,0,Balanced,52,56.5,196,0,Ample,38.35,Low Activity,CIQ-0271,USER_PREPARED_CAMPUS_DATA
2026-09-10,Evening Peak,0,Medium,Mid,0,,81,76,120,0,67.5,91,59,250,23.6,18,Thursday,3,0,1,9,6,0,0,0,0,0,0,0,24.0,0,Clear,1.0,5,51.3,130,Moderate,Central Cafeteria,Meals,Standard,72,78.3,96,91,5,5.2,0,Balanced,35,56.5,196,0,Ample,44.29,Low Activity,CIQ-0272,USER_PREPARED_CAMPUS_DATA
2026-09-10,Night,0,Medium,Mid,0,,62,81,120,0,51.7,95,67,250,26.8,20,Thursday,3,0,1,9,6,0,0,0,0,0,0,0,24.0,0,Clear,1.0,5,51.3,130,Low,Central Cafeteria,Meals,Standard,91,78.3,100,95,5,5.0,0,Balanced,59,56.5,196,0,Ample,40.05,Low Activity,CIQ-0273,USER_PREPARED_CAMPUS_DATA
2026-09-11,Morning,1,Low,Mid,0,,38,20,120,0,31.7,48,38,250,15.2,8,Friday,4,0,0,9,6,0,0,0,0,0,0,0,24.0,0,Clear,1.0,5,51.3,130,Low,Central Cafeteria,Meals,Standard,95,78.3,50,48,2,4.0,0,Balanced,67,56.5,196,0,Ample,22.65,Low Activity,CIQ-0274,USER_PREPARED_CAMPUS_DATA
2026-09-11,Late Morning,0,Low,Mid,0,,23,38,120,0,19.2,33,37,250,14.8,10,Friday,4,0,0,9,6,0,0,0,0,0,0,0,24.0,0,Clear,1.0,5,51.3,130,Low,Central Cafeteria,Meals,Standard,48,78.3,35,33,2,5.7,0,Balanced,38,56.5,196,0,Ample,16.91,Low Activity,CIQ-0275,USER_PREPARED_CAMPUS_DATA
2026-09-11,Noon / Lunch,8,Low,Mid,0,,20,23,120,0,16.7,139,48,250,19.2,12,Friday,4,0,1,9,6,0,0,0,0,0,0,0,24.0,0,Clear,1.0,5,51.3,130,Low,Central Cafeteria,Meals,Standard,33,78.3,146,139,7,4.8,0,Balanced,37,56.5,196,0,Ample,26.19,Low Activity,CIQ-0276,USER_PREPARED_CAMPUS_DATA
2026-09-11,Afternoon,2,Low,Mid,0,,24,20,120,0,20.0,53,30,250,12.0,14,Friday,4,0,1,9,6,0,0,0,0,0,0,0,24.0,0,Clear,1.0,5,51.3,130,Low,Central Cafeteria,Meals,Standard,139,78.3,56,53,3,5.4,0,Balanced,48,56.5,196,0,Ample,18.02,Low Activity,CIQ-0277,USER_PREPARED_CAMPUS_DATA
2026-09-11,Afternoon,5,Low,Mid,0,,83,24,120,0,69.2,58,34,250,13.6,16,Friday,4,0,0,9,6,0,0,0,0,0,0,0,24.0,0,Clear,1.0,5,51.3,130,Moderate,Central Cafeteria,Meals,Standard,53,78.3,61,58,3,4.9,0,Balanced,30,56.5,196,0,Ample,36.13,Low Activity,CIQ-0278,USER_PREPARED_CAMPUS_DATA
2026-09-11,Evening Peak,2,Low,Mid,0,,82,83,120,0,68.3,101,66,250,26.4,18,Friday,4,0,1,9,6,0,0,0,0,0,0,0,24.0,0,Clear,1.0,5,51.3,130,Moderate,Central Cafeteria,Meals,Standard,58,78.3,106,101,5,4.7,0,Balanced,34,56.5,196,0,Ample,43.24,Low Activity,CIQ-0279,USER_PREPARED_CAMPUS_DATA
2026-09-11,Night,0,Low,Mid,0,,70,82,120,0,58.3,96,62,250,24.8,20,Friday,4,0,1,9,6,0,0,0,0,0,0,0,24.0,0,Clear,1.0,5,51.3,130,Low,Central Cafeteria,Meals,Standard,101,78.3,101,96,5,5.0,0,Balanced,66,56.5,196,0,Ample,38.84,Low Activity,CIQ-0280,USER_PREPARED_CAMPUS_DATA
2026-09-12,Morning,0,Medium,Mid,0,,58,20,120,0,48.3,28,15,250,6.0,8,Saturday,5,1,0,9,6,0,0,0,0,0,0,0,24.0,0,Clear,1.0,5,51.3,130,Low,Central Cafeteria,Meals,Standard,96,78.3,29,28,1,3.4,0,Balanced,62,56.5,196,0,Ample,27.04,Low Activity,CIQ-0281,USER_PREPARED_CAMPUS_DATA
2026-09-12,Late Morning,0,Medium,Mid,0,,43,58,120,0,35.8,36,26,250,10.4,10,Saturday,5,1,0,9,6,0,0,0,0,0,0,0,24.0,0,Clear,1.0,5,51.3,130,Low,Central Cafeteria,Meals,Standard,28,78.3,38,36,2,5.3,0,Balanced,15,56.5,196,0,Ample,24.65,Low Activity,CIQ-0282,USER_PREPARED_CAMPUS_DATA
2026-09-12,Noon / Lunch,0,Medium,Mid,0,,36,43,120,0,30.0,116,17,250,6.8,12,Saturday,5,1,1,9,6,0,0,0,0,0,0,0,24.0,0,Clear,1.0,5,51.3,130,Low,Central Cafeteria,Meals,Standard,36,78.3,122,116,6,4.9,0,Balanced,26,56.5,196,0,Ample,28.21,Low Activity,CIQ-0283,USER_PREPARED_CAMPUS_DATA
2026-09-12,Afternoon,0,Medium,Mid,0,,36,36,120,0,30.0,37,39,250,15.6,14,Saturday,5,1,1,9,6,0,0,0,0,0,0,0,24.0,0,Clear,1.0,5,51.3,130,Low,Central Cafeteria,Meals,Standard,116,78.3,39,37,2,5.1,0,Balanced,17,56.5,196,0,Ample,24.26,Low Activity,CIQ-0284,USER_PREPARED_CAMPUS_DATA
2026-09-12,Afternoon,0,Medium,Mid,0,,93,36,120,0,77.5,39,24,250,9.6,16,Saturday,5,1,0,9,6,0,0,0,0,0,0,0,24.0,0,Clear,1.0,5,51.3,130,Moderate,Central Cafeteria,Meals,Standard,37,78.3,41,39,2,4.9,0,Balanced,39,56.5,196,0,Ample,39.25,Low Activity,CIQ-0285,USER_PREPARED_CAMPUS_DATA
2026-09-12,Evening Peak,0,Medium,Mid,0,,105,93,120,1,87.5,112,67,250,26.8,18,Saturday,5,1,1,9,6,0,0,0,0,0,0,0,24.0,0,Clear,1.0,5,51.3,130,High,Central Cafeteria,Meals,Standard,39,78.3,118,112,6,5.1,0,Balanced,24,56.5,196,0,Ample,54.0,Moderate Load,CIQ-0286,USER_PREPARED_CAMPUS_DATA
2026-09-12,Night,0,Medium,Mid,0,,79,105,120,0,65.8,95,83,250,33.2,20,Saturday,5,1,1,9,6,0,0,0,0,0,0,0,24.0,0,Clear,1.0,5,51.3,130,Moderate,Central Cafeteria,Meals,Standard,112,78.3,100,95,5,5.0,0,Balanced,67,56.5,196,0,Ample,46.91,Moderate Load,CIQ-0287,USER_PREPARED_CAMPUS_DATA
2026-09-13,Morning,0,Medium,Mid,0,,50,20,120,0,41.7,50,25,250,10.0,8,Sunday,6,1,0,9,6,0,0,0,0,0,0,0,24.0,0,Clear,1.0,5,51.3,130,Low,Central Cafeteria,Meals,Standard,95,78.3,52,50,2,3.8,0,Balanced,83,56.5,196,0,Ample,27.76,Low Activity,CIQ-0288,USER_PREPARED_CAMPUS_DATA
2026-09-13,Late Morning,0,Medium,Mid,0,,38,50,120,0,31.7,60,21,250,8.4,10,Sunday,6,1,0,9,6,0,0,0,0,0,0,0,24.0,0,Clear,1.0,5,51.3,130,Low,Central Cafeteria,Meals,Standard,50,78.3,63,60,3,4.8,0,Balanced,25,56.5,196,0,Ample,24.62,Low Activity,CIQ-0289,USER_PREPARED_CAMPUS_DATA
2026-09-13,Noon / Lunch,0,Medium,Mid,0,,28,38,120,0,23.3,127,33,250,13.2,12,Sunday,6,1,1,9,6,0,0,0,0,0,0,0,24.0,0,Clear,1.0,5,51.3,130,Low,Central Cafeteria,Meals,Standard,60,78.3,133,127,6,4.5,0,Balanced,21,56.5,196,0,Ample,28.7,Low Activity,CIQ-0290,USER_PREPARED_CAMPUS_DATA
2026-09-13,Afternoon,0,Medium,Mid,0,,39,28,120,0,32.5,22,40,250,16.0,14,Sunday,6,1,1,9,6,0,0,0,0,0,0,0,24.0,0,Clear,1.0,5,51.3,130,Low,Central Cafeteria,Meals,Standard,127,78.3,23,22,1,4.3,0,Balanced,33,56.5,196,0,Ample,24.01,Low Activity,CIQ-0291,USER_PREPARED_CAMPUS_DATA
2026-09-13,Afternoon,0,Medium,Mid,0,,94,39,120,0,78.3,63,27,250,10.8,16,Sunday,6,1,0,9,6,0,0,0,0,0,0,0,24.0,0,Clear,1.0,5,51.3,130,Moderate,Central Cafeteria,Meals,Standard,22,78.3,66,63,3,4.5,0,Balanced,40,56.5,196,0,Ample,41.9,Low Activity,CIQ-0292,USER_PREPARED_CAMPUS_DATA
2026-09-13,Evening Peak,0,Medium,Mid,0,,104,94,120,1,86.7,93,63,250,25.2,18,Sunday,6,1,1,9,6,0,0,0,0,0,0,0,24.0,0,Clear,1.0,5,51.3,130,High,Central Cafeteria,Meals,Standard,63,78.3,98,93,5,5.1,0,Balanced,27,56.5,196,0,Ample,51.66,Moderate Load,CIQ-0293,USER_PREPARED_CAMPUS_DATA
2026-09-13,Night,0,Medium,Mid,0,,77,104,120,0,64.2,124,74,250,29.6,20,Sunday,6,1,1,9,6,0,0,0,0,0,0,0,24.0,0,Clear,1.0,5,51.3,130,Moderate,Central Cafeteria,Meals,Standard,93,78.3,130,124,6,4.6,0,Balanced,63,56.5,196,0,Ample,47.68,Moderate Load,CIQ-0294,USER_PREPARED_CAMPUS_DATA
2026-09-14,Morning,1,High,Mid,0,,19,20,120,0,15.8,25,132,250,52.8,8,Monday,0,0,0,9,7,1,1,1,0,0,0,0,24.0,0,Clear,1.0,5,51.3,130,Low,Central Cafeteria,Meals,Standard,124,78.3,26,25,1,3.8,0,Balanced,74,56.5,196,0,Moderate,32.45,Low Activity,CIQ-0295,USER_PREPARED_CAMPUS_DATA
2026-09-14,Late Morning,1,High,Mid,0,,6,19,120,0,5.0,39,138,250,55.2,10,Monday,0,0,0,9,7,1,1,1,0,0,0,0,24.0,0,Clear,1.0,5,51.3,130,Low,Central Cafeteria,Meals,Standard,25,78.3,41,39,2,4.9,0,Balanced,132,56.5,196,0,Moderate,30.56,Low Activity,CIQ-0296,USER_PREPARED_CAMPUS_DATA
2026-09-14,Noon / Lunch,6,High,Mid,0,,6,6,120,0,5.0,130,164,250,65.6,12,Monday,0,0,1,9,7,1,1,1,0,0,0,0,24.0,0,Clear,1.0,5,51.3,130,Low,Central Cafeteria,Meals,Standard,39,78.3,136,130,6,4.4,0,Balanced,138,56.5,196,0,Moderate,41.26,Low Activity,CIQ-0297,USER_PREPARED_CAMPUS_DATA
2026-09-14,Afternoon,2,High,Mid,0,,6,6,120,0,5.0,48,147,250,58.8,14,Monday,0,0,1,9,7,1,1,1,0,0,0,0,24.0,0,Clear,1.0,5,51.3,130,Low,Central Cafeteria,Meals,Standard,130,78.3,50,48,2,4.0,0,Balanced,164,56.5,196,0,Moderate,32.39,Low Activity,CIQ-0298,USER_PREPARED_CAMPUS_DATA
2026-09-14,Afternoon,6,High,Mid,0,,48,6,120,0,40.0,39,138,250,55.2,16,Monday,0,0,0,9,7,1,1,1,0,0,0,0,24.0,0,Clear,1.0,5,51.3,130,Low,Central Cafeteria,Meals,Standard,48,78.3,41,39,2,4.9,0,Balanced,147,56.5,196,0,Moderate,42.81,Low Activity,CIQ-0299,USER_PREPARED_CAMPUS_DATA
2026-09-14,Evening Peak,1,High,Mid,0,,53,48,120,0,44.2,117,177,250,70.8,18,Monday,0,0,1,9,7,1,1,1,0,0,0,0,24.0,0,Clear,1.0,5,51.3,130,Low,Central Cafeteria,Meals,Standard,39,78.3,123,117,6,4.9,0,Balanced,138,56.5,196,0,Moderate,55.46,Moderate Load,CIQ-0300,USER_PREPARED_CAMPUS_DATA
2026-09-14,Night,1,High,Mid,0,,45,53,120,0,37.5,111,182,250,72.8,20,Monday,0,0,1,9,7,1,1,1,0,0,0,0,24.0,0,Clear,1.0,5,51.3,130,Low,Central Cafeteria,Meals,Standard,117,78.3,117,111,6,5.1,0,Balanced,177,56.5,196,0,Moderate,53.22,Moderate Load,CIQ-0301,USER_PREPARED_CAMPUS_DATA
2026-09-15,Morning,2,High,Mid,0,,17,20,120,0,14.2,41,134,250,53.6,8,Tuesday,1,0,0,9,7,1,1,1,0,0,0,0,24.0,0,Clear,1.0,5,51.3,130,Low,Central Cafeteria,Meals,Standard,111,78.3,43,41,2,4.7,0,Balanced,182,56.5,196,0,Moderate,33.47,Low Activity,CIQ-0302,USER_PREPARED_CAMPUS_DATA
2026-09-15,Late Morning,0,High,Mid,0,,6,17,120,0,5.0,30,152,250,60.8,10,Tuesday,1,0,0,9,7,1,1,1,0,0,0,0,24.0,0,Clear,1.0,5,51.3,130,Low,Central Cafeteria,Meals,Standard,41,78.3,32,30,2,6.2,0,Balanced,134,56.5,196,0,Moderate,31.49,Low Activity,CIQ-0303,USER_PREPARED_CAMPUS_DATA
2026-09-15,Noon / Lunch,5,High,Mid,0,,6,6,120,0,5.0,165,164,250,65.6,12,Tuesday,1,0,1,9,7,1,1,1,0,0,0,0,24.0,0,Clear,1.0,5,51.3,130,Low,Central Cafeteria,Meals,Standard,30,78.3,173,165,8,4.6,0,Balanced,152,56.5,196,0,Moderate,44.18,Low Activity,CIQ-0304,USER_PREPARED_CAMPUS_DATA
2026-09-15,Afternoon,0,High,Mid,0,,6,6,120,0,5.0,19,152,250,60.8,14,Tuesday,1,0,1,9,7,1,1,1,0,0,0,0,24.0,0,Clear,1.0,5,51.3,130,Low,Central Cafeteria,Meals,Standard,165,78.3,20,19,1,5.0,0,Balanced,164,56.5,196,0,Moderate,30.57,Low Activity,CIQ-0305,USER_PREPARED_CAMPUS_DATA
2026-09-15,Afternoon,7,High,Mid,0,,51,6,120,0,42.5,57,146,250,58.4,16,Tuesday,1,0,0,9,7,1,1,1,0,0,0,0,24.0,0,Clear,1.0,5,51.3,130,Low,Central Cafeteria,Meals,Standard,19,78.3,60,57,3,5.0,0,Balanced,152,56.5,196,0,Moderate,46.14,Moderate Load,CIQ-0306,USER_PREPARED_CAMPUS_DATA
2026-09-15,Evening Peak,0,High,Mid,0,,57,51,120,0,47.5,116,165,250,66.0,18,Tuesday,1,0,1,9,7,1,1,1,0,0,0,0,24.0,0,Clear,1.0,5,51.3,130,Low,Central Cafeteria,Meals,Standard,57,78.3,122,116,6,4.9,0,Balanced,146,56.5,196,0,Moderate,55.09,Moderate Load,CIQ-0307,USER_PREPARED_CAMPUS_DATA
2026-09-15,Night,1,High,Mid,0,,28,57,120,0,23.3,117,189,250,75.6,20,Tuesday,1,0,1,9,7,1,1,1,0,0,0,0,24.0,0,Clear,1.0,5,51.3,130,Low,Central Cafeteria,Meals,Standard,116,78.3,123,117,6,4.9,0,Balanced,165,56.5,196,0,Limited,49.58,Moderate Load,CIQ-0308,USER_PREPARED_CAMPUS_DATA
2026-09-16,Morning,0,High,Mid,0,,13,20,120,0,10.8,38,138,250,55.2,8,Wednesday,2,0,0,9,7,1,1,1,0,0,0,0,24.0,0,Clear,1.0,5,51.3,130,Low,Central Cafeteria,Meals,Standard,117,78.3,40,38,2,5.0,0,Balanced,189,56.5,196,0,Moderate,32.51,Low Activity,CIQ-0309,USER_PREPARED_CAMPUS_DATA
2026-09-16,Late Morning,1,High,Mid,0,,6,13,120,0,5.0,49,142,250,56.8,10,Wednesday,2,0,0,9,7,1,1,1,0,0,0,0,24.0,0,Clear,1.0,5,51.3,130,Low,Central Cafeteria,Meals,Standard,38,78.3,51,49,2,3.9,0,Balanced,138,56.5,196,0,Moderate,31.87,Low Activity,CIQ-0310,USER_PREPARED_CAMPUS_DATA
2026-09-16,Noon / Lunch,6,High,Mid,0,,6,6,120,0,5.0,136,170,250,68.0,12,Wednesday,2,0,1,9,7,1,1,1,0,0,0,0,24.0,0,Clear,1.0,5,51.3,130,Low,Central Cafeteria,Meals,Standard,49,78.3,143,136,7,4.9,0,Balanced,142,56.5,196,0,Moderate,42.48,Low Activity,CIQ-0311,USER_PREPARED_CAMPUS_DATA
2026-09-16,Afternoon,0,High,Mid,0,,6,6,120,0,5.0,37,162,250,64.8,14,Wednesday,2,0,1,9,7,1,1,1,0,0,0,0,24.0,0,Clear,1.0,5,51.3,130,Low,Central Cafeteria,Meals,Standard,136,78.3,39,37,2,5.1,0,Balanced,170,56.5,196,0,Moderate,33.27,Low Activity,CIQ-0312,USER_PREPARED_CAMPUS_DATA
2026-09-16,Afternoon,8,High,Mid,0,,40,6,120,0,33.3,37,137,250,54.8,16,Wednesday,2,0,0,9,7,1,1,1,0,0,0,0,24.0,0,Clear,1.0,5,51.3,130,Low,Central Cafeteria,Meals,Standard,37,78.3,39,37,2,5.1,0,Balanced,162,56.5,196,0,Moderate,40.18,Low Activity,CIQ-0313,USER_PREPARED_CAMPUS_DATA
2026-09-16,Evening Peak,1,High,Mid,0,,56,40,120,0,46.7,124,171,250,68.4,18,Wednesday,2,0,1,9,7,1,1,1,0,0,0,0,24.0,0,Clear,1.0,5,51.3,130,Low,Central Cafeteria,Meals,Standard,37,78.3,130,124,6,4.6,0,Balanced,137,56.5,196,0,Moderate,56.2,Moderate Load,CIQ-0314,USER_PREPARED_CAMPUS_DATA
2026-09-16,Night,0,High,Mid,0,,39,56,120,0,32.5,109,196,250,78.4,20,Wednesday,2,0,1,9,7,1,1,1,0,0,0,0,24.0,0,Clear,1.0,5,51.3,130,Low,Central Cafeteria,Meals,Standard,124,78.3,114,109,5,4.4,0,Balanced,171,56.5,196,0,Limited,52.98,Moderate Load,CIQ-0315,USER_PREPARED_CAMPUS_DATA
2026-09-17,Morning,2,High,Mid,0,,13,20,120,0,10.8,53,137,250,54.8,8,Thursday,3,0,0,9,7,1,1,1,0,0,0,0,24.0,0,Clear,1.0,5,51.3,130,Low,Central Cafeteria,Meals,Standard,109,78.3,56,53,3,5.4,0,Balanced,196,56.5,196,0,Moderate,33.64,Low Activity,CIQ-0316,USER_PREPARED_CAMPUS_DATA
2026-09-17,Late Morning,0,High,Mid,0,,6,13,120,0,5.0,42,143,250,57.2,10,Thursday,3,0,0,9,7,1,1,1,0,0,0,0,24.0,0,Clear,1.0,5,51.3,130,Low,Central Cafeteria,Meals,Standard,53,78.3,44,42,2,4.5,0,Balanced,137,56.5,196,0,Moderate,31.41,Low Activity,CIQ-0317,USER_PREPARED_CAMPUS_DATA
2026-09-17,Noon / Lunch,8,High,Mid,0,,6,6,120,0,5.0,155,170,250,68.0,12,Thursday,3,0,1,9,7,1,1,1,0,0,0,0,24.0,0,Clear,1.0,5,51.3,130,Low,Central Cafeteria,Meals,Standard,42,78.3,163,155,8,4.9,0,Balanced,143,56.5,196,0,Moderate,44.07,Low Activity,CIQ-0318,USER_PREPARED_CAMPUS_DATA
2026-09-17,Afternoon,0,High,Mid,0,,6,6,120,0,5.0,32,170,250,68.0,14,Thursday,3,0,1,9,7,1,1,1,0,0,0,0,24.0,0,Clear,1.0,5,51.3,130,Low,Central Cafeteria,Meals,Standard,155,78.3,34,32,2,5.9,0,Balanced,170,56.5,196,0,Moderate,33.82,Low Activity,CIQ-0319,USER_PREPARED_CAMPUS_DATA
2026-09-17,Afternoon,6,High,Mid,0,,43,6,120,0,35.8,47,139,250,55.6,16,Thursday,3,0,0,9,7,1,1,1,0,0,0,0,24.0,0,Clear,1.0,5,51.3,130,Low,Central Cafeteria,Meals,Standard,32,78.3,49,47,2,4.1,0,Balanced,170,56.5,196,0,Moderate,42.13,Low Activity,CIQ-0320,USER_PREPARED_CAMPUS_DATA
2026-09-17,Evening Peak,2,High,Mid,0,,52,43,120,0,43.3,109,164,250,65.6,18,Thursday,3,0,1,9,7,1,1,1,0,0,0,0,24.0,0,Clear,1.0,5,51.3,130,Low,Central Cafeteria,Meals,Standard,47,78.3,114,109,5,4.4,0,Balanced,139,56.5,196,0,Moderate,52.92,Moderate Load,CIQ-0321,USER_PREPARED_CAMPUS_DATA
2026-09-17,Night,0,High,Mid,0,,41,52,120,0,34.2,103,192,250,76.8,20,Thursday,3,0,1,9,7,1,1,1,0,0,0,0,24.0,0,Clear,1.0,5,51.3,130,Low,Central Cafeteria,Meals,Standard,109,78.3,108,103,5,4.6,0,Balanced,164,56.5,196,0,Limited,52.59,Moderate Load,CIQ-0322,USER_PREPARED_CAMPUS_DATA
2026-09-18,Morning,0,High,Mid,0,,10,20,120,0,8.3,18,142,250,56.8,8,Friday,4,0,0,9,7,1,1,1,0,0,0,0,24.0,0,Clear,1.0,5,51.3,130,Low,Central Cafeteria,Meals,Standard,103,78.3,19,18,1,5.3,0,Balanced,192,56.5,196,0,Moderate,30.44,Low Activity,CIQ-0323,USER_PREPARED_CAMPUS_DATA
2026-09-18,Late Morning,2,High,Mid,0,,6,10,120,0,5.0,50,139,250,55.6,10,Friday,4,0,0,9,7,1,1,1,0,0,0,0,24.0,0,Clear,1.0,5,51.3,130,Low,Central Cafeteria,Meals,Standard,18,78.3,52,50,2,3.8,0,Balanced,142,56.5,196,0,Moderate,31.6,Low Activity,CIQ-0324,USER_PREPARED_CAMPUS_DATA
2026-09-18,Noon / Lunch,7,High,Mid,0,,6,6,120,0,5.0,162,150,250,60.0,12,Friday,4,0,1,9,7,1,1,1,0,0,0,0,24.0,0,Clear,1.0,5,51.3,130,Low,Central Cafeteria,Meals,Standard,50,78.3,170,162,8,4.7,0,Balanced,139,56.5,196,0,Moderate,42.25,Low Activity,CIQ-0325,USER_PREPARED_CAMPUS_DATA
2026-09-18,Afternoon,0,High,Mid,0,,6,6,120,0,5.0,30,165,250,66.0,14,Friday,4,0,1,9,7,1,1,1,0,0,0,0,24.0,0,Clear,1.0,5,51.3,130,Low,Central Cafeteria,Meals,Standard,162,78.3,32,30,2,6.2,0,Balanced,150,56.5,196,0,Moderate,33.05,Low Activity,CIQ-0326,USER_PREPARED_CAMPUS_DATA
2026-09-18,Afternoon,6,High,Mid,0,,41,6,120,0,34.2,58,139,250,55.6,16,Friday,4,0,0,9,7,1,1,1,0,0,0,0,24.0,0,Clear,1.0,5,51.3,130,Low,Central Cafeteria,Meals,Standard,30,78.3,61,58,3,4.9,0,Balanced,165,56.5,196,0,Moderate,42.48,Low Activity,CIQ-0327,USER_PREPARED_CAMPUS_DATA
2026-09-18,Evening Peak,1,High,Mid,0,,59,41,120,0,49.2,89,177,250,70.8,18,Friday,4,0,1,9,7,1,1,1,0,0,0,0,24.0,0,Clear,1.0,5,51.3,130,Low,Central Cafeteria,Meals,Standard,58,78.3,93,89,4,4.3,0,Balanced,139,56.5,196,0,Moderate,54.88,Moderate Load,CIQ-0328,USER_PREPARED_CAMPUS_DATA
2026-09-18,Night,0,High,Mid,0,,40,59,120,0,33.3,112,178,250,71.2,20,Friday,4,0,1,9,7,1,1,1,0,0,0,0,24.0,0,Clear,1.0,5,51.3,130,Low,Central Cafeteria,Meals,Standard,89,78.3,118,112,6,5.1,0,Balanced,177,56.5,196,0,Moderate,51.35,Moderate Load,CIQ-0329,USER_PREPARED_CAMPUS_DATA
2026-09-19,Morning,0,High,Mid,0,,24,20,120,0,20.0,38,141,250,56.4,8,Saturday,5,1,0,9,7,1,1,1,0,0,0,0,24.0,0,Clear,1.0,5,51.3,130,Low,Central Cafeteria,Meals,Standard,112,78.3,40,38,2,5.0,0,Balanced,178,56.5,196,0,Moderate,36.09,Low Activity,CIQ-0330,USER_PREPARED_CAMPUS_DATA
2026-09-19,Late Morning,0,High,Mid,0,,6,24,120,0,5.0,24,144,250,57.6,10,Saturday,5,1,0,9,7,1,1,1,0,0,0,0,24.0,0,Clear,1.0,5,51.3,130,Low,Central Cafeteria,Meals,Standard,38,78.3,25,24,1,4.0,0,Balanced,141,56.5,196,0,Moderate,30.03,Low Activity,CIQ-0331,USER_PREPARED_CAMPUS_DATA
2026-09-19,Noon / Lunch,0,High,Mid,0,,6,6,120,0,5.0,134,148,250,59.2,12,Saturday,5,1,1,9,7,1,1,1,0,0,0,0,24.0,0,Clear,1.0,5,51.3,130,Low,Central Cafeteria,Meals,Standard,24,78.3,141,134,7,5.0,0,Balanced,144,56.5,196,0,Moderate,39.68,Low Activity,CIQ-0332,USER_PREPARED_CAMPUS_DATA
2026-09-19,Afternoon,0,High,Mid,0,,9,6,120,0,7.5,47,148,250,59.2,14,Saturday,5,1,1,9,7,1,1,1,0,0,0,0,24.0,0,Clear,1.0,5,51.3,130,Low,Central Cafeteria,Meals,Standard,134,78.3,49,47,2,4.1,0,Balanced,148,56.5,196,0,Moderate,33.3,Low Activity,CIQ-0333,USER_PREPARED_CAMPUS_DATA
2026-09-19,Afternoon,0,High,Mid,0,,57,9,120,0,47.5,32,132,250,52.8,16,Saturday,5,1,0,9,7,1,1,1,0,0,0,0,24.0,0,Clear,1.0,5,51.3,130,Low,Central Cafeteria,Meals,Standard,47,78.3,34,32,2,5.9,0,Balanced,148,56.5,196,0,Moderate,44.13,Low Activity,CIQ-0334,USER_PREPARED_CAMPUS_DATA
2026-09-19,Evening Peak,0,High,Mid,0,,76,57,120,0,63.3,112,189,250,75.6,18,Saturday,5,1,1,9,7,1,1,1,0,0,0,0,24.0,0,Clear,1.0,5,51.3,130,Moderate,Central Cafeteria,Meals,Standard,32,78.3,118,112,6,5.1,0,Balanced,132,56.5,196,0,Limited,63.17,Moderate Load,CIQ-0335,USER_PREPARED_CAMPUS_DATA
2026-09-19,Night,0,High,Mid,1,Sports_Tournament,101,76,120,1,84.2,150,196,250,78.4,20,Saturday,5,1,1,9,7,1,1,1,1,1,0,80,24.0,0,Clear,1.0,5,51.3,130,High,Central Cafeteria,Meals,Standard,112,78.3,158,150,8,5.1,0,Balanced,189,56.5,196,0,Limited,74.49,High Congestion,CIQ-0336,USER_PREPARED_CAMPUS_DATA
2026-09-20,Morning,0,High,Mid,0,,30,20,120,0,25.0,34,151,250,60.4,8,Sunday,6,1,0,9,7,1,1,1,0,0,0,0,24.0,0,Clear,1.0,5,51.3,130,Low,Central Cafeteria,Meals,Standard,150,78.3,36,34,2,5.6,0,Balanced,196,56.5,196,0,Moderate,38.7,Low Activity,CIQ-0337,USER_PREPARED_CAMPUS_DATA
2026-09-20,Late Morning,0,High,Mid,0,,6,30,120,0,5.0,25,138,250,55.2,10,Sunday,6,1,0,9,7,1,1,1,0,0,0,0,24.0,0,Clear,1.0,5,51.3,130,Low,Central Cafeteria,Meals,Standard,34,78.3,26,25,1,3.8,0,Balanced,151,56.5,196,0,Moderate,29.39,Low Activity,CIQ-0338,USER_PREPARED_CAMPUS_DATA
2026-09-20,Noon / Lunch,0,High,Mid,0,,13,6,120,0,10.8,120,134,250,53.6,12,Sunday,6,1,1,9,7,1,1,1,0,0,0,0,24.0,0,Clear,1.0,5,51.3,130,Low,Central Cafeteria,Meals,Standard,25,78.3,126,120,6,4.8,0,Balanced,138,56.5,196,0,Moderate,38.86,Low Activity,CIQ-0339,USER_PREPARED_CAMPUS_DATA
2026-09-20,Afternoon,0,High,Mid,0,,6,13,120,0,5.0,47,132,250,52.8,14,Sunday,6,1,1,9,7,1,1,1,0,0,0,0,24.0,0,Clear,1.0,5,51.3,130,Low,Central Cafeteria,Meals,Standard,120,78.3,49,47,2,4.1,0,Balanced,134,56.5,196,0,Moderate,30.51,Low Activity,CIQ-0340,USER_PREPARED_CAMPUS_DATA
2026-09-20,Afternoon,0,High,Mid,0,,60,6,120,0,50.0,35,145,250,58.0,16,Sunday,6,1,0,9,7,1,1,1,0,0,0,0,24.0,0,Clear,1.0,5,51.3,130,Low,Central Cafeteria,Meals,Standard,47,78.3,37,35,2,5.4,0,Balanced,132,56.5,196,0,Moderate,46.82,Moderate Load,CIQ-0341,USER_PREPARED_CAMPUS_DATA
2026-09-20,Evening Peak,0,High,Mid,0,,78,60,120,0,65.0,115,192,250,76.8,18,Sunday,6,1,1,9,7,1,1,1,0,0,0,0,24.0,0,Clear,1.0,5,51.3,130,Moderate,Central Cafeteria,Meals,Standard,35,78.3,121,115,6,5.0,0,Balanced,145,56.5,196,0,Limited,64.37,Moderate Load,CIQ-0342,USER_PREPARED_CAMPUS_DATA
2026-09-20,Night,0,High,Mid,0,,56,78,120,0,46.7,111,174,250,69.6,20,Sunday,6,1,1,9,7,1,1,1,0,0,0,0,24.0,0,Clear,1.0,5,51.3,130,Low,Central Cafeteria,Meals,Standard,115,78.3,117,111,6,5.1,0,Balanced,192,56.5,196,0,Moderate,55.47,Moderate Load,CIQ-0343,USER_PREPARED_CAMPUS_DATA
2026-09-21,Morning,2,High,Mid,0,,12,20,120,0,10.0,44,133,250,53.2,8,Monday,0,0,0,9,8,1,1,1,0,0,0,0,24.0,0,Clear,1.0,5,51.3,130,Low,Central Cafeteria,Meals,Standard,111,78.3,46,44,2,4.3,0,Balanced,174,56.5,196,0,Moderate,32.13,Low Activity,CIQ-0344,USER_PREPARED_CAMPUS_DATA
2026-09-21,Late Morning,1,High,Mid,0,,6,12,120,0,5.0,22,151,250,60.4,10,Monday,0,0,0,9,8,1,1,1,0,0,0,0,24.0,0,Clear,1.0,5,51.3,130,Low,Central Cafeteria,Meals,Standard,44,78.3,23,22,1,4.3,0,Balanced,133,56.5,196,0,Moderate,30.7,Low Activity,CIQ-0345,USER_PREPARED_CAMPUS_DATA
2026-09-21,Noon / Lunch,5,High,Mid,0,,6,6,120,0,5.0,131,164,250,65.6,12,Monday,0,0,1,9,8,1,1,1,0,0,0,0,24.0,0,Clear,1.0,5,51.3,130,Low,Central Cafeteria,Meals,Standard,22,78.3,138,131,7,5.1,0,Balanced,151,56.5,196,0,Moderate,41.35,Low Activity,CIQ-0346,USER_PREPARED_CAMPUS_DATA
2026-09-21,Afternoon,0,High,Mid,0,,6,6,120,0,5.0,35,153,250,61.2,14,Monday,0,0,1,9,8,1,1,1,0,0,0,0,24.0,0,Clear,1.0,5,51.3,130,Low,Central Cafeteria,Meals,Standard,131,78.3,37,35,2,5.4,0,Balanced,164,56.5,196,0,Moderate,32.03,Low Activity,CIQ-0347,USER_PREPARED_CAMPUS_DATA
2026-09-21,Afternoon,7,High,Mid,0,,44,6,120,0,36.7,53,151,250,60.4,16,Monday,0,0,0,9,8,1,1,1,0,0,0,0,24.0,0,Clear,1.0,5,51.3,130,Low,Central Cafeteria,Meals,Standard,35,78.3,56,53,3,5.4,0,Balanced,153,56.5,196,0,Moderate,44.38,Low Activity,CIQ-0348,USER_PREPARED_CAMPUS_DATA
2026-09-21,Evening Peak,2,High,Mid,0,,53,44,120,0,44.2,117,176,250,70.4,18,Monday,0,0,1,9,8,1,1,1,0,0,0,0,24.0,0,Clear,1.0,5,51.3,130,Low,Central Cafeteria,Meals,Standard,53,78.3,123,117,6,4.9,0,Balanced,151,56.5,196,0,Moderate,55.34,Moderate Load,CIQ-0349,USER_PREPARED_CAMPUS_DATA
2026-09-21,Night,1,High,Mid,1,Sports_Tournament,81,53,120,0,67.5,139,187,250,74.8,20,Monday,0,0,1,9,8,1,1,1,1,1,0,80,24.0,0,Clear,1.0,5,51.3,130,Moderate,Central Cafeteria,Meals,Standard,117,78.3,146,139,7,4.8,0,Balanced,176,56.5,196,0,Moderate,66.65,Moderate Load,CIQ-0350,USER_PREPARED_CAMPUS_DATA
2026-09-22,Morning,0,Low,Mid,0,,34,20,120,0,28.3,33,19,250,7.6,8,Tuesday,1,0,0,9,8,0,0,0,0,0,0,0,24.0,0,Clear,1.0,5,51.3,130,Low,Central Cafeteria,Meals,Standard,139,78.3,35,33,2,5.7,0,Balanced,187,56.5,196,0,Ample,17.93,Low Activity,CIQ-0351,USER_PREPARED_CAMPUS_DATA
2026-09-22,Late Morning,0,Low,Mid,0,,18,34,120,0,15.0,28,25,250,10.0,10,Tuesday,1,0,0,9,8,0,0,0,0,0,0,0,24.0,0,Clear,1.0,5,51.3,130,Low,Central Cafeteria,Meals,Standard,33,78.3,29,28,1,3.4,0,Balanced,19,56.5,196,0,Ample,13.58,Low Activity,CIQ-0352,USER_PREPARED_CAMPUS_DATA
2026-09-22,Noon / Lunch,6,Low,Mid,0,,20,18,120,0,16.7,129,55,250,22.0,12,Tuesday,1,0,1,9,8,0,0,0,0,0,0,0,24.0,0,Clear,1.0,5,51.3,130,Low,Central Cafeteria,Meals,Standard,28,78.3,135,129,6,4.4,0,Balanced,25,56.5,196,0,Ample,26.2,Low Activity,CIQ-0353,USER_PREPARED_CAMPUS_DATA
2026-09-22,Afternoon,0,Low,Mid,0,,10,20,120,0,8.3,26,44,250,17.6,14,Tuesday,1,0,1,9,8,0,0,0,0,0,0,0,24.0,0,Clear,1.0,5,51.3,130,Low,Central Cafeteria,Meals,Standard,129,78.3,27,26,1,3.7,0,Balanced,55,56.5,196,0,Ample,13.35,Low Activity,CIQ-0354,USER_PREPARED_CAMPUS_DATA
2026-09-22,Afternoon,7,Low,Mid,0,,86,10,120,0,71.7,63,25,250,10.0,16,Tuesday,1,0,0,9,8,0,0,0,0,0,0,0,24.0,0,Clear,1.0,5,51.3,130,Moderate,Central Cafeteria,Meals,Standard,26,78.3,66,63,3,4.5,0,Balanced,44,56.5,196,0,Ample,36.34,Low Activity,CIQ-0355,USER_PREPARED_CAMPUS_DATA
2026-09-22,Evening Peak,1,Low,Mid,0,,86,86,120,0,71.7,108,90,250,36.0,18,Tuesday,1,0,1,9,8,0,0,0,0,0,0,0,24.0,0,Clear,1.0,5,51.3,130,Moderate,Central Cafeteria,Meals,Standard,63,78.3,113,108,5,4.4,0,Balanced,25,56.5,196,0,Ample,47.9,Moderate Load,CIQ-0356,USER_PREPARED_CAMPUS_DATA
2026-09-22,Night,2,Low,Mid,0,,67,86,120,0,55.8,113,69,250,27.6,20,Tuesday,1,0,1,9,8,0,0,0,0,0,0,0,24.0,0,Clear,1.0,5,51.3,130,Low,Central Cafeteria,Meals,Standard,108,78.3,119,113,6,5.0,0,Balanced,90,56.5,196,0,Ample,40.23,Low Activity,CIQ-0357,USER_PREPARED_CAMPUS_DATA
2026-09-23,Morning,2,Medium,Mid,0,,39,20,120,0,32.5,58,28,250,11.2,8,Wednesday,2,0,0,9,8,0,0,0,0,0,0,0,24.0,0,Clear,1.0,5,51.3,130,Low,Central Cafeteria,Meals,Standard,113,78.3,61,58,3,4.9,0,Balanced,69,56.5,196,0,Ample,25.57,Low Activity,CIQ-0358,USER_PREPARED_CAMPUS_DATA
2026-09-23,Late Morning,1,Medium,Mid,0,,19,39,120,0,15.8,40,13,250,5.2,10,Wednesday,2,0,0,9,8,0,0,0,0,0,0,0,24.0,0,Clear,1.0,5,51.3,130,Low,Central Cafeteria,Meals,Standard,58,78.3,42,40,2,4.8,0,Balanced,28,56.5,196,0,Ample,16.42,Low Activity,CIQ-0359,USER_PREPARED_CAMPUS_DATA
2026-09-23,Noon / Lunch,7,Medium,Mid,0,,18,19,120,0,15.0,156,54,250,21.6,12,Wednesday,2,0,1,9,8,0,0,0,0,0,0,0,24.0,0,Clear,1.0,5,51.3,130,Low,Central Cafeteria,Meals,Standard,40,78.3,164,156,8,4.9,0,Balanced,13,56.5,196,0,Ample,30.73,Low Activity,CIQ-0360,USER_PREPARED_CAMPUS_DATA
2026-09-23,Afternoon,0,Medium,Mid,0,,28,18,120,0,23.3,34,39,250,15.6,14,Wednesday,2,0,1,9,8,0,0,0,0,0,0,0,24.0,0,Clear,1.0,5,51.3,130,Low,Central Cafeteria,Meals,Standard,156,78.3,36,34,2,5.6,0,Balanced,54,56.5,196,0,Ample,21.67,Low Activity,CIQ-0361,USER_PREPARED_CAMPUS_DATA
2026-09-23,Afternoon,6,Medium,Mid,0,,80,28,120,0,66.7,67,34,250,13.6,16,Wednesday,2,0,0,9,8,0,0,0,0,0,0,0,24.0,0,Clear,1.0,5,51.3,130,Moderate,Central Cafeteria,Meals,Standard,34,78.3,70,67,3,4.3,0,Balanced,39,56.5,196,0,Ample,39.01,Low Activity,CIQ-0362,USER_PREPARED_CAMPUS_DATA
2026-09-23,Evening Peak,0,Medium,Mid,0,,85,80,120,0,70.8,109,61,250,24.4,18,Wednesday,2,0,1,9,8,0,0,0,0,0,0,0,24.0,0,Clear,1.0,5,51.3,130,Moderate,Central Cafeteria,Meals,Standard,67,78.3,114,109,5,4.4,0,Balanced,34,56.5,196,0,Ample,47.18,Moderate Load,CIQ-0363,USER_PREPARED_CAMPUS_DATA
2026-09-23,Night,0,Medium,Mid,0,,62,85,120,0,51.7,94,65,250,26.0,20,Wednesday,2,0,1,9,8,0,0,0,0,0,0,0,24.0,0,Clear,1.0,5,51.3,130,Low,Central Cafeteria,Meals,Standard,109,78.3,99,94,5,5.1,0,Balanced,61,56.5,196,0,Ample,39.73,Low Activity,CIQ-0364,USER_PREPARED_CAMPUS_DATA
2026-09-24,Morning,0,Medium,Mid,0,,35,20,120,0,29.2,37,10,250,4.0,8,Thursday,3,0,0,9,8,0,0,0,0,0,0,0,24.0,0,Clear,1.0,5,51.3,130,Low,Central Cafeteria,Meals,Standard,94,78.3,39,37,2,5.1,0,Balanced,65,56.5,196,0,Ample,20.5,Low Activity,CIQ-0365,USER_PREPARED_CAMPUS_DATA
2026-09-24,Late Morning,0,Medium,Mid,0,,31,35,120,0,25.8,34,24,250,9.6,10,Thursday,3,0,0,9,8,0,0,0,0,0,0,0,24.0,0,Clear,1.0,5,51.3,130,Low,Central Cafeteria,Meals,Standard,37,78.3,36,34,2,5.6,0,Balanced,10,56.5,196,0,Ample,20.74,Low Activity,CIQ-0366,USER_PREPARED_CAMPUS_DATA
2026-09-24,Noon / Lunch,8,Medium,Mid,0,,23,31,120,0,19.2,141,48,250,19.2,12,Thursday,3,0,1,9,8,0,0,0,0,0,0,0,24.0,0,Clear,1.0,5,51.3,130,Low,Central Cafeteria,Meals,Standard,34,78.3,148,141,7,4.7,0,Balanced,24,56.5,196,0,Ample,30.23,Low Activity,CIQ-0367,USER_PREPARED_CAMPUS_DATA
2026-09-24,Afternoon,1,Medium,Mid,0,,15,23,120,0,12.5,32,41,250,16.4,14,Thursday,3,0,1,9,8,0,0,0,0,0,0,0,24.0,0,Clear,1.0,5,51.3,130,Low,Central Cafeteria,Meals,Standard,141,78.3,34,32,2,5.9,0,Balanced,48,56.5,196,0,Ample,17.96,Low Activity,CIQ-0368,USER_PREPARED_CAMPUS_DATA
2026-09-24,Afternoon,6,Medium,Mid,0,,74,15,120,0,61.7,60,33,250,13.2,16,Thursday,3,0,0,9,8,0,0,0,0,0,0,0,24.0,0,Clear,1.0,5,51.3,130,Moderate,Central Cafeteria,Meals,Standard,32,78.3,63,60,3,4.8,0,Balanced,41,56.5,196,0,Ample,36.56,Low Activity,CIQ-0369,USER_PREPARED_CAMPUS_DATA
2026-09-24,Evening Peak,1,Medium,Mid,1,Sports_Tournament,121,74,120,1,100.8,145,50,250,20.0,18,Thursday,3,0,1,9,8,0,0,0,1,1,0,80,24.0,0,Clear,1.0,5,51.3,130,Severe,Central Cafeteria,Meals,Standard,60,78.3,152,145,7,4.6,0,Balanced,33,56.5,196,0,Ample,59.36,Moderate Load,CIQ-0370,USER_PREPARED_CAMPUS_DATA
2026-09-24,Night,2,Medium,Mid,0,,81,121,120,0,67.5,104,62,250,24.8,20,Thursday,3,0,1,9,8,0,0,0,0,0,0,0,24.0,0,Clear,1.0,5,51.3,130,Moderate,Central Cafeteria,Meals,Standard,145,78.3,109,104,5,4.6,0,Balanced,50,56.5,196,0,Ample,45.73,Moderate Load,CIQ-0371,USER_PREPARED_CAMPUS_DATA
2026-09-25,Morning,1,Medium,Mid,0,,42,20,120,0,35.0,36,15,250,6.0,8,Friday,4,0,0,9,8,0,0,0,0,0,0,0,24.0,0,Clear,1.0,5,51.3,130,Low,Central Cafeteria,Meals,Standard,104,78.3,38,36,2,5.3,0,Balanced,62,56.5,196,0,Ample,23.05,Low Activity,CIQ-0372,USER_PREPARED_CAMPUS_DATA
2026-09-25,Late Morning,1,Medium,Mid,0,,19,42,120,0,15.8,28,32,250,12.8,10,Friday,4,0,0,9,8,0,0,0,0,0,0,0,24.0,0,Clear,1.0,5,51.3,130,Low,Central Cafeteria,Meals,Standard,36,78.3,29,28,1,3.4,0,Balanced,15,56.5,196,0,Ample,17.7,Low Activity,CIQ-0373,USER_PREPARED_CAMPUS_DATA
2026-09-25,Noon / Lunch,8,Medium,Mid,0,,14,19,120,0,11.7,147,41,250,16.4,12,Friday,4,0,1,9,8,0,0,0,0,0,0,0,24.0,0,Clear,1.0,5,51.3,130,Low,Central Cafeteria,Meals,Standard,28,78.3,154,147,7,4.5,0,Balanced,32,56.5,196,0,Ample,27.26,Low Activity,CIQ-0374,USER_PREPARED_CAMPUS_DATA
2026-09-25,Afternoon,2,Medium,Mid,0,,21,14,120,0,17.5,55,44,250,17.6,14,Friday,4,0,1,9,8,0,0,0,0,0,0,0,24.0,0,Clear,1.0,5,51.3,130,Low,Central Cafeteria,Meals,Standard,147,78.3,58,55,3,5.2,0,Balanced,41,56.5,196,0,Ample,21.99,Low Activity,CIQ-0375,USER_PREPARED_CAMPUS_DATA
2026-09-25,Afternoon,6,Medium,Mid,0,,91,21,120,0,75.8,36,36,250,14.4,16,Friday,4,0,0,9,8,0,0,0,0,0,0,0,24.0,0,Clear,1.0,5,51.3,130,Moderate,Central Cafeteria,Meals,Standard,55,78.3,38,36,2,5.3,0,Balanced,44,56.5,196,0,Ample,39.85,Low Activity,CIQ-0376,USER_PREPARED_CAMPUS_DATA
2026-09-25,Evening Peak,0,Medium,Mid,0,,86,91,120,0,71.7,97,70,250,28.0,18,Friday,4,0,1,9,8,0,0,0,0,0,0,0,24.0,0,Clear,1.0,5,51.3,130,Moderate,Central Cafeteria,Meals,Standard,36,78.3,102,97,5,4.9,0,Balanced,36,56.5,196,0,Ample,47.58,Moderate Load,CIQ-0377,USER_PREPARED_CAMPUS_DATA
2026-09-25,Night,1,Medium,Mid,0,,56,86,120,0,46.7,118,61,250,24.4,20,Friday,4,0,1,9,8,0,0,0,0,0,0,0,24.0,0,Clear,1.0,5,51.3,130,Low,Central Cafeteria,Meals,Standard,97,78.3,124,118,6,4.8,0,Balanced,70,56.5,196,0,Ample,39.5,Low Activity,CIQ-0378,USER_PREPARED_CAMPUS_DATA
2026-09-26,Morning,0,Low,Mid,0,,61,20,120,0,50.8,47,25,250,10.0,8,Saturday,5,1,0,9,8,0,0,0,0,0,0,0,24.0,0,Clear,1.0,5,51.3,130,Low,Central Cafeteria,Meals,Standard,118,78.3,49,47,2,4.1,0,Balanced,61,56.5,196,0,Ample,27.7,Low Activity,CIQ-0379,USER_PREPARED_CAMPUS_DATA
2026-09-26,Late Morning,0,Low,Mid,0,,35,61,120,0,29.2,37,28,250,11.2,10,Saturday,5,1,0,9,8,0,0,0,0,0,0,0,24.0,0,Clear,1.0,5,51.3,130,Low,Central Cafeteria,Meals,Standard,47,78.3,39,37,2,5.1,0,Balanced,25,56.5,196,0,Ample,19.66,Low Activity,CIQ-0380,USER_PREPARED_CAMPUS_DATA
2026-09-26,Noon / Lunch,0,Low,Mid,0,,23,35,120,0,19.2,124,27,250,10.8,12,Saturday,5,1,1,9,8,0,0,0,0,0,0,0,24.0,0,Clear,1.0,5,51.3,130,Low,Central Cafeteria,Meals,Standard,37,78.3,130,124,6,4.6,0,Balanced,28,56.5,196,0,Ample,23.29,Low Activity,CIQ-0381,USER_PREPARED_CAMPUS_DATA
2026-09-26,Afternoon,0,Low,Mid,0,,37,23,120,0,30.8,29,30,250,12.0,14,Saturday,5,1,1,9,8,0,0,0,0,0,0,0,24.0,0,Clear,1.0,5,51.3,130,Low,Central Cafeteria,Meals,Standard,124,78.3,30,29,1,3.3,0,Balanced,27,56.5,196,0,Ample,19.8,Low Activity,CIQ-0382,USER_PREPARED_CAMPUS_DATA
2026-09-26,Afternoon,0,Low,Mid,0,,100,37,120,1,83.3,56,31,250,12.4,16,Saturday,5,1,0,9,8,0,0,0,0,0,0,0,24.0,0,Clear,1.0,5,51.3,130,High,Central Cafeteria,Meals,Standard,29,78.3,59,56,3,5.1,0,Balanced,30,56.5,196,0,Ample,40.54,Low Activity,CIQ-0383,USER_PREPARED_CAMPUS_DATA
2026-09-26,Evening Peak,0,Low,Mid,0,,114,100,120,1,95.0,98,59,250,23.6,18,Saturday,5,1,1,9,8,0,0,0,0,0,0,0,24.0,0,Clear,1.0,5,51.3,130,Severe,Central Cafeteria,Meals,Standard,56,78.3,103,98,5,4.9,0,Balanced,31,56.5,196,0,Ample,51.5,Moderate Load,CIQ-0384,USER_PREPARED_CAMPUS_DATA
2026-09-26,Night,0,Low,Mid,0,,85,114,120,0,70.8,85,79,250,31.6,20,Saturday,5,1,1,9,8,0,0,0,0,0,0,0,24.0,0,Clear,1.0,5,51.3,130,Moderate,Central Cafeteria,Meals,Standard,98,78.3,89,85,4,4.5,0,Balanced,59,56.5,196,0,Ample,44.34,Low Activity,CIQ-0385,USER_PREPARED_CAMPUS_DATA
2026-09-27,Morning,0,Low,Mid,0,,48,20,120,0,40.0,32,23,250,9.2,8,Sunday,6,1,0,9,8,0,0,0,0,0,0,0,24.0,0,Clear,1.0,5,51.3,130,Low,Central Cafeteria,Meals,Standard,85,78.3,34,32,2,5.9,0,Balanced,79,56.5,196,0,Ample,22.43,Low Activity,CIQ-0386,USER_PREPARED_CAMPUS_DATA
2026-09-27,Late Morning,0,Low,Mid,0,,42,48,120,0,35.0,28,22,250,8.8,10,Sunday,6,1,0,9,8,0,0,0,0,0,0,0,24.0,0,Clear,1.0,5,51.3,130,Low,Central Cafeteria,Meals,Standard,32,78.3,29,28,1,3.4,0,Balanced,23,56.5,196,0,Ample,20.22,Low Activity,CIQ-0387,USER_PREPARED_CAMPUS_DATA
2026-09-27,Noon / Lunch,0,Low,Mid,0,,29,42,120,0,24.2,133,10,250,4.0,12,Sunday,6,1,1,9,8,0,0,0,0,0,0,0,24.0,0,Clear,1.0,5,51.3,130,Low,Central Cafeteria,Meals,Standard,28,78.3,140,133,7,5.0,0,Balanced,22,56.5,196,0,Ample,23.75,Low Activity,CIQ-0388,USER_PREPARED_CAMPUS_DATA
2026-09-27,Afternoon,0,Low,Mid,0,,35,29,120,0,29.2,45,19,250,7.6,14,Sunday,6,1,1,9,8,0,0,0,0,0,0,0,24.0,0,Clear,1.0,5,51.3,130,Low,Central Cafeteria,Meals,Standard,133,78.3,47,45,2,4.3,0,Balanced,10,56.5,196,0,Ample,19.25,Low Activity,CIQ-0389,USER_PREPARED_CAMPUS_DATA
2026-09-27,Afternoon,0,Low,Mid,0,,90,35,120,0,75.0,39,48,250,19.2,16,Sunday,6,1,0,9,8,0,0,0,0,0,0,0,24.0,0,Clear,1.0,5,51.3,130,Moderate,Central Cafeteria,Meals,Standard,45,78.3,41,39,2,4.9,0,Balanced,19,56.5,196,0,Ample,38.26,Low Activity,CIQ-0390,USER_PREPARED_CAMPUS_DATA
2026-09-27,Evening Peak,0,Low,Mid,1,Sports_Tournament,130,90,120,1,108.3,127,63,250,25.2,18,Sunday,6,1,1,9,8,0,0,0,1,1,0,80,24.0,0,Clear,1.0,5,51.3,130,Severe,Central Cafeteria,Meals,Standard,39,78.3,133,127,6,4.5,0,Balanced,48,56.5,196,0,Ample,59.05,Moderate Load,CIQ-0391,USER_PREPARED_CAMPUS_DATA
2026-09-27,Night,0,Low,Mid,0,,96,130,120,1,80.0,102,72,250,28.8,20,Sunday,6,1,1,9,8,0,0,0,0,0,0,0,24.0,0,Clear,1.0,5,51.3,130,High,Central Cafeteria,Meals,Standard,127,78.3,107,102,5,4.7,0,Balanced,63,56.5,196,0,Ample,48.14,Moderate Load,CIQ-0392,USER_PREPARED_CAMPUS_DATA
2026-09-28,Morning,0,Medium,Mid,0,,36,20,120,0,30.0,36,31,250,12.4,8,Monday,0,0,0,9,9,0,0,0,0,0,0,0,24.0,0,Clear,1.0,5,51.3,130,Low,Central Cafeteria,Meals,Standard,102,78.3,38,36,2,5.3,0,Balanced,72,56.5,196,0,Ample,23.22,Low Activity,CIQ-0393,USER_PREPARED_CAMPUS_DATA
2026-09-28,Late Morning,2,Medium,Mid,0,,27,36,120,0,22.5,47,23,250,9.2,10,Monday,0,0,0,9,9,0,0,0,0,0,0,0,24.0,0,Clear,1.0,5,51.3,130,Low,Central Cafeteria,Meals,Standard,36,78.3,49,47,2,4.1,0,Balanced,31,56.5,196,0,Ample,20.55,Low Activity,CIQ-0394,USER_PREPARED_CAMPUS_DATA
2026-09-28,Noon / Lunch,8,Medium,Mid,1,,16,27,120,0,13.3,178,52,250,20.8,12,Monday,0,0,1,9,9,0,0,0,0,0,0,0,24.0,0,Clear,1.0,5,51.3,130,Low,Central Cafeteria,Meals,Standard,47,78.3,187,178,9,4.8,0,Balanced,23,56.5,196,0,Ample,31.73,Low Activity,CIQ-0395,USER_PREPARED_CAMPUS_DATA
2026-09-28,Afternoon,2,Medium,Mid,0,,20,16,120,0,16.7,52,50,250,20.0,14,Monday,0,0,1,9,9,0,0,0,0,0,0,0,24.0,0,Clear,1.0,5,51.3,130,Low,Central Cafeteria,Meals,Standard,178,78.3,55,52,3,5.5,0,Balanced,52,56.5,196,0,Ample,22.18,Low Activity,CIQ-0396,USER_PREPARED_CAMPUS_DATA
2026-09-28,Afternoon,8,Medium,Mid,0,,84,20,120,0,70.0,56,27,250,10.8,16,Monday,0,0,0,9,9,0,0,0,0,0,0,0,24.0,0,Clear,1.0,5,51.3,130,Moderate,Central Cafeteria,Meals,Standard,52,78.3,59,56,3,5.1,0,Balanced,50,56.5,196,0,Ample,38.41,Low Activity,CIQ-0397,USER_PREPARED_CAMPUS_DATA
2026-09-28,Evening Peak,1,Medium,Mid,0,,86,84,120,0,71.7,107,68,250,27.2,18,Monday,0,0,1,9,9,0,0,0,0,0,0,0,24.0,0,Clear,1.0,5,51.3,130,Moderate,Central Cafeteria,Meals,Standard,56,78.3,112,107,5,4.5,0,Balanced,27,56.5,196,0,Ample,48.17,Moderate Load,CIQ-0398,USER_PREPARED_CAMPUS_DATA
2026-09-28,Night,0,Medium,Mid,0,,67,86,120,0,55.8,96,74,250,29.6,20,Monday,0,0,1,9,9,0,0,0,0,0,0,0,24.0,0,Clear,1.0,5,51.3,130,Low,Central Cafeteria,Meals,Standard,107,78.3,101,96,5,5.0,0,Balanced,68,56.5,196,0,Ample,42.41,Low Activity,CIQ-0399,USER_PREPARED_CAMPUS_DATA
2026-09-29,Morning,2,Medium,Mid,0,,51,20,120,0,42.5,51,24,250,9.6,8,Tuesday,1,0,0,9,9,0,0,0,0,0,0,0,24.0,0,Clear,1.0,5,51.3,130,Low,Central Cafeteria,Meals,Standard,96,78.3,54,51,3,5.6,0,Balanced,74,56.5,196,0,Ample,28.0,Low Activity,CIQ-0400,USER_PREPARED_CAMPUS_DATA
2026-09-29,Late Morning,0,Medium,Mid,1,,19,51,120,0,15.8,58,37,250,14.8,10,Tuesday,1,0,0,9,9,0,0,0,0,0,0,0,24.0,0,Clear,1.0,5,51.3,130,Low,Central Cafeteria,Meals,Standard,51,78.3,61,58,3,4.9,0,Balanced,24,56.5,196,0,Ample,20.8,Low Activity,CIQ-0401,USER_PREPARED_CAMPUS_DATA
2026-09-29,Noon / Lunch,5,Medium,Mid,0,,20,19,120,0,16.7,136,54,250,21.6,12,Tuesday,1,0,1,9,9,0,0,0,0,0,0,0,24.0,0,Clear,1.0,5,51.3,130,Low,Central Cafeteria,Meals,Standard,58,78.3,143,136,7,4.9,0,Balanced,37,56.5,196,0,Ample,29.66,Low Activity,CIQ-0402,USER_PREPARED_CAMPUS_DATA
2026-09-29,Afternoon,2,Medium,Mid,0,,24,20,120,0,20.0,52,37,250,14.8,14,Tuesday,1,0,1,9,9,0,0,0,0,0,0,0,24.0,0,Clear,1.0,5,51.3,130,Low,Central Cafeteria,Meals,Standard,136,78.3,55,52,3,5.5,0,Balanced,54,56.5,196,0,Ample,21.77,Low Activity,CIQ-0403,USER_PREPARED_CAMPUS_DATA
2026-09-29,Afternoon,6,Medium,Mid,0,,81,24,120,0,67.5,62,34,250,13.6,16,Tuesday,1,0,0,9,9,0,0,0,0,0,0,0,24.0,0,Clear,1.0,5,51.3,130,Moderate,Central Cafeteria,Meals,Standard,52,78.3,65,62,3,4.6,0,Balanced,37,56.5,196,0,Ample,38.87,Low Activity,CIQ-0404,USER_PREPARED_CAMPUS_DATA
2026-09-29,Evening Peak,2,Medium,Mid,1,Sports_Tournament,122,81,120,1,101.7,151,62,250,24.8,18,Tuesday,1,0,1,9,9,0,0,0,1,1,0,80,24.0,0,Clear,1.0,5,51.3,130,Severe,Central Cafeteria,Meals,Standard,62,78.3,159,151,8,5.0,0,Balanced,34,56.5,196,0,Ample,61.62,Moderate Load,CIQ-0405,USER_PREPARED_CAMPUS_DATA
2026-09-29,Night,2,Medium,Mid,0,,77,122,120,0,64.2,111,80,250,32.0,20,Tuesday,1,0,1,9,9,0,0,0,0,0,0,0,24.0,0,Clear,1.0,5,51.3,130,Moderate,Central Cafeteria,Meals,Standard,151,78.3,117,111,6,5.1,0,Balanced,62,56.5,196,0,Ample,47.32,Moderate Load,CIQ-0406,USER_PREPARED_CAMPUS_DATA
2026-09-30,Morning,1,Medium,Mid,1,,40,20,120,0,33.3,62,31,250,12.4,8,Wednesday,2,0,0,9,9,0,0,0,0,0,0,0,24.0,0,Clear,1.0,5,51.3,130,Low,Central Cafeteria,Meals,Standard,111,78.3,65,62,3,4.6,0,Balanced,80,56.5,196,0,Ample,26.54,Low Activity,CIQ-0407,USER_PREPARED_CAMPUS_DATA
2026-09-30,Late Morning,1,Medium,Mid,0,,26,40,120,0,21.7,46,34,250,13.6,10,Wednesday,2,0,0,9,9,0,0,0,0,0,0,0,24.0,0,Clear,1.0,5,51.3,130,Low,Central Cafeteria,Meals,Standard,62,78.3,48,46,2,4.2,0,Balanced,31,56.5,196,0,Ample,21.51,Low Activity,CIQ-0408,USER_PREPARED_CAMPUS_DATA
2026-09-30,Noon / Lunch,6,Medium,Mid,0,,16,26,120,0,13.3,138,56,250,22.4,12,Wednesday,2,0,1,9,9,0,0,0,0,0,0,0,24.0,0,Clear,1.0,5,51.3,130,Low,Central Cafeteria,Meals,Standard,46,78.3,145,138,7,4.8,0,Balanced,34,56.5,196,0,Ample,28.88,Low Activity,CIQ-0409,USER_PREPARED_CAMPUS_DATA
2026-09-30,Afternoon,1,Medium,Mid,0,,22,16,120,0,18.3,38,44,250,17.6,14,Wednesday,2,0,1,9,9,0,0,0,0,0,0,0,24.0,0,Clear,1.0,5,51.3,130,Low,Central Cafeteria,Meals,Standard,138,78.3,40,38,2,5.0,0,Balanced,56,56.5,196,0,Ample,20.85,Low Activity,CIQ-0410,USER_PREPARED_CAMPUS_DATA
2026-09-30,Afternoon,5,Medium,Mid,1,Sports_Tournament,103,22,120,1,85.8,64,25,250,10.0,16,Wednesday,2,0,0,9,9,0,0,0,1,1,0,80,24.0,0,Clear,1.0,5,51.3,130,High,Central Cafeteria,Meals,Standard,38,78.3,67,64,3,4.5,0,Balanced,44,56.5,196,0,Ample,44.36,Low Activity,CIQ-0411,USER_PREPARED_CAMPUS_DATA
2026-09-30,Evening Peak,1,Medium,Mid,0,,96,103,120,1,80.0,112,64,250,25.6,18,Wednesday,2,0,1,9,9,0,0,0,0,0,0,0,24.0,0,Clear,1.0,5,51.3,130,High,Central Cafeteria,Meals,Standard,64,78.3,118,112,6,5.1,0,Balanced,25,56.5,196,0,Ample,51.01,Moderate Load,CIQ-0412,USER_PREPARED_CAMPUS_DATA
2026-09-30,Night,1,Medium,Mid,0,,78,96,120,0,65.0,110,83,250,33.2,20,Wednesday,2,0,1,9,9,0,0,0,0,0,0,0,24.0,0,Clear,1.0,5,51.3,130,Moderate,Central Cafeteria,Meals,Standard,112,78.3,116,110,6,5.2,0,Balanced,64,56.5,196,0,Ample,47.88,Moderate Load,CIQ-0413,USER_PREPARED_CAMPUS_DATA
2026-10-01,Morning,2,Medium,Mid,1,,40,20,120,0,33.3,63,34,250,13.6,8,Thursday,3,0,0,10,9,0,0,0,0,0,0,0,24.0,0,Clear,1.0,5,51.3,130,Low,Central Cafeteria,Meals,Standard,110,78.3,66,63,3,4.5,0,Balanced,83,56.5,196,0,Ample,26.98,Low Activity,CIQ-0414,USER_PREPARED_CAMPUS_DATA
2026-10-01,Late Morning,0,Medium,Mid,0,,18,40,120,0,15.0,47,29,250,11.6,10,Thursday,3,0,0,10,9,0,0,0,0,0,0,0,24.0,0,Clear,1.0,5,51.3,130,Low,Central Cafeteria,Meals,Standard,63,78.3,49,47,2,4.1,0,Balanced,34,56.5,196,0,Ample,18.65,Low Activity,CIQ-0415,USER_PREPARED_CAMPUS_DATA
2026-10-01,Noon / Lunch,5,Medium,Mid,0,,21,18,120,0,17.5,139,39,250,15.6,12,Thursday,3,0,1,10,9,0,0,0,0,0,0,0,24.0,0,Clear,1.0,5,51.3,130,Low,Central Cafeteria,Meals,Standard,47,78.3,146,139,7,4.8,0,Balanced,29,56.5,196,0,Ample,28.39,Low Activity,CIQ-0416,USER_PREPARED_CAMPUS_DATA
2026-10-01,Afternoon,0,Medium,Mid,0,,26,21,120,0,21.7,52,45,250,18.0,14,Thursday,3,0,1,10,9,0,0,0,0,0,0,0,24.0,0,Clear,1.0,5,51.3,130,Low,Central Cafeteria,Meals,Standard,139,78.3,55,52,3,5.5,0,Balanced,39,56.5,196,0,Ample,23.33,Low Activity,CIQ-0417,USER_PREPARED_CAMPUS_DATA
2026-10-01,Afternoon,8,Medium,Mid,0,,84,26,120,0,70.0,41,25,250,10.0,16,Thursday,3,0,0,10,9,0,0,0,0,0,0,0,24.0,0,Clear,1.0,5,51.3,130,Moderate,Central Cafeteria,Meals,Standard,52,78.3,43,41,2,4.7,0,Balanced,45,56.5,196,0,Ample,36.92,Low Activity,CIQ-0418,USER_PREPARED_CAMPUS_DATA
2026-10-01,Evening Peak,1,Medium,Mid,0,,88,84,120,0,73.3,120,56,250,22.4,18,Thursday,3,0,1,10,9,0,0,0,0,0,0,0,24.0,0,Clear,1.0,5,51.3,130,Moderate,Central Cafeteria,Meals,Standard,41,78.3,126,120,6,4.8,0,Balanced,25,56.5,196,0,Ample,48.38,Moderate Load,CIQ-0419,USER_PREPARED_CAMPUS_DATA
2026-10-01,Night,0,Medium,Mid,1,Sports_Tournament,105,88,120,1,87.5,132,65,250,26.0,20,Thursday,3,0,1,10,9,0,0,0,1,1,0,80,24.0,0,Clear,1.0,5,51.3,130,High,Central Cafeteria,Meals,Standard,120,78.3,139,132,7,5.0,0,Balanced,56,56.5,196,0,Ample,55.42,Moderate Load,CIQ-0420,USER_PREPARED_CAMPUS_DATA
2026-10-02,Morning,0,Low,Mid,0,,34,20,120,0,28.3,32,10,250,4.0,8,Friday,4,0,0,10,9,0,0,0,0,0,0,0,24.0,0,Clear,1.0,5,51.3,130,Low,Central Cafeteria,Meals,Standard,132,78.3,34,32,2,5.9,0,Balanced,65,56.5,196,0,Ample,16.77,Low Activity,CIQ-0421,USER_PREPARED_CAMPUS_DATA
2026-10-02,Late Morning,0,Low,Mid,0,,33,34,120,0,27.5,38,26,250,10.4,10,Friday,4,0,0,10,9,0,0,0,0,0,0,0,24.0,0,Clear,1.0,5,51.3,130,Low,Central Cafeteria,Meals,Standard,32,78.3,40,38,2,5.0,0,Balanced,10,56.5,196,0,Ample,18.91,Low Activity,CIQ-0422,USER_PREPARED_CAMPUS_DATA
2026-10-02,Noon / Lunch,6,Low,Mid,1,,23,33,120,0,19.2,165,50,250,20.0,12,Friday,4,0,1,10,9,0,0,0,0,0,0,0,24.0,0,Clear,1.0,5,51.3,130,Low,Central Cafeteria,Meals,Standard,38,78.3,173,165,8,4.6,0,Balanced,26,56.5,196,0,Ample,29.47,Low Activity,CIQ-0423,USER_PREPARED_CAMPUS_DATA
2026-10-02,Afternoon,1,Low,Mid,0,,11,23,120,0,9.2,40,43,250,17.2,14,Friday,4,0,1,10,9,0,0,0,0,0,0,0,24.0,0,Clear,1.0,5,51.3,130,Low,Central Cafeteria,Meals,Standard,165,78.3,42,40,2,4.8,0,Balanced,50,56.5,196,0,Ample,14.71,Low Activity,CIQ-0424,USER_PREPARED_CAMPUS_DATA
2026-10-02,Afternoon,8,Low,Mid,0,,77,11,120,0,64.2,62,21,250,8.4,16,Friday,4,0,0,10,9,0,0,0,0,0,0,0,24.0,0,Clear,1.0,5,51.3,130,Moderate,Central Cafeteria,Meals,Standard,40,78.3,65,62,3,4.6,0,Balanced,43,56.5,196,0,Ample,33.16,Low Activity,CIQ-0425,USER_PREPARED_CAMPUS_DATA
2026-10-02,Evening Peak,0,Low,Mid,0,,83,77,120,0,69.2,102,69,250,27.6,18,Friday,4,0,1,10,9,0,0,0,0,0,0,0,24.0,0,Clear,1.0,5,51.3,130,Moderate,Central Cafeteria,Meals,Standard,62,78.3,107,102,5,4.7,0,Balanced,21,56.5,196,0,Ample,44.0,Low Activity,CIQ-0426,USER_PREPARED_CAMPUS_DATA
2026-10-02,Night,0,Low,Mid,0,,64,83,120,0,53.3,116,55,250,22.0,20,Friday,4,0,1,10,9,0,0,0,0,0,0,0,24.0,0,Clear,1.0,5,51.3,130,Low,Central Cafeteria,Meals,Standard,102,78.3,122,116,6,4.9,0,Balanced,69,56.5,196,0,Ample,37.92,Low Activity,CIQ-0427,USER_PREPARED_CAMPUS_DATA
2026-10-03,Morning,0,Medium,Mid,0,,52,20,120,0,43.3,32,35,250,14.0,8,Saturday,5,1,0,10,9,0,0,0,0,0,0,0,24.0,0,Clear,1.0,5,51.3,130,Low,Central Cafeteria,Meals,Standard,116,78.3,34,32,2,5.9,0,Balanced,55,56.5,196,0,Ample,28.02,Low Activity,CIQ-0428,USER_PREPARED_CAMPUS_DATA
2026-10-03,Late Morning,0,Medium,Mid,0,,34,52,120,0,28.3,54,29,250,11.6,10,Saturday,5,1,0,10,9,0,0,0,0,0,0,0,24.0,0,Clear,1.0,5,51.3,130,Low,Central Cafeteria,Meals,Standard,32,78.3,57,54,3,5.3,0,Balanced,35,56.5,196,0,Ample,23.88,Low Activity,CIQ-0429,USER_PREPARED_CAMPUS_DATA
2026-10-03,Noon / Lunch,0,Medium,Mid,0,,38,34,120,0,31.7,100,21,250,8.4,12,Saturday,5,1,1,10,9,0,0,0,0,0,0,0,24.0,0,Clear,1.0,5,51.3,130,Low,Central Cafeteria,Meals,Standard,54,78.3,105,100,5,4.8,0,Balanced,29,56.5,196,0,Ample,27.95,Low Activity,CIQ-0430,USER_PREPARED_CAMPUS_DATA
2026-10-03,Afternoon,0,Medium,Mid,0,,33,38,120,0,27.5,36,20,250,8.0,14,Saturday,5,1,1,10,9,0,0,0,0,0,0,0,24.0,0,Clear,1.0,5,51.3,130,Low,Central Cafeteria,Meals,Standard,100,78.3,38,36,2,5.3,0,Balanced,21,56.5,196,0,Ample,21.02,Low Activity,CIQ-0431,USER_PREPARED_CAMPUS_DATA
2026-10-03,Afternoon,0,Medium,Mid,0,,92,33,120,0,76.7,36,32,250,12.8,16,Saturday,5,1,0,10,9,0,0,0,0,0,0,0,24.0,0,Clear,1.0,5,51.3,130,Moderate,Central Cafeteria,Meals,Standard,36,78.3,38,36,2,5.3,0,Balanced,20,56.5,196,0,Ample,39.68,Low Activity,CIQ-0432,USER_PREPARED_CAMPUS_DATA
2026-10-03,Evening Peak,0,Medium,Mid,0,,97,92,120,1,80.8,107,81,250,32.4,18,Saturday,5,1,1,10,9,0,0,0,0,0,0,0,24.0,0,Clear,1.0,5,51.3,130,High,Central Cafeteria,Meals,Standard,36,78.3,112,107,5,4.5,0,Balanced,32,56.5,196,0,Ample,52.92,Moderate Load,CIQ-0433,USER_PREPARED_CAMPUS_DATA
2026-10-03,Night,0,Medium,Mid,0,,85,97,120,0,70.8,115,71,250,28.4,20,Saturday,5,1,1,10,9,0,0,0,0,0,0,0,24.0,0,Clear,1.0,5,51.3,130,Moderate,Central Cafeteria,Meals,Standard,107,78.3,121,115,6,5.0,0,Balanced,81,56.5,196,0,Ample,48.88,Moderate Load,CIQ-0434,USER_PREPARED_CAMPUS_DATA
2026-10-04,Morning,0,Medium,Mid,0,,53,20,120,0,44.2,21,22,250,8.8,8,Sunday,6,1,0,10,9,0,0,0,0,0,0,0,24.0,0,Clear,1.0,5,51.3,130,Low,Central Cafeteria,Meals,Standard,115,78.3,22,21,1,4.5,0,Balanced,71,56.5,196,0,Ample,25.86,Low Activity,CIQ-0435,USER_PREPARED_CAMPUS_DATA
2026-10-04,Late Morning,0,Medium,Mid,0,,34,53,120,0,28.3,38,23,250,9.2,10,Sunday,6,1,0,10,9,0,0,0,0,0,0,0,24.0,0,Clear,1.0,5,51.3,130,Low,Central Cafeteria,Meals,Standard,21,78.3,40,38,2,5.0,0,Balanced,22,56.5,196,0,Ample,21.83,Low Activity,CIQ-0436,USER_PREPARED_CAMPUS_DATA
2026-10-04,Noon / Lunch,0,Medium,Mid,0,,24,34,120,0,20.0,131,33,250,13.2,12,Sunday,6,1,1,10,9,0,0,0,0,0,0,0,24.0,0,Clear,1.0,5,51.3,130,Low,Central Cafeteria,Meals,Standard,38,78.3,138,131,7,5.1,0,Balanced,23,56.5,196,0,Ample,27.88,Low Activity,CIQ-0437,USER_PREPARED_CAMPUS_DATA
2026-10-04,Afternoon,0,Medium,Mid,0,,38,24,120,0,31.7,55,22,250,8.8,14,Sunday,6,1,1,10,9,0,0,0,0,0,0,0,24.0,0,Clear,1.0,5,51.3,130,Low,Central Cafeteria,Meals,Standard,131,78.3,58,55,3,5.2,0,Balanced,33,56.5,196,0,Ample,24.32,Low Activity,CIQ-0438,USER_PREPARED_CAMPUS_DATA
2026-10-04,Afternoon,0,Medium,Mid,0,,88,38,120,0,73.3,35,19,250,7.6,16,Sunday,6,1,0,10,9,0,0,0,0,0,0,0,24.0,0,Clear,1.0,5,51.3,130,Moderate,Central Cafeteria,Meals,Standard,55,78.3,37,35,2,5.4,0,Balanced,22,56.5,196,0,Ample,36.85,Low Activity,CIQ-0439,USER_PREPARED_CAMPUS_DATA
2026-10-04,Evening Peak,0,Medium,Mid,0,,109,88,120,1,90.8,110,72,250,28.8,18,Sunday,6,1,1,10,9,0,0,0,0,0,0,0,24.0,0,Clear,1.0,5,51.3,130,High,Central Cafeteria,Meals,Standard,35,78.3,116,110,6,5.2,0,Balanced,19,56.5,196,0,Ample,55.59,Moderate Load,CIQ-0440,USER_PREPARED_CAMPUS_DATA
2026-10-04,Night,0,Medium,Mid,0,,78,109,120,0,65.0,89,64,250,25.6,20,Sunday,6,1,1,10,9,0,0,0,0,0,0,0,24.0,0,Clear,1.0,5,51.3,130,Moderate,Central Cafeteria,Meals,Standard,110,78.3,93,89,4,4.3,0,Balanced,72,56.5,196,0,Ample,43.85,Low Activity,CIQ-0441,USER_PREPARED_CAMPUS_DATA
2026-10-05,Morning,0,Medium,Mid,0,,47,20,120,0,39.2,68,39,250,15.6,8,Monday,0,0,0,10,10,0,0,0,0,0,0,0,24.0,0,Clear,1.0,5,51.3,130,Low,Central Cafeteria,Meals,Standard,89,78.3,71,68,3,4.2,0,Balanced,64,56.5,196,0,Ample,30.07,Low Activity,CIQ-0442,USER_PREPARED_CAMPUS_DATA
2026-10-05,Late Morning,2,Medium,Mid,0,,19,47,120,0,15.8,45,24,250,9.6,10,Monday,0,0,0,10,10,0,0,0,0,0,0,0,24.0,0,Clear,1.0,5,51.3,130,Low,Central Cafeteria,Meals,Standard,68,78.3,47,45,2,4.3,0,Balanced,39,56.5,196,0,Ample,18.16,Low Activity,CIQ-0443,USER_PREPARED_CAMPUS_DATA
2026-10-05,Noon / Lunch,7,Medium,Mid,0,,18,19,120,0,15.0,142,58,250,23.2,12,Monday,0,0,1,10,10,0,0,0,0,0,0,0,24.0,0,Clear,1.0,5,51.3,130,Low,Central Cafeteria,Meals,Standard,45,78.3,149,142,7,4.7,0,Balanced,24,56.5,196,0,Ample,30.04,Low Activity,CIQ-0444,USER_PREPARED_CAMPUS_DATA
2026-10-05,Afternoon,0,Medium,Mid,0,,24,18,120,0,20.0,25,60,250,24.0,14,Monday,0,0,1,10,10,0,0,0,0,0,0,0,24.0,0,Clear,1.0,5,51.3,130,Low,Central Cafeteria,Meals,Standard,142,78.3,26,25,1,3.8,0,Balanced,58,56.5,196,0,Ample,22.28,Low Activity,CIQ-0445,USER_PREPARED_CAMPUS_DATA
2026-10-05,Afternoon,5,Medium,Mid,0,,75,24,120,0,62.5,59,28,250,11.2,16,Monday,0,0,0,10,10,0,0,0,0,0,0,0,24.0,0,Clear,1.0,5,51.3,130,Moderate,Central Cafeteria,Meals,Standard,25,78.3,62,59,3,4.8,0,Balanced,60,56.5,196,0,Ample,36.15,Low Activity,CIQ-0446,USER_PREPARED_CAMPUS_DATA
2026-10-05,Evening Peak,1,Medium,Mid,0,,82,75,120,0,68.3,93,67,250,26.8,18,Monday,0,0,1,10,10,0,0,0,0,0,0,0,24.0,0,Clear,1.0,5,51.3,130,Moderate,Central Cafeteria,Meals,Standard,59,78.3,98,93,5,5.1,0,Balanced,28,56.5,196,0,Ample,45.69,Moderate Load,CIQ-0447,USER_PREPARED_CAMPUS_DATA
2026-10-05,Night,0,Medium,Mid,0,,68,82,120,0,56.7,93,58,250,23.2,20,Monday,0,0,1,10,10,0,0,0,0,0,0,0,24.0,0,Clear,1.0,5,51.3,130,Low,Central Cafeteria,Meals,Standard,93,78.3,98,93,5,5.1,0,Balanced,67,56.5,196,0,Ample,40.56,Low Activity,CIQ-0448,USER_PREPARED_CAMPUS_DATA
2026-10-06,Morning,1,Medium,Mid,0,,33,20,120,0,27.5,46,16,250,6.4,8,Tuesday,1,0,0,10,10,0,0,0,0,0,0,0,24.0,0,Clear,1.0,5,51.3,130,Low,Central Cafeteria,Meals,Standard,93,78.3,48,46,2,4.2,0,Balanced,58,56.5,196,0,Ample,21.38,Low Activity,CIQ-0449,USER_PREPARED_CAMPUS_DATA
2026-10-06,Late Morning,0,Medium,Mid,0,,11,33,120,0,9.2,39,17,250,6.8,10,Tuesday,1,0,0,10,10,0,0,0,0,0,0,0,24.0,0,Clear,1.0,5,51.3,130,Low,Central Cafeteria,Meals,Standard,46,78.3,41,39,2,4.9,0,Balanced,16,56.5,196,0,Ample,14.51,Low Activity,CIQ-0450,USER_PREPARED_CAMPUS_DATA
2026-10-06,Noon / Lunch,7,Medium,Mid,0,,8,11,120,0,6.7,139,43,250,17.2,12,Tuesday,1,0,1,10,10,0,0,0,0,0,0,0,24.0,0,Clear,1.0,5,51.3,130,Low,Central Cafeteria,Meals,Standard,39,78.3,146,139,7,4.8,0,Balanced,17,56.5,196,0,Ample,25.09,Low Activity,CIQ-0451,USER_PREPARED_CAMPUS_DATA
2026-10-06,Afternoon,1,Medium,Mid,1,,14,8,120,0,11.7,73,39,250,15.6,14,Tuesday,1,0,1,10,10,0,0,0,0,0,0,0,24.0,0,Clear,1.0,5,51.3,130,Low,Central Cafeteria,Meals,Standard,139,78.3,77,73,4,5.2,0,Balanced,43,56.5,196,0,Ample,20.86,Low Activity,CIQ-0452,USER_PREPARED_CAMPUS_DATA
2026-10-06,Afternoon,8,Medium,Mid,0,,81,14,120,0,67.5,64,13,250,5.2,16,Tuesday,1,0,0,10,10,0,0,0,0,0,0,0,24.0,0,Clear,1.0,5,51.3,130,Moderate,Central Cafeteria,Meals,Standard,73,78.3,67,64,3,4.5,0,Balanced,39,56.5,196,0,Ample,36.52,Low Activity,CIQ-0453,USER_PREPARED_CAMPUS_DATA
2026-10-06,Evening Peak,2,Medium,Mid,0,,83,81,120,0,69.2,108,75,250,30.0,18,Tuesday,1,0,1,10,10,0,0,0,0,0,0,0,24.0,0,Clear,1.0,5,51.3,130,Moderate,Central Cafeteria,Meals,Standard,64,78.3,113,108,5,4.4,0,Balanced,13,56.5,196,0,Ample,48.22,Moderate Load,CIQ-0454,USER_PREPARED_CAMPUS_DATA
2026-10-06,Night,1,Medium,Mid,0,,76,83,120,0,63.3,99,85,250,34.0,20,Tuesday,1,0,1,10,10,0,0,0,0,0,0,0,24.0,0,Clear,1.0,5,51.3,130,Moderate,Central Cafeteria,Meals,Standard,108,78.3,104,99,5,4.8,0,Balanced,75,56.5,196,0,Ample,46.6,Moderate Load,CIQ-0455,USER_PREPARED_CAMPUS_DATA
2026-10-07,Morning,0,Medium,Mid,1,,44,20,120,0,36.7,65,32,250,12.8,8,Wednesday,2,0,0,10,10,0,0,0,0,0,0,0,24.0,0,Clear,1.0,5,51.3,130,Low,Central Cafeteria,Meals,Standard,99,78.3,68,65,3,4.4,0,Balanced,85,56.5,196,0,Ample,28.1,Low Activity,CIQ-0456,USER_PREPARED_CAMPUS_DATA
2026-10-07,Late Morning,2,Medium,Mid,0,,25,44,120,0,20.8,55,31,250,12.4,10,Wednesday,2,0,0,10,10,0,0,0,0,0,0,0,24.0,0,Clear,1.0,5,51.3,130,Low,Central Cafeteria,Meals,Standard,65,78.3,58,55,3,5.2,0,Balanced,32,56.5,196,0,Ample,21.58,Low Activity,CIQ-0457,USER_PREPARED_CAMPUS_DATA
2026-10-07,Noon / Lunch,7,Medium,Mid,0,,20,25,120,0,16.7,148,42,250,16.8,12,Wednesday,2,0,1,10,10,0,0,0,0,0,0,0,24.0,0,Clear,1.0,5,51.3,130,Low,Central Cafeteria,Meals,Standard,55,78.3,155,148,7,4.5,0,Balanced,31,56.5,196,0,Ample,29.22,Low Activity,CIQ-0458,USER_PREPARED_CAMPUS_DATA
2026-10-07,Afternoon,0,Medium,Mid,0,,18,20,120,0,15.0,37,38,250,15.2,14,Wednesday,2,0,1,10,10,0,0,0,0,0,0,0,24.0,0,Clear,1.0,5,51.3,130,Low,Central Cafeteria,Meals,Standard,148,78.3,39,37,2,5.1,0,Balanced,42,56.5,196,0,Ample,18.89,Low Activity,CIQ-0459,USER_PREPARED_CAMPUS_DATA
2026-10-07,Afternoon,7,Medium,Mid,0,,79,18,120,0,65.8,43,27,250,10.8,16,Wednesday,2,0,0,10,10,0,0,0,0,0,0,0,24.0,0,Clear,1.0,5,51.3,130,Moderate,Central Cafeteria,Meals,Standard,37,78.3,45,43,2,4.4,0,Balanced,38,56.5,196,0,Ample,35.85,Low Activity,CIQ-0460,USER_PREPARED_CAMPUS_DATA
2026-10-07,Evening Peak,1,Medium,Mid,0,,85,79,120,0,70.8,90,80,250,32.0,18,Wednesday,2,0,1,10,10,0,0,0,0,0,0,0,24.0,0,Clear,1.0,5,51.3,130,Moderate,Central Cafeteria,Meals,Standard,43,78.3,94,90,4,4.3,0,Balanced,27,56.5,196,0,Ample,47.88,Moderate Load,CIQ-0461,USER_PREPARED_CAMPUS_DATA
2026-10-07,Night,2,Medium,Mid,0,,86,85,120,0,71.7,124,69,250,27.6,20,Wednesday,2,0,1,10,10,0,0,0,0,0,0,0,24.0,0,Clear,1.0,5,51.3,130,Moderate,Central Cafeteria,Meals,Standard,90,78.3,130,124,6,4.6,0,Balanced,80,56.5,196,0,Ample,49.71,Moderate Load,CIQ-0462,USER_PREPARED_CAMPUS_DATA
2026-10-08,Morning,2,Medium,Mid,0,,44,20,120,0,36.7,43,28,250,11.2,8,Thursday,3,0,0,10,10,0,0,0,0,0,0,0,24.0,0,Clear,1.0,5,51.3,130,Low,Central Cafeteria,Meals,Standard,124,78.3,45,43,2,4.4,0,Balanced,69,56.5,196,0,Ample,25.79,Low Activity,CIQ-0463,USER_PREPARED_CAMPUS_DATA
2026-10-08,Late Morning,0,Medium,Mid,0,,23,44,120,0,19.2,47,16,250,6.4,10,Thursday,3,0,0,10,10,0,0,0,0,0,0,0,24.0,0,Clear,1.0,5,51.3,130,Low,Central Cafeteria,Meals,Standard,43,78.3,49,47,2,4.1,0,Balanced,28,56.5,196,0,Ample,18.56,Low Activity,CIQ-0464,USER_PREPARED_CAMPUS_DATA
2026-10-08,Noon / Lunch,7,Medium,Mid,0,,19,23,120,0,15.8,170,56,250,22.4,12,Thursday,3,0,1,10,10,0,0,0,0,0,0,0,24.0,0,Clear,1.0,5,51.3,130,Low,Central Cafeteria,Meals,Standard,47,78.3,178,170,8,4.5,0,Balanced,16,56.5,196,0,Ample,32.42,Low Activity,CIQ-0465,USER_PREPARED_CAMPUS_DATA
2026-10-08,Afternoon,1,Medium,Mid,0,,20,19,120,0,16.7,39,63,250,25.2,14,Thursday,3,0,1,10,10,0,0,0,0,0,0,0,24.0,0,Clear,1.0,5,51.3,130,Low,Central Cafeteria,Meals,Standard,170,78.3,41,39,2,4.9,0,Balanced,56,56.5,196,0,Ample,22.66,Low Activity,CIQ-0466,USER_PREPARED_CAMPUS_DATA
2026-10-08,Afternoon,6,Medium,Mid,0,,88,20,120,0,73.3,69,31,250,12.4,16,Thursday,3,0,0,10,10,0,0,0,0,0,0,0,24.0,0,Clear,1.0,5,51.3,130,Moderate,Central Cafeteria,Meals,Standard,39,78.3,72,69,3,4.2,0,Balanced,63,56.5,196,0,Ample,41.12,Low Activity,CIQ-0467,USER_PREPARED_CAMPUS_DATA
2026-10-08,Evening Peak,2,Medium,Mid,0,,92,88,120,0,76.7,120,77,250,30.8,18,Thursday,3,0,1,10,10,0,0,0,0,0,0,0,24.0,0,Clear,1.0,5,51.3,130,Moderate,Central Cafeteria,Meals,Standard,69,78.3,126,120,6,4.8,0,Balanced,31,56.5,196,0,Ample,52.08,Moderate Load,CIQ-0468,USER_PREPARED_CAMPUS_DATA
2026-10-08,Night,2,Medium,Mid,0,,71,92,120,0,59.2,108,67,250,26.8,20,Thursday,3,0,1,10,10,0,0,0,0,0,0,0,24.0,0,Clear,1.0,5,51.3,130,Low,Central Cafeteria,Meals,Standard,120,78.3,113,108,5,4.4,0,Balanced,77,56.5,196,0,Ample,43.76,Low Activity,CIQ-0469,USER_PREPARED_CAMPUS_DATA
2026-10-09,Morning,0,Low,Late,1,Fest,42,20,120,0,35.0,70,34,250,13.6,8,Friday,4,0,0,10,10,0,0,0,0,0,1,80,24.0,0,Clear,1.0,5,51.3,130,Low,Central Cafeteria,Meals,Standard,108,78.3,74,70,4,5.4,0,Balanced,67,56.5,196,0,Ample,25.16,Low Activity,CIQ-0470,USER_PREPARED_CAMPUS_DATA
2026-10-09,Late Morning,0,Low,Late,1,Fest,26,42,120,0,21.7,55,31,250,12.4,10,Friday,4,0,0,10,10,0,0,0,0,0,1,80,24.0,0,Clear,1.0,5,51.3,130,Low,Central Cafeteria,Meals,Standard,70,78.3,58,55,3,5.2,0,Balanced,34,56.5,196,0,Ample,18.9,Low Activity,CIQ-0471,USER_PREPARED_CAMPUS_DATA
2026-10-09,Noon / Lunch,5,Low,Late,1,Fest,21,26,120,0,17.5,175,40,250,16.0,12,Friday,4,0,1,10,10,0,0,0,0,0,1,80,24.0,0,Clear,1.0,5,51.3,130,Low,Central Cafeteria,Meals,Standard,55,78.3,184,175,9,4.9,0,Balanced,31,56.5,196,0,Ample,28.51,Low Activity,CIQ-0472,USER_PREPARED_CAMPUS_DATA
2026-10-09,Afternoon,1,Low,Late,1,Fest,30,21,120,0,25.0,83,54,250,21.6,14,Friday,4,0,1,10,10,0,0,0,0,0,1,80,24.0,0,Clear,1.0,5,51.3,130,Low,Central Cafeteria,Meals,Standard,175,78.3,87,83,4,4.6,0,Balanced,40,56.5,196,0,Ample,25.15,Low Activity,CIQ-0473,USER_PREPARED_CAMPUS_DATA
2026-10-09,Afternoon,5,Low,Late,1,Fest,82,30,120,0,68.3,86,28,250,11.2,16,Friday,4,0,0,10,10,0,0,0,0,0,1,80,24.0,0,Clear,1.0,5,51.3,130,Moderate,Central Cafeteria,Meals,Standard,83,78.3,90,86,4,4.4,0,Balanced,54,56.5,196,0,Ample,37.43,Low Activity,CIQ-0474,USER_PREPARED_CAMPUS_DATA
2026-10-09,Evening Peak,1,Low,Late,1,Fest,88,82,120,0,73.3,143,63,250,25.2,18,Friday,4,0,1,10,10,0,0,0,0,0,1,80,24.0,0,Clear,1.0,5,51.3,130,Moderate,Central Cafeteria,Meals,Standard,86,78.3,150,143,7,4.7,0,Balanced,28,56.5,196,0,Ample,48.13,Moderate Load,CIQ-0475,USER_PREPARED_CAMPUS_DATA
2026-10-09,Night,1,Low,Late,1,Fest,76,88,120,0,63.3,129,68,250,27.2,20,Friday,4,0,1,10,10,0,0,0,0,0,1,80,24.0,0,Clear,1.0,5,51.3,130,Moderate,Central Cafeteria,Meals,Standard,143,78.3,135,129,6,4.4,0,Balanced,63,56.5,196,0,Ample,44.06,Low Activity,CIQ-0476,USER_PREPARED_CAMPUS_DATA
2026-10-10,Morning,0,Low,Late,1,Fest,48,20,120,0,40.0,71,21,250,8.4,8,Saturday,5,1,0,10,10,0,0,0,0,0,1,80,24.0,0,Clear,1.0,5,51.3,130,Low,Central Cafeteria,Meals,Standard,129,78.3,75,71,4,5.3,0,Balanced,68,56.5,196,0,Ample,25.44,Low Activity,CIQ-0477,USER_PREPARED_CAMPUS_DATA
2026-10-10,Late Morning,0,Low,Late,1,Fest,33,48,120,0,27.5,70,26,250,10.4,10,Saturday,5,1,0,10,10,0,0,0,0,0,1,80,24.0,0,Clear,1.0,5,51.3,130,Low,Central Cafeteria,Meals,Standard,71,78.3,74,70,4,5.4,0,Balanced,21,56.5,196,0,Ample,21.58,Low Activity,CIQ-0478,USER_PREPARED_CAMPUS_DATA
2026-10-10,Noon / Lunch,0,Low,Late,1,Fest,32,33,120,0,26.7,132,33,250,13.2,12,Saturday,5,1,1,10,10,0,0,0,0,0,1,80,24.0,0,Clear,1.0,5,51.3,130,Low,Central Cafeteria,Meals,Standard,70,78.3,139,132,7,5.0,0,Balanced,26,56.5,196,0,Ample,27.3,Low Activity,CIQ-0479,USER_PREPARED_CAMPUS_DATA
2026-10-10,Afternoon,0,Low,Late,1,Fest,33,32,120,0,27.5,63,28,250,11.2,14,Saturday,5,1,1,10,10,0,0,0,0,0,1,80,24.0,0,Clear,1.0,5,51.3,130,Low,Central Cafeteria,Meals,Standard,132,78.3,66,63,3,4.5,0,Balanced,33,56.5,196,0,Ample,21.24,Low Activity,CIQ-0480,USER_PREPARED_CAMPUS_DATA
2026-10-10,Afternoon,0,Low,Late,1,Fest,83,33,120,0,69.2,54,37,250,14.8,16,Saturday,5,1,0,10,10,0,0,0,0,0,1,80,24.0,0,Clear,1.0,5,51.3,130,Moderate,Central Cafeteria,Meals,Standard,63,78.3,57,54,3,5.3,0,Balanced,28,56.5,196,0,Ample,36.16,Low Activity,CIQ-0481,USER_PREPARED_CAMPUS_DATA
2026-10-10,Evening Peak,0,Low,Late,1,Fest,102,83,120,1,85.0,143,70,250,28.0,18,Saturday,5,1,1,10,10,0,0,0,0,0,1,80,24.0,0,Clear,1.0,5,51.3,130,High,Central Cafeteria,Meals,Standard,54,78.3,150,143,7,4.7,0,Balanced,37,56.5,196,0,Ample,53.07,Moderate Load,CIQ-0482,USER_PREPARED_CAMPUS_DATA
2026-10-10,Night,0,Low,Late,1,Fest,97,102,120,1,80.8,126,59,250,23.6,20,Saturday,5,1,1,10,10,0,0,0,0,0,1,80,24.0,0,Clear,1.0,5,51.3,130,High,Central Cafeteria,Meals,Standard,143,78.3,132,126,6,4.5,0,Balanced,70,56.5,196,0,Ample,48.86,Moderate Load,CIQ-0483,USER_PREPARED_CAMPUS_DATA
2026-10-11,Morning,0,Low,Late,1,Fest,54,20,120,0,45.0,70,19,250,7.6,8,Sunday,6,1,0,10,10,0,0,0,0,0,1,80,24.0,0,Clear,1.0,5,51.3,130,Low,Central Cafeteria,Meals,Standard,126,78.3,74,70,4,5.4,0,Balanced,59,56.5,196,0,Ample,26.86,Low Activity,CIQ-0484,USER_PREPARED_CAMPUS_DATA
2026-10-11,Late Morning,0,Low,Late,1,Fest,41,54,120,0,34.2,65,32,250,12.8,10,Sunday,6,1,0,10,10,0,0,0,0,0,1,80,24.0,0,Clear,1.0,5,51.3,130,Low,Central Cafeteria,Meals,Standard,70,78.3,68,65,3,4.4,0,Balanced,19,56.5,196,0,Ample,24.23,Low Activity,CIQ-0485,USER_PREPARED_CAMPUS_DATA
2026-10-11,Noon / Lunch,0,Low,Late,1,Fest,42,41,120,0,35.0,148,18,250,7.2,12,Sunday,6,1,1,10,10,0,0,0,0,0,1,80,24.0,0,Clear,1.0,5,51.3,130,Low,Central Cafeteria,Meals,Standard,65,78.3,155,148,7,4.5,0,Balanced,32,56.5,196,0,Ample,29.74,Low Activity,CIQ-0486,USER_PREPARED_CAMPUS_DATA
2026-10-11,Afternoon,0,Low,Late,1,Fest,31,42,120,0,25.8,44,35,250,14.0,14,Sunday,6,1,1,10,10,0,0,0,0,0,1,80,24.0,0,Clear,1.0,5,51.3,130,Low,Central Cafeteria,Meals,Standard,148,78.3,46,44,2,4.3,0,Balanced,18,56.5,196,0,Ample,19.9,Low Activity,CIQ-0487,USER_PREPARED_CAMPUS_DATA
2026-10-11,Afternoon,0,Low,Late,1,Fest,91,31,120,0,75.8,53,30,250,12.0,16,Sunday,6,1,0,10,10,0,0,0,0,0,1,80,24.0,0,Clear,1.0,5,51.3,130,Moderate,Central Cafeteria,Meals,Standard,44,78.3,56,53,3,5.4,0,Balanced,35,56.5,196,0,Ample,37.55,Low Activity,CIQ-0488,USER_PREPARED_CAMPUS_DATA
2026-10-11,Evening Peak,0,Low,Late,1,Fest,99,91,120,1,82.5,142,70,250,28.0,18,Sunday,6,1,1,10,10,0,0,0,0,0,1,80,24.0,0,Clear,1.0,5,51.3,130,High,Central Cafeteria,Meals,Standard,53,78.3,149,142,7,4.7,0,Balanced,30,56.5,196,0,Ample,52.11,Moderate Load,CIQ-0489,USER_PREPARED_CAMPUS_DATA
2026-10-11,Night,0,Low,Late,1,Fest,80,99,120,0,66.7,144,63,250,25.2,20,Sunday,6,1,1,10,10,0,0,0,0,0,1,80,24.0,0,Clear,1.0,5,51.3,130,Moderate,Central Cafeteria,Meals,Standard,142,78.3,151,144,7,4.6,0,Balanced,70,56.5,196,0,Ample,45.9,Moderate Load,CIQ-0490,USER_PREPARED_CAMPUS_DATA
2026-08-03,08:00-10:00,2,3,Mid,0,,43,20,120,0,35.8,35,38,250,15.2,14,Monday,0,0,1,8,6,0,0,0,0,0,0,0,24.0,0,Clear,1.0,5,51.3,130,Low,Central Cafeteria,Meals,Standard,35,78.3,37,35,2,5.4,0,Balanced,38,56.5,196,0,Ample,26.01,Low Activity,CIQ-0491,USER_UPLOADED_EXCEL_DATA
2026-08-03,10:00-12:00,2,3,Mid,0,,23,43,120,0,19.2,45,40,250,16.0,14,Monday,0,0,1,8,6,0,0,0,0,0,0,0,24.0,0,Clear,1.0,5,51.3,130,Low,Central Cafeteria,Meals,Standard,35,78.3,47,45,2,4.3,0,Balanced,38,56.5,196,0,Ample,21.27,Low Activity,CIQ-0492,USER_UPLOADED_EXCEL_DATA
2026-08-03,12:00-14:00,2,3,Mid,1,,21,23,120,0,17.5,183,48,250,19.2,14,Monday,0,0,1,8,6,0,0,0,0,0,0,0,24.0,0,Clear,1.0,5,51.3,130,Low,Central Cafeteria,Meals,Standard,45,78.3,192,183,9,4.7,0,Balanced,40,56.5,196,0,Ample,33.14,Low Activity,CIQ-0493,USER_UPLOADED_EXCEL_DATA
2026-08-03,14:00-16:00,2,3,Mid,1,,27,21,120,0,22.5,47,54,250,21.6,14,Monday,0,0,1,8,6,0,0,0,0,0,0,0,24.0,0,Clear,1.0,5,51.3,130,Low,Central Cafeteria,Meals,Standard,183,78.3,49,47,2,4.1,0,Balanced,48,56.5,196,0,Ample,24.27,Low Activity,CIQ-0494,USER_UPLOADED_EXCEL_DATA
2026-08-03,16:00-18:00,2,3,Mid,0,,79,27,120,0,65.8,67,21,250,8.4,14,Monday,0,0,1,8,6,0,0,0,0,0,0,0,24.0,0,Clear,1.0,5,51.3,130,Moderate,Central Cafeteria,Meals,Standard,47,78.3,70,67,3,4.3,0,Balanced,54,56.5,196,0,Ample,37.13,Low Activity,CIQ-0495,USER_UPLOADED_EXCEL_DATA
2026-08-03,18:00-20:00,2,3,Mid,0,,88,79,120,0,73.3,111,60,250,24.0,14,Monday,0,0,1,8,6,0,0,0,0,0,0,0,24.0,0,Clear,1.0,5,51.3,130,Moderate,Central Cafeteria,Meals,Standard,67,78.3,117,111,6,5.1,0,Balanced,21,56.5,196,0,Ample,48.1,Moderate Load,CIQ-0496,USER_UPLOADED_EXCEL_DATA
2026-08-03,20:00-22:00,2,3,Mid,1,Sports_Tournament,103,88,120,1,85.8,126,67,250,26.8,14,Monday,0,0,1,8,6,0,0,0,0,0,0,0,24.0,0,Clear,1.0,5,51.3,130,High,Central Cafeteria,Meals,Standard,111,78.3,132,126,6,4.5,0,Balanced,60,56.5,196,0,Ample,54.57,Moderate Load,CIQ-0497,USER_UPLOADED_EXCEL_DATA
2026-08-04,08:00-10:00,2,2,Mid,0,,50,20,120,0,41.7,33,24,250,9.6,14,Tuesday,1,0,1,8,6,0,0,0,0,0,0,0,24.0,0,Clear,1.0,5,51.3,130,Low,Central Cafeteria,Meals,Standard,126,78.3,35,33,2,5.7,0,Balanced,67,56.5,196,0,Ample,26.22,Low Activity,CIQ-0498,USER_UPLOADED_EXCEL_DATA
2026-08-04,10:00-12:00,2,2,Mid,0,,18,50,120,0,15.0,36,25,250,10.0,14,Tuesday,1,0,1,8,6,0,0,0,0,0,0,0,24.0,0,Clear,1.0,5,51.3,130,Low,Central Cafeteria,Meals,Standard,33,78.3,38,36,2,5.3,0,Balanced,24,56.5,196,0,Ample,17.25,Low Activity,CIQ-0499,USER_UPLOADED_EXCEL_DATA
2026-08-04,12:00-14:00,2,2,Mid,0,,19,18,120,0,15.8,152,53,250,21.2,14,Tuesday,1,0,1,8,6,0,0,0,0,0,0,0,24.0,0,Clear,1.0,5,51.3,130,Low,Central Cafeteria,Meals,Standard,36,78.3,160,152,8,5.0,0,Balanced,25,56.5,196,0,Ample,30.56,Low Activity,CIQ-0500,USER_UPLOADED_EXCEL_DATA
2026-08-04,14:00-16:00,2,2,Mid,0,,22,19,120,0,18.3,49,48,250,19.2,14,Tuesday,1,0,1,8,6,0,0,0,0,0,0,0,24.0,0,Clear,1.0,5,51.3,130,Low,Central Cafeteria,Meals,Standard,152,78.3,51,49,2,3.9,0,Balanced,53,56.5,196,0,Ample,22.25,Low Activity,CIQ-0501,USER_UPLOADED_EXCEL_DATA
2026-08-04,16:00-18:00,2,2,Mid,0,,81,22,120,0,67.5,57,17,250,6.8,14,Tuesday,1,0,1,8,6,0,0,0,0,0,0,0,24.0,0,Clear,1.0,5,51.3,130,Moderate,Central Cafeteria,Meals,Standard,49,78.3,60,57,3,5.0,0,Balanced,48,56.5,196,0,Ample,36.42,Low Activity,CIQ-0502,USER_UPLOADED_EXCEL_DATA
2026-08-04,18:00-20:00,2,2,Mid,0,,84,81,120,0,70.0,107,65,250,26.0,14,Tuesday,1,0,1,8,6,0,0,0,0,0,0,0,24.0,0,Clear,1.0,5,51.3,130,Moderate,Central Cafeteria,Meals,Standard,57,78.3,112,107,5,4.5,0,Balanced,17,56.5,196,0,Ample,47.22,Moderate Load,CIQ-0503,USER_UPLOADED_EXCEL_DATA
2026-08-04,20:00-22:00,2,2,Mid,0,,69,84,120,0,57.5,123,74,250,29.6,14,Tuesday,1,0,1,8,6,0,0,0,0,0,0,0,24.0,0,Clear,1.0,5,51.3,130,Low,Central Cafeteria,Meals,Standard,107,78.3,129,123,6,4.7,0,Balanced,65,56.5,196,0,Ample,45.26,Moderate Load,CIQ-0504,USER_UPLOADED_EXCEL_DATA
2026-08-05,08:00-10:00,2,3,Mid,0,,42,20,120,0,35.0,29,32,250,12.8,14,Wednesday,2,0,1,8,6,0,0,0,0,0,0,0,24.0,0,Clear,1.0,5,51.3,130,Low,Central Cafeteria,Meals,Standard,123,78.3,30,29,1,3.3,0,Balanced,74,56.5,196,0,Ample,24.51,Low Activity,CIQ-0505,USER_UPLOADED_EXCEL_DATA
2026-08-05,10:00-12:00,2,3,Mid,0,,23,42,120,0,19.2,32,37,250,14.8,14,Wednesday,2,0,1,8,6,0,0,0,0,0,0,0,24.0,0,Clear,1.0,5,51.3,130,Low,Central Cafeteria,Meals,Standard,29,78.3,34,32,2,5.9,0,Balanced,32,56.5,196,0,Ample,19.83,Low Activity,CIQ-0506,USER_UPLOADED_EXCEL_DATA
2026-08-05,12:00-14:00,2,3,Mid,0,,9,23,120,0,7.5,138,56,250,22.4,14,Wednesday,2,0,1,8,6,0,0,0,0,0,0,0,24.0,0,Clear,1.0,5,51.3,130,Low,Central Cafeteria,Meals,Standard,32,78.3,145,138,7,4.8,0,Balanced,37,56.5,196,0,Ample,26.84,Low Activity,CIQ-0507,USER_UPLOADED_EXCEL_DATA
2026-08-05,14:00-16:00,2,3,Mid,0,,21,9,120,0,17.5,53,27,250,10.8,14,Wednesday,2,0,1,8,6,0,0,0,0,0,0,0,24.0,0,Clear,1.0,5,51.3,130,Low,Central Cafeteria,Meals,Standard,138,78.3,56,53,3,5.4,0,Balanced,56,56.5,196,0,Ample,19.78,Low Activity,CIQ-0508,USER_UPLOADED_EXCEL_DATA
2026-08-05,16:00-18:00,2,3,Mid,1,Sports_Tournament,113,21,120,1,94.2,106,27,250,10.8,14,Wednesday,2,0,1,8,6,0,0,0,0,0,0,0,24.0,0,Clear,1.0,5,51.3,130,High,Central Cafeteria,Meals,Standard,53,78.3,111,106,5,4.5,0,Balanced,27,56.5,196,0,Ample,51.04,Moderate Load,CIQ-0509,USER_UPLOADED_EXCEL_DATA
2026-08-05,18:00-20:00,2,3,Mid,0,,89,113,120,0,74.2,93,65,250,26.0,14,Wednesday,2,0,1,8,6,0,0,0,0,0,0,0,24.0,0,Clear,1.0,5,51.3,130,Moderate,Central Cafeteria,Meals,Standard,106,78.3,98,93,5,5.1,0,Balanced,27,56.5,196,0,Ample,47.52,Moderate Load,CIQ-0510,USER_UPLOADED_EXCEL_DATA
2026-08-05,20:00-22:00,2,3,Mid,0,,70,89,120,0,58.3,113,66,250,26.4,14,Wednesday,2,0,1,8,6,0,0,0,0,0,0,0,24.0,0,Clear,1.0,5,51.3,130,Low,Central Cafeteria,Meals,Standard,93,78.3,119,113,6,5.0,0,Balanced,65,56.5,196,0,Ample,43.74,Low Activity,CIQ-0511,USER_UPLOADED_EXCEL_DATA
2026-08-06,08:00-10:00,2,4,Mid,0,,47,20,120,0,39.2,49,25,250,10.0,14,Thursday,3,0,1,8,6,0,0,0,0,0,0,0,24.0,0,Clear,1.0,5,51.3,130,Low,Central Cafeteria,Meals,Standard,113,78.3,51,49,2,3.9,0,Balanced,66,56.5,196,0,Ample,26.8,Low Activity,CIQ-0512,USER_UPLOADED_EXCEL_DATA
2026-08-06,10:00-12:00,2,4,Mid,0,,20,47,120,0,16.7,34,25,250,10.0,14,Thursday,3,0,1,8,6,0,0,0,0,0,0,0,24.0,0,Clear,1.0,5,51.3,130,Low,Central Cafeteria,Meals,Standard,49,78.3,36,34,2,5.6,0,Balanced,25,56.5,196,0,Ample,17.68,Low Activity,CIQ-0513,USER_UPLOADED_EXCEL_DATA
2026-08-06,12:00-14:00,2,4,Mid,0,,12,20,120,0,10.0,135,41,250,16.4,14,Thursday,3,0,1,8,6,0,0,0,0,0,0,0,24.0,0,Clear,1.0,5,51.3,130,Low,Central Cafeteria,Meals,Standard,34,78.3,142,135,7,4.9,0,Balanced,25,56.5,196,0,Ample,25.67,Low Activity,CIQ-0514,USER_UPLOADED_EXCEL_DATA
2026-08-06,14:00-16:00,2,4,Mid,0,,16,12,120,0,13.3,46,45,250,18.0,14,Thursday,3,0,1,8,6,0,0,0,0,0,0,0,24.0,0,Clear,1.0,5,51.3,130,Low,Central Cafeteria,Meals,Standard,135,78.3,48,46,2,4.2,0,Balanced,41,56.5,196,0,Ample,19.89,Low Activity,CIQ-0515,USER_UPLOADED_EXCEL_DATA
2026-08-06,16:00-18:00,2,4,Mid,0,,76,16,120,0,63.3,78,11,250,4.4,14,Thursday,3,0,1,8,6,0,0,0,0,0,0,0,24.0,0,Clear,1.0,5,51.3,130,Moderate,Central Cafeteria,Meals,Standard,46,78.3,82,78,4,4.9,0,Balanced,45,56.5,196,0,Ample,35.97,Low Activity,CIQ-0516,USER_UPLOADED_EXCEL_DATA
2026-08-06,18:00-20:00,2,4,Mid,1,Sports_Tournament,113,76,120,1,94.2,137,69,250,27.6,14,Thursday,3,0,1,8,6,0,0,0,0,0,0,0,24.0,0,Clear,1.0,5,51.3,130,High,Central Cafeteria,Meals,Standard,78,78.3,144,137,7,4.9,0,Balanced,11,56.5,196,0,Ample,58.67,Moderate Load,CIQ-0517,USER_UPLOADED_EXCEL_DATA
2026-08-06,20:00-22:00,2,4,Mid,1,Sports_Tournament,123,113,120,1,102.5,118,79,250,31.6,14,Thursday,3,0,1,8,6,0,0,0,0,0,0,0,24.0,0,Clear,1.0,5,51.3,130,Severe,Central Cafeteria,Meals,Standard,137,78.3,124,118,6,4.8,0,Balanced,69,56.5,196,0,Ample,61.19,Moderate Load,CIQ-0518,USER_UPLOADED_EXCEL_DATA
2026-08-07,08:00-10:00,2,3,Mid,0,,47,20,120,0,39.2,49,34,250,13.6,14,Friday,4,0,1,8,6,0,0,0,0,0,0,0,24.0,0,Clear,1.0,5,51.3,130,Low,Central Cafeteria,Meals,Standard,118,78.3,51,49,2,3.9,0,Balanced,79,56.5,196,0,Ample,27.88,Low Activity,CIQ-0519,USER_UPLOADED_EXCEL_DATA
2026-08-07,10:00-12:00,2,3,Mid,0,,19,47,120,0,15.8,63,32,250,12.8,14,Friday,4,0,1,8,6,0,0,0,0,0,0,0,24.0,0,Clear,1.0,5,51.3,130,Low,Central Cafeteria,Meals,Standard,49,78.3,66,63,3,4.5,0,Balanced,34,56.5,196,0,Ample,20.62,Low Activity,CIQ-0520,USER_UPLOADED_EXCEL_DATA
2026-08-07,12:00-14:00,2,3,Mid,0,,19,19,120,0,15.8,148,38,250,15.2,14,Friday,4,0,1,8,6,0,0,0,0,0,0,0,24.0,0,Clear,1.0,5,51.3,130,Low,Central Cafeteria,Meals,Standard,63,78.3,155,148,7,4.5,0,Balanced,32,56.5,196,0,Ample,28.42,Low Activity,CIQ-0521,USER_UPLOADED_EXCEL_DATA
2026-08-07,14:00-16:00,2,3,Mid,0,,21,19,120,0,17.5,51,55,250,22.0,14,Friday,4,0,1,8,6,0,0,0,0,0,0,0,24.0,0,Clear,1.0,5,51.3,130,Low,Central Cafeteria,Meals,Standard,148,78.3,54,51,3,5.6,0,Balanced,38,56.5,196,0,Ample,22.98,Low Activity,CIQ-0522,USER_UPLOADED_EXCEL_DATA
2026-08-07,16:00-18:00,2,3,Mid,0,,80,21,120,0,66.7,68,20,250,8.0,14,Friday,4,0,1,8,6,0,0,0,0,0,0,0,24.0,0,Clear,1.0,5,51.3,130,Moderate,Central Cafeteria,Meals,Standard,51,78.3,71,68,3,4.2,0,Balanced,55,56.5,196,0,Ample,37.41,Low Activity,CIQ-0523,USER_UPLOADED_EXCEL_DATA
2026-08-07,18:00-20:00,2,3,Mid,0,,87,80,120,0,72.5,113,67,250,26.8,14,Friday,4,0,1,8,6,0,0,0,0,0,0,0,24.0,0,Clear,1.0,5,51.3,130,Moderate,Central Cafeteria,Meals,Standard,68,78.3,119,113,6,5.0,0,Balanced,20,56.5,196,0,Ample,48.83,Moderate Load,CIQ-0524,USER_UPLOADED_EXCEL_DATA
2026-08-07,20:00-22:00,2,3,Mid,0,,71,87,120,0,59.2,112,73,250,29.2,14,Friday,4,0,1,8,6,0,0,0,0,0,0,0,24.0,0,Clear,1.0,5,51.3,130,Low,Central Cafeteria,Meals,Standard,113,78.3,118,112,6,5.1,0,Balanced,67,56.5,196,0,Ample,44.81,Low Activity,CIQ-0525,USER_UPLOADED_EXCEL_DATA
2026-08-08,08:00-10:00,2,4,Mid,0,,56,20,120,0,46.7,27,35,250,14.0,14,Saturday,5,1,1,8,6,0,0,0,0,0,0,0,24.0,0,Clear,1.0,5,51.3,130,Low,Central Cafeteria,Meals,Standard,112,78.3,28,27,1,3.6,0,Balanced,73,56.5,196,0,Ample,28.8,Low Activity,CIQ-0526,USER_UPLOADED_EXCEL_DATA
2026-08-08,10:00-12:00,2,4,Mid,0,,36,56,120,0,30.0,46,36,250,14.4,14,Saturday,5,1,1,8,6,0,0,0,0,0,0,0,24.0,0,Clear,1.0,5,51.3,130,Low,Central Cafeteria,Meals,Standard,27,78.3,48,46,2,4.2,0,Balanced,35,56.5,196,0,Ample,24.65,Low Activity,CIQ-0527,USER_UPLOADED_EXCEL_DATA
2026-08-08,12:00-14:00,2,4,Mid,0,,43,36,120,0,35.8,112,20,250,8.0,14,Saturday,5,1,1,8,6,0,0,0,0,0,0,0,24.0,0,Clear,1.0,5,51.3,130,Low,Central Cafeteria,Meals,Standard,46,78.3,118,112,6,5.1,0,Balanced,36,56.5,196,0,Ample,30.26,Low Activity,CIQ-0528,USER_UPLOADED_EXCEL_DATA
2026-08-08,14:00-16:00,2,4,Mid,0,,36,43,120,0,30.0,24,27,250,10.8,14,Saturday,5,1,1,8,6,0,0,0,0,0,0,0,24.0,0,Clear,1.0,5,51.3,130,Low,Central Cafeteria,Meals,Standard,112,78.3,25,24,1,4.0,0,Balanced,20,56.5,196,0,Ample,21.74,Low Activity,CIQ-0529,USER_UPLOADED_EXCEL_DATA
2026-08-08,16:00-18:00,2,4,Mid,0,,92,36,120,0,76.7,47,34,250,13.6,14,Saturday,5,1,1,8,6,0,0,0,0,0,0,0,24.0,0,Clear,1.0,5,51.3,130,Moderate,Central Cafeteria,Meals,Standard,24,78.3,49,47,2,4.1,0,Balanced,27,56.5,196,0,Ample,40.84,Low Activity,CIQ-0530,USER_UPLOADED_EXCEL_DATA
2026-08-08,18:00-20:00,2,4,Mid,0,,105,92,120,1,87.5,94,94,250,37.6,14,Saturday,5,1,1,8,6,0,0,0,0,0,0,0,24.0,0,Clear,1.0,5,51.3,130,High,Central Cafeteria,Meals,Standard,47,78.3,99,94,5,5.1,0,Balanced,34,56.5,196,0,Ample,55.74,Moderate Load,CIQ-0531,USER_UPLOADED_EXCEL_DATA
2026-08-08,20:00-22:00,2,4,Mid,0,,90,105,120,0,75.0,112,69,250,27.6,14,Saturday,5,1,1,8,6,0,0,0,0,0,0,0,24.0,0,Clear,1.0,5,51.3,130,Moderate,Central Cafeteria,Meals,Standard,94,78.3,118,112,6,5.1,0,Balanced,94,56.5,196,0,Ample,49.86,Moderate Load,CIQ-0532,USER_UPLOADED_EXCEL_DATA
2026-08-09,08:00-10:00,2,4,Mid,0,,60,20,120,0,50.0,46,17,250,6.8,14,Sunday,6,1,1,8,6,0,0,0,0,0,0,0,24.0,0,Clear,1.0,5,51.3,130,Low,Central Cafeteria,Meals,Standard,112,78.3,48,46,2,4.2,0,Balanced,69,56.5,196,0,Ample,29.37,Low Activity,CIQ-0533,USER_UPLOADED_EXCEL_DATA
2026-08-09,10:00-12:00,2,4,Mid,0,,40,60,120,0,33.3,37,50,250,20.0,14,Sunday,6,1,1,8,6,0,0,0,0,0,0,0,24.0,0,Clear,1.0,5,51.3,130,Low,Central Cafeteria,Meals,Standard,46,78.3,39,37,2,5.1,0,Balanced,17,56.5,196,0,Ample,26.74,Low Activity,CIQ-0534,USER_UPLOADED_EXCEL_DATA
2026-08-09,12:00-14:00,2,4,Mid,0,,26,40,120,0,21.7,126,26,250,10.4,14,Sunday,6,1,1,8,6,0,0,0,0,0,0,0,24.0,0,Clear,1.0,5,51.3,130,Low,Central Cafeteria,Meals,Standard,37,78.3,132,126,6,4.5,0,Balanced,50,56.5,196,0,Ample,27.22,Low Activity,CIQ-0535,USER_UPLOADED_EXCEL_DATA
2026-08-09,14:00-16:00,2,4,Mid,0,,35,26,120,0,29.2,18,32,250,12.8,14,Sunday,6,1,1,8,6,0,0,0,0,0,0,0,24.0,0,Clear,1.0,5,51.3,130,Low,Central Cafeteria,Meals,Standard,126,78.3,19,18,1,5.3,0,Balanced,26,56.5,196,0,Ample,21.56,Low Activity,CIQ-0536,USER_UPLOADED_EXCEL_DATA
2026-08-09,16:00-18:00,2,4,Mid,0,,87,35,120,0,72.5,36,23,250,9.2,14,Sunday,6,1,1,8,6,0,0,0,0,0,0,0,24.0,0,Clear,1.0,5,51.3,130,Moderate,Central Cafeteria,Meals,Standard,18,78.3,38,36,2,5.3,0,Balanced,32,56.5,196,0,Ample,37.14,Low Activity,CIQ-0537,USER_UPLOADED_EXCEL_DATA
2026-08-09,18:00-20:00,2,4,Mid,0,,92,87,120,0,76.7,104,78,250,31.2,14,Sunday,6,1,1,8,6,0,0,0,0,0,0,0,24.0,0,Clear,1.0,5,51.3,130,Moderate,Central Cafeteria,Meals,Standard,36,78.3,109,104,5,4.6,0,Balanced,23,56.5,196,0,Ample,50.87,Moderate Load,CIQ-0538,USER_UPLOADED_EXCEL_DATA
2026-08-09,20:00-22:00,2,4,Mid,0,,78,92,120,0,65.0,99,81,250,32.4,14,Sunday,6,1,1,8,6,0,0,0,0,0,0,0,24.0,0,Clear,1.0,5,51.3,130,Moderate,Central Cafeteria,Meals,Standard,104,78.3,104,99,5,4.8,0,Balanced,78,56.5,196,0,Ample,46.72,Moderate Load,CIQ-0539,USER_UPLOADED_EXCEL_DATA
2026-08-10,08:00-10:00,2,3,Mid,0,,36,20,120,0,30.0,51,20,250,8.0,14,Monday,0,0,1,8,6,0,0,0,0,0,0,0,24.0,0,Clear,1.0,5,51.3,130,Low,Central Cafeteria,Meals,Standard,99,78.3,54,51,3,5.6,0,Balanced,81,56.5,196,0,Ample,23.15,Low Activity,CIQ-0540,USER_UPLOADED_EXCEL_DATA
2026-08-10,10:00-12:00,2,3,Mid,0,,14,36,120,0,11.7,37,23,250,9.2,14,Monday,0,0,1,8,6,0,0,0,0,0,0,0,24.0,0,Clear,1.0,5,51.3,130,Low,Central Cafeteria,Meals,Standard,51,78.3,39,37,2,5.1,0,Balanced,20,56.5,196,0,Ample,15.94,Low Activity,CIQ-0541,USER_UPLOADED_EXCEL_DATA
2026-08-10,12:00-14:00,2,3,Mid,1,,19,14,120,0,15.8,187,52,250,20.8,14,Monday,0,0,1,8,6,0,0,0,0,0,0,0,24.0,0,Clear,1.0,5,51.3,130,Low,Central Cafeteria,Meals,Standard,37,78.3,196,187,9,4.6,0,Balanced,23,56.5,196,0,Ample,33.35,Low Activity,CIQ-0542,USER_UPLOADED_EXCEL_DATA
2026-08-10,14:00-16:00,2,3,Mid,0,,17,19,120,0,14.2,33,54,250,21.6,14,Monday,0,0,1,8,6,0,0,0,0,0,0,0,24.0,0,Clear,1.0,5,51.3,130,Low,Central Cafeteria,Meals,Standard,187,78.3,35,33,2,5.7,0,Balanced,52,56.5,196,0,Ample,20.2,Low Activity,CIQ-0543,USER_UPLOADED_EXCEL_DATA
2026-08-10,16:00-18:00,2,3,Mid,0,,75,17,120,0,62.5,54,20,250,8.0,14,Monday,0,0,1,8,6,0,0,0,0,0,0,0,24.0,0,Clear,1.0,5,51.3,130,Moderate,Central Cafeteria,Meals,Standard,33,78.3,57,54,3,5.3,0,Balanced,54,56.5,196,0,Ample,34.78,Low Activity,CIQ-0544,USER_UPLOADED_EXCEL_DATA
2026-08-10,18:00-20:00,2,3,Mid,0,,85,75,120,0,70.8,102,70,250,28.0,14,Monday,0,0,1,8,6,0,0,0,0,0,0,0,24.0,0,Clear,1.0,5,51.3,130,Moderate,Central Cafeteria,Meals,Standard,54,78.3,107,102,5,4.7,0,Balanced,20,56.5,196,0,Ample,47.68,Moderate Load,CIQ-0545,USER_UPLOADED_EXCEL_DATA
2026-08-10,20:00-22:00,2,3,Mid,0,,69,85,120,0,57.5,106,79,250,31.6,14,Monday,0,0,1,8,6,0,0,0,0,0,0,0,24.0,0,Clear,1.0,5,51.3,130,Low,Central Cafeteria,Meals,Standard,102,78.3,111,106,5,4.5,0,Balanced,70,56.5,196,0,Ample,44.44,Low Activity,CIQ-0546,USER_UPLOADED_EXCEL_DATA
2026-08-11,08:00-10:00,2,2,Mid,0,,48,20,120,0,40.0,45,34,250,13.6,14,Tuesday,1,0,1,8,6,0,0,0,0,0,0,0,24.0,0,Clear,1.0,5,51.3,130,Low,Central Cafeteria,Meals,Standard,106,78.3,47,45,2,4.3,0,Balanced,79,56.5,196,0,Ample,27.83,Low Activity,CIQ-0547,USER_UPLOADED_EXCEL_DATA
2026-08-11,10:00-12:00,2,2,Mid,0,,26,48,120,0,21.7,18,17,250,6.8,14,Tuesday,1,0,1,8,6,0,0,0,0,0,0,0,24.0,0,Clear,1.0,5,51.3,130,Low,Central Cafeteria,Meals,Standard,45,78.3,19,18,1,5.3,0,Balanced,34,56.5,196,0,Ample,17.13,Low Activity,CIQ-0548,USER_UPLOADED_EXCEL_DATA
2026-08-11,12:00-14:00,2,2,Mid,0,,23,26,120,0,19.2,131,54,250,21.6,14,Tuesday,1,0,1,8,6,0,0,0,0,0,0,0,24.0,0,Clear,1.0,5,51.3,130,Low,Central Cafeteria,Meals,Standard,18,78.3,138,131,7,5.1,0,Balanced,17,56.5,196,0,Ample,30.12,Low Activity,CIQ-0549,USER_UPLOADED_EXCEL_DATA
2026-08-11,14:00-16:00,2,2,Mid,0,,18,23,120,0,15.0,39,45,250,18.0,14,Tuesday,1,0,1,8,6,0,0,0,0,0,0,0,24.0,0,Clear,1.0,5,51.3,130,Low,Central Cafeteria,Meals,Standard,131,78.3,41,39,2,4.9,0,Balanced,54,56.5,196,0,Ample,19.9,Low Activity,CIQ-0550,USER_UPLOADED_EXCEL_DATA
2026-08-11,16:00-18:00,2,2,Mid,0,,79,18,120,0,65.8,42,41,250,16.4,14,Tuesday,1,0,1,8,6,0,0,0,0,0,0,0,24.0,0,Clear,1.0,5,51.3,130,Moderate,Central Cafeteria,Meals,Standard,39,78.3,44,42,2,4.5,0,Balanced,45,56.5,196,0,Ample,37.45,Low Activity,CIQ-0551,USER_UPLOADED_EXCEL_DATA
2026-08-11,18:00-20:00,2,2,Mid,0,,97,79,120,1,80.8,133,68,250,27.2,14,Tuesday,1,0,1,8,6,0,0,0,0,0,0,0,24.0,0,Clear,1.0,5,51.3,130,High,Central Cafeteria,Meals,Standard,42,78.3,140,133,7,5.0,0,Balanced,41,56.5,196,0,Ample,53.52,Moderate Load,CIQ-0552,USER_UPLOADED_EXCEL_DATA
2026-08-11,20:00-22:00,2,2,Mid,0,,66,97,120,0,55.0,88,69,250,27.6,14,Tuesday,1,0,1,8,6,0,0,0,0,0,0,0,24.0,0,Clear,1.0,5,51.3,130,Low,Central Cafeteria,Meals,Standard,133,78.3,92,88,4,4.3,0,Balanced,68,56.5,196,0,Ample,40.86,Low Activity,CIQ-0553,USER_UPLOADED_EXCEL_DATA
2026-08-12,08:00-10:00,2,3,Mid,0,,35,20,120,0,29.2,49,28,250,11.2,14,Wednesday,2,0,1,8,6,0,0,0,0,0,0,0,24.0,0,Clear,1.0,5,51.3,130,Low,Central Cafeteria,Meals,Standard,88,78.3,51,49,2,3.9,0,Balanced,69,56.5,196,0,Ample,23.66,Low Activity,CIQ-0554,USER_UPLOADED_EXCEL_DATA
2026-08-12,10:00-12:00,2,3,Mid,0,,21,35,120,0,17.5,44,28,250,11.2,14,Wednesday,2,0,1,8,6,0,0,0,0,0,0,0,24.0,0,Clear,1.0,5,51.3,130,Low,Central Cafeteria,Meals,Standard,49,78.3,46,44,2,4.3,0,Balanced,28,56.5,196,0,Ample,19.15,Low Activity,CIQ-0555,USER_UPLOADED_EXCEL_DATA
2026-08-12,12:00-14:00,2,3,Mid,0,,20,21,120,0,16.7,146,39,250,15.6,14,Wednesday,2,0,1,8,6,0,0,0,0,0,0,0,24.0,0,Clear,1.0,5,51.3,130,Low,Central Cafeteria,Meals,Standard,44,78.3,153,146,7,4.6,0,Balanced,28,56.5,196,0,Ample,28.69,Low Activity,CIQ-0556,USER_UPLOADED_EXCEL_DATA
2026-08-12,14:00-16:00,2,3,Mid,0,,18,20,120,0,15.0,47,52,250,20.8,14,Wednesday,2,0,1,8,6,0,0,0,0,0,0,0,24.0,0,Clear,1.0,5,51.3,130,Low,Central Cafeteria,Meals,Standard,146,78.3,49,47,2,4.1,0,Balanced,39,56.5,196,0,Ample,21.41,Low Activity,CIQ-0557,USER_UPLOADED_EXCEL_DATA
2026-08-12,16:00-18:00,2,3,Mid,0,,74,18,120,0,61.7,56,40,250,16.0,14,Wednesday,2,0,1,8,6,0,0,0,0,0,0,0,24.0,0,Clear,1.0,5,51.3,130,Moderate,Central Cafeteria,Meals,Standard,47,78.3,59,56,3,5.1,0,Balanced,52,56.5,196,0,Ample,37.06,Low Activity,CIQ-0558,USER_UPLOADED_EXCEL_DATA
2026-08-12,18:00-20:00,2,3,Mid,0,,84,74,120,0,70.0,124,67,250,26.8,14,Wednesday,2,0,1,8,6,0,0,0,0,0,0,0,24.0,0,Clear,1.0,5,51.3,130,Moderate,Central Cafeteria,Meals,Standard,56,78.3,130,124,6,4.6,0,Balanced,40,56.5,196,0,Ample,48.87,Moderate Load,CIQ-0559,USER_UPLOADED_EXCEL_DATA
2026-08-12,20:00-22:00,2,3,Mid,0,,78,84,120,0,65.0,116,64,250,25.6,14,Wednesday,2,0,1,8,6,0,0,0,0,0,0,0,24.0,0,Clear,1.0,5,51.3,130,Moderate,Central Cafeteria,Meals,Standard,124,78.3,122,116,6,4.9,0,Balanced,67,56.5,196,0,Ample,46.1,Moderate Load,CIQ-0560,USER_UPLOADED_EXCEL_DATA
2026-08-13,08:00-10:00,2,2,Mid,0,,41,20,120,0,34.2,57,28,250,11.2,14,Thursday,3,0,1,8,6,0,0,0,0,0,0,0,24.0,0,Clear,1.0,5,51.3,130,Low,Central Cafeteria,Meals,Standard,116,78.3,60,57,3,5.0,0,Balanced,64,56.5,196,0,Ample,26.08,Low Activity,CIQ-0561,USER_UPLOADED_EXCEL_DATA
2026-08-13,10:00-12:00,2,2,Mid,0,,20,41,120,0,16.7,45,15,250,6.0,14,Thursday,3,0,1,8,6,0,0,0,0,0,0,0,24.0,0,Clear,1.0,5,51.3,130,Low,Central Cafeteria,Meals,Standard,57,78.3,47,45,2,4.3,0,Balanced,28,56.5,196,0,Ample,17.4,Low Activity,CIQ-0562,USER_UPLOADED_EXCEL_DATA
2026-08-13,12:00-14:00,2,2,Mid,0,,17,20,120,0,14.2,147,50,250,20.0,14,Thursday,3,0,1,8,6,0,0,0,0,0,0,0,24.0,0,Clear,1.0,5,51.3,130,Low,Central Cafeteria,Meals,Standard,45,78.3,154,147,7,4.5,0,Balanced,15,56.5,196,0,Ample,29.22,Low Activity,CIQ-0563,USER_UPLOADED_EXCEL_DATA
2026-08-13,14:00-16:00,2,2,Mid,0,,23,17,120,0,19.2,38,43,250,17.2,14,Thursday,3,0,1,8,6,0,0,0,0,0,0,0,24.0,0,Clear,1.0,5,51.3,130,Low,Central Cafeteria,Meals,Standard,147,78.3,40,38,2,5.0,0,Balanced,50,56.5,196,0,Ample,21.05,Low Activity,CIQ-0564,USER_UPLOADED_EXCEL_DATA
2026-08-13,16:00-18:00,2,2,Mid,1,Sports_Tournament,114,23,120,1,95.0,81,26,250,10.4,14,Thursday,3,0,1,8,6,0,0,0,0,0,0,0,24.0,0,Clear,1.0,5,51.3,130,Severe,Central Cafeteria,Meals,Standard,38,78.3,85,81,4,4.7,0,Balanced,43,56.5,196,0,Ample,49.12,Moderate Load,CIQ-0565,USER_UPLOADED_EXCEL_DATA
2026-08-13,18:00-20:00,2,2,Mid,0,,97,114,120,1,80.8,99,71,250,28.4,14,Thursday,3,0,1,8,6,0,0,0,0,0,0,0,24.0,0,Clear,1.0,5,51.3,130,High,Central Cafeteria,Meals,Standard,81,78.3,104,99,5,4.8,0,Balanced,26,56.5,196,0,Ample,51.05,Moderate Load,CIQ-0566,USER_UPLOADED_EXCEL_DATA
2026-08-13,20:00-22:00,2,2,Mid,0,,77,97,120,0,64.2,101,75,250,30.0,14,Thursday,3,0,1,8,6,0,0,0,0,0,0,0,24.0,0,Clear,1.0,5,51.3,130,Moderate,Central Cafeteria,Meals,Standard,99,78.3,106,101,5,4.7,0,Balanced,71,56.5,196,0,Ample,45.89,Moderate Load,CIQ-0567,USER_UPLOADED_EXCEL_DATA
2026-08-14,08:00-10:00,2,3,Mid,0,,41,20,120,0,34.2,49,42,250,16.8,14,Friday,4,0,1,8,6,0,0,0,0,0,0,0,24.0,0,Clear,1.0,5,51.3,130,Low,Central Cafeteria,Meals,Standard,101,78.3,51,49,2,3.9,0,Balanced,75,56.5,196,0,Ample,27.09,Low Activity,CIQ-0568,USER_UPLOADED_EXCEL_DATA
2026-08-14,10:00-12:00,2,3,Mid,0,,26,41,120,0,21.7,33,38,250,15.2,14,Friday,4,0,1,8,6,0,0,0,0,0,0,0,24.0,0,Clear,1.0,5,51.3,130,Low,Central Cafeteria,Meals,Standard,49,78.3,35,33,2,5.7,0,Balanced,42,56.5,196,0,Ample,20.9,Low Activity,CIQ-0569,USER_UPLOADED_EXCEL_DATA
2026-08-14,12:00-14:00,2,3,Mid,0,,21,26,120,0,17.5,132,48,250,19.2,14,Friday,4,0,1,8,6,0,0,0,0,0,0,0,24.0,0,Clear,1.0,5,51.3,130,Low,Central Cafeteria,Meals,Standard,33,78.3,139,132,7,5.0,0,Balanced,38,56.5,196,0,Ample,28.88,Low Activity,CIQ-0570,USER_UPLOADED_EXCEL_DATA
2026-08-14,14:00-16:00,2,3,Mid,0,,25,21,120,0,20.8,31,44,250,17.6,14,Friday,4,0,1,8,6,0,0,0,0,0,0,0,24.0,0,Clear,1.0,5,51.3,130,Low,Central Cafeteria,Meals,Standard,132,78.3,33,31,2,6.1,0,Balanced,48,56.5,196,0,Ample,21.14,Low Activity,CIQ-0571,USER_UPLOADED_EXCEL_DATA
2026-08-14,16:00-18:00,2,3,Mid,0,,85,25,120,0,70.8,46,39,250,15.6,14,Friday,4,0,1,8,6,0,0,0,0,0,0,0,24.0,0,Clear,1.0,5,51.3,130,Moderate,Central Cafeteria,Meals,Standard,31,78.3,48,46,2,4.2,0,Balanced,44,56.5,196,0,Ample,39.29,Low Activity,CIQ-0572,USER_UPLOADED_EXCEL_DATA
2026-08-14,18:00-20:00,2,3,Mid,0,,89,85,120,0,74.2,114,61,250,24.4,14,Friday,4,0,1,8,6,0,0,0,0,0,0,0,24.0,0,Clear,1.0,5,51.3,130,Moderate,Central Cafeteria,Meals,Standard,46,78.3,120,114,6,5.0,0,Balanced,39,56.5,196,0,Ample,48.79,Moderate Load,CIQ-0573,USER_UPLOADED_EXCEL_DATA
2026-08-14,20:00-22:00,2,3,Mid,1,Sports_Tournament,105,89,120,1,87.5,140,74,250,29.6,14,Friday,4,0,1,8,6,0,0,0,0,0,0,0,24.0,0,Clear,1.0,5,51.3,130,High,Central Cafeteria,Meals,Standard,114,78.3,147,140,7,4.8,0,Balanced,61,56.5,196,0,Ample,57.17,Moderate Load,CIQ-0574,USER_UPLOADED_EXCEL_DATA
2026-08-15,08:00-10:00,2,3,Mid,0,,50,20,120,0,41.7,38,10,250,4.0,14,Saturday,5,1,1,8,6,0,0,0,0,0,0,0,24.0,0,Clear,1.0,5,51.3,130,Low,Central Cafeteria,Meals,Standard,140,78.3,40,38,2,5.0,0,Balanced,74,56.5,196,0,Ample,24.96,Low Activity,CIQ-0575,USER_UPLOADED_EXCEL_DATA
2026-08-15,10:00-12:00,2,3,Mid,0,,32,50,120,0,26.7,43,12,250,4.8,14,Saturday,5,1,1,8,6,0,0,0,0,0,0,0,24.0,0,Clear,1.0,5,51.3,130,Low,Central Cafeteria,Meals,Standard,38,78.3,45,43,2,4.4,0,Balanced,10,56.5,196,0,Ample,20.37,Low Activity,CIQ-0576,USER_UPLOADED_EXCEL_DATA
2026-08-15,12:00-14:00,2,3,Mid,1,,37,32,120,0,30.8,140,19,250,7.6,14,Saturday,5,1,1,8,6,0,0,0,0,0,0,0,24.0,0,Clear,1.0,5,51.3,130,Low,Central Cafeteria,Meals,Standard,43,78.3,147,140,7,4.8,0,Balanced,12,56.5,196,0,Ample,30.73,Low Activity,CIQ-0577,USER_UPLOADED_EXCEL_DATA
2026-08-15,14:00-16:00,2,3,Mid,0,,29,37,120,0,24.2,53,20,250,8.0,14,Saturday,5,1,1,8,6,0,0,0,0,0,0,0,24.0,0,Clear,1.0,5,51.3,130,Low,Central Cafeteria,Meals,Standard,140,78.3,56,53,3,5.4,0,Balanced,19,56.5,196,0,Ample,21.29,Low Activity,CIQ-0578,USER_UPLOADED_EXCEL_DATA
2026-08-15,16:00-18:00,2,3,Mid,0,,90,29,120,0,75.0,34,23,250,9.2,14,Saturday,5,1,1,8,6,0,0,0,0,0,0,0,24.0,0,Clear,1.0,5,51.3,130,Moderate,Central Cafeteria,Meals,Standard,53,78.3,36,34,2,5.6,0,Balanced,20,56.5,196,0,Ample,37.84,Low Activity,CIQ-0579,USER_UPLOADED_EXCEL_DATA
2026-08-15,18:00-20:00,2,3,Mid,0,,98,90,120,1,81.7,123,60,250,24.0,14,Saturday,5,1,1,8,6,0,0,0,0,0,0,0,24.0,0,Clear,1.0,5,51.3,130,High,Central Cafeteria,Meals,Standard,34,78.3,129,123,6,4.7,0,Balanced,23,56.5,196,0,Ample,52.04,Moderate Load,CIQ-0580,USER_UPLOADED_EXCEL_DATA
2026-08-15,20:00-22:00,2,3,Mid,0,,81,98,120,0,67.5,104,59,250,23.6,14,Saturday,5,1,1,8,6,0,0,0,0,0,0,0,24.0,0,Clear,1.0,5,51.3,130,Moderate,Central Cafeteria,Meals,Standard,123,78.3,109,104,5,4.6,0,Balanced,60,56.5,196,0,Ample,45.37,Moderate Load,CIQ-0581,USER_UPLOADED_EXCEL_DATA
2026-08-16,08:00-10:00,2,2,Mid,0,,45,20,120,0,37.5,23,41,250,16.4,14,Sunday,6,1,1,8,6,0,0,0,0,0,0,0,24.0,0,Clear,1.0,5,51.3,130,Low,Central Cafeteria,Meals,Standard,104,78.3,24,23,1,4.2,0,Balanced,59,56.5,196,0,Ample,25.96,Low Activity,CIQ-0582,USER_UPLOADED_EXCEL_DATA
2026-08-16,10:00-12:00,2,2,Mid,0,,35,45,120,0,29.2,45,33,250,13.2,14,Sunday,6,1,1,8,6,0,0,0,0,0,0,0,24.0,0,Clear,1.0,5,51.3,130,Low,Central Cafeteria,Meals,Standard,23,78.3,47,45,2,4.3,0,Balanced,41,56.5,196,0,Ample,23.93,Low Activity,CIQ-0583,USER_UPLOADED_EXCEL_DATA
2026-08-16,12:00-14:00,2,2,Mid,0,,35,35,120,0,29.2,133,29,250,11.6,14,Sunday,6,1,1,8,6,0,0,0,0,0,0,0,24.0,0,Clear,1.0,5,51.3,130,Low,Central Cafeteria,Meals,Standard,45,78.3,140,133,7,5.0,0,Balanced,33,56.5,196,0,Ample,30.78,Low Activity,CIQ-0584,USER_UPLOADED_EXCEL_DATA
2026-08-16,14:00-16:00,2,2,Mid,0,,41,35,120,0,34.2,41,24,250,9.6,14,Sunday,6,1,1,8,6,0,0,0,0,0,0,0,24.0,0,Clear,1.0,5,51.3,130,Low,Central Cafeteria,Meals,Standard,133,78.3,43,41,2,4.7,0,Balanced,29,56.5,196,0,Ample,24.27,Low Activity,CIQ-0585,USER_UPLOADED_EXCEL_DATA
2026-08-16,16:00-18:00,2,2,Mid,0,,93,41,120,0,77.5,52,23,250,9.2,14,Sunday,6,1,1,8,6,0,0,0,0,0,0,0,24.0,0,Clear,1.0,5,51.3,130,Moderate,Central Cafeteria,Meals,Standard,41,78.3,55,52,3,5.5,0,Balanced,24,56.5,196,0,Ample,40.22,Low Activity,CIQ-0586,USER_UPLOADED_EXCEL_DATA
2026-08-16,18:00-20:00,2,2,Mid,0,,99,93,120,1,82.5,111,70,250,28.0,14,Sunday,6,1,1,8,6,0,0,0,0,0,0,0,24.0,0,Clear,1.0,5,51.3,130,High,Central Cafeteria,Meals,Standard,52,78.3,117,111,6,5.1,0,Balanced,23,56.5,196,0,Ample,52.52,Moderate Load,CIQ-0587,USER_UPLOADED_EXCEL_DATA
2026-08-16,20:00-22:00,2,2,Mid,0,,95,99,120,0,79.2,116,71,250,28.4,14,Sunday,6,1,1,8,6,0,0,0,0,0,0,0,24.0,0,Clear,1.0,5,51.3,130,Moderate,Central Cafeteria,Meals,Standard,111,78.3,122,116,6,4.9,0,Balanced,70,56.5,196,0,Ample,51.91,Moderate Load,CIQ-0588,USER_UPLOADED_EXCEL_DATA
2026-08-17,08:00-10:00,2,3,Mid,0,,40,20,120,0,33.3,31,15,250,6.0,14,Monday,0,0,1,8,6,0,0,0,0,0,0,0,24.0,0,Clear,1.0,5,51.3,130,Low,Central Cafeteria,Meals,Standard,116,78.3,33,31,2,6.1,0,Balanced,71,56.5,196,0,Ample,22.04,Low Activity,CIQ-0589,USER_UPLOADED_EXCEL_DATA
2026-08-17,10:00-12:00,2,3,Mid,0,,25,40,120,0,20.8,38,21,250,8.4,14,Monday,0,0,1,8,6,0,0,0,0,0,0,0,24.0,0,Clear,1.0,5,51.3,130,Low,Central Cafeteria,Meals,Standard,31,78.3,40,38,2,5.0,0,Balanced,15,56.5,196,0,Ample,18.97,Low Activity,CIQ-0590,USER_UPLOADED_EXCEL_DATA
2026-08-17,12:00-14:00,2,3,Mid,0,,26,25,120,0,21.7,153,47,250,18.8,14,Monday,0,0,1,8,6,0,0,0,0,0,0,0,24.0,0,Clear,1.0,5,51.3,130,Low,Central Cafeteria,Meals,Standard,38,78.3,161,153,8,5.0,0,Balanced,21,56.5,196,0,Ample,31.98,Low Activity,CIQ-0591,USER_UPLOADED_EXCEL_DATA
2026-08-17,14:00-16:00,2,3,Mid,0,,17,26,120,0,14.2,51,46,250,18.4,14,Monday,0,0,1,8,6,0,0,0,0,0,0,0,24.0,0,Clear,1.0,5,51.3,130,Low,Central Cafeteria,Meals,Standard,153,78.3,54,51,3,5.6,0,Balanced,47,56.5,196,0,Ample,20.74,Low Activity,CIQ-0592,USER_UPLOADED_EXCEL_DATA
2026-08-17,16:00-18:00,2,3,Mid,0,,84,17,120,0,70.0,73,24,250,9.6,14,Monday,0,0,1,8,6,0,0,0,0,0,0,0,24.0,0,Clear,1.0,5,51.3,130,Moderate,Central Cafeteria,Meals,Standard,51,78.3,77,73,4,5.2,0,Balanced,46,56.5,196,0,Ample,39.46,Low Activity,CIQ-0593,USER_UPLOADED_EXCEL_DATA
2026-08-17,18:00-20:00,2,3,Mid,0,,91,84,120,0,75.8,93,78,250,31.2,14,Monday,0,0,1,8,6,0,0,0,0,0,0,0,24.0,0,Clear,1.0,5,51.3,130,Moderate,Central Cafeteria,Meals,Standard,73,78.3,98,93,5,5.1,0,Balanced,24,56.5,196,0,Ample,49.64,Moderate Load,CIQ-0594,USER_UPLOADED_EXCEL_DATA
2026-08-17,20:00-22:00,2,3,Mid,0,,73,91,120,0,60.8,94,66,250,26.4,14,Monday,0,0,1,8,6,0,0,0,0,0,0,0,24.0,0,Clear,1.0,5,51.3,130,Moderate,Central Cafeteria,Meals,Standard,93,78.3,99,94,5,5.1,0,Balanced,78,56.5,196,0,Ample,43.03,Low Activity,CIQ-0595,USER_UPLOADED_EXCEL_DATA
2026-08-18,08:00-10:00,2,4,Mid,0,,51,20,120,0,42.5,40,14,250,5.6,14,Tuesday,1,0,1,8,6,0,0,0,0,0,0,0,24.0,0,Clear,1.0,5,51.3,130,Low,Central Cafeteria,Meals,Standard,94,78.3,42,40,2,4.8,0,Balanced,66,56.5,196,0,Ample,25.89,Low Activity,CIQ-0596,USER_UPLOADED_EXCEL_DATA
2026-08-18,10:00-12:00,2,4,Mid,0,,17,51,120,0,14.2,45,37,250,14.8,14,Tuesday,1,0,1,8,6,0,0,0,0,0,0,0,24.0,0,Clear,1.0,5,51.3,130,Low,Central Cafeteria,Meals,Standard,40,78.3,47,45,2,4.3,0,Balanced,14,56.5,196,0,Ample,19.16,Low Activity,CIQ-0597,USER_UPLOADED_EXCEL_DATA
2026-08-18,12:00-14:00,2,4,Mid,0,,12,17,120,0,10.0,152,39,250,15.6,14,Tuesday,1,0,1,8,6,0,0,0,0,0,0,0,24.0,0,Clear,1.0,5,51.3,130,Low,Central Cafeteria,Meals,Standard,45,78.3,160,152,8,5.0,0,Balanced,37,56.5,196,0,Ample,26.85,Low Activity,CIQ-0598,USER_UPLOADED_EXCEL_DATA
2026-08-18,14:00-16:00,2,4,Mid,0,,18,12,120,0,15.0,45,56,250,22.4,14,Tuesday,1,0,1,8,6,0,0,0,0,0,0,0,24.0,0,Clear,1.0,5,51.3,130,Low,Central Cafeteria,Meals,Standard,152,78.3,47,45,2,4.3,0,Balanced,39,56.5,196,0,Ample,21.72,Low Activity,CIQ-0599,USER_UPLOADED_EXCEL_DATA
2026-08-18,16:00-18:00,2,4,Mid,0,,79,18,120,0,65.8,47,23,250,9.2,14,Tuesday,1,0,1,8,6,0,0,0,0,0,0,0,24.0,0,Clear,1.0,5,51.3,130,Moderate,Central Cafeteria,Meals,Standard,45,78.3,49,47,2,4.1,0,Balanced,56,56.5,196,0,Ample,35.71,Low Activity,CIQ-0600,USER_UPLOADED_EXCEL_DATA
2026-08-18,18:00-20:00,2,4,Mid,0,,96,79,120,1,80.0,115,89,250,35.6,14,Tuesday,1,0,1,8,6,0,0,0,0,0,0,0,24.0,0,Clear,1.0,5,51.3,130,High,Central Cafeteria,Meals,Standard,47,78.3,121,115,6,5.0,0,Balanced,23,56.5,196,0,Ample,54.26,Moderate Load,CIQ-0601,USER_UPLOADED_EXCEL_DATA
2026-08-18,20:00-22:00,2,4,Mid,0,,71,96,120,0,59.2,111,69,250,27.6,14,Tuesday,1,0,1,8,6,0,0,0,0,0,0,0,24.0,0,Clear,1.0,5,51.3,130,Low,Central Cafeteria,Meals,Standard,115,78.3,117,111,6,5.1,0,Balanced,89,56.5,196,0,Ample,44.25,Low Activity,CIQ-0602,USER_UPLOADED_EXCEL_DATA
2026-08-19,08:00-10:00,2,3,Mid,0,,35,20,120,0,29.2,46,28,250,11.2,14,Wednesday,2,0,1,8,6,0,0,0,0,0,0,0,24.0,0,Clear,1.0,5,51.3,130,Low,Central Cafeteria,Meals,Standard,111,78.3,48,46,2,4.2,0,Balanced,69,56.5,196,0,Ample,23.41,Low Activity,CIQ-0603,USER_UPLOADED_EXCEL_DATA
2026-08-19,10:00-12:00,2,3,Mid,0,,22,35,120,0,18.3,33,34,250,13.6,14,Wednesday,2,0,1,8,6,0,0,0,0,0,0,0,24.0,0,Clear,1.0,5,51.3,130,Low,Central Cafeteria,Meals,Standard,46,78.3,35,33,2,5.7,0,Balanced,28,56.5,196,0,Ample,19.24,Low Activity,CIQ-0604,USER_UPLOADED_EXCEL_DATA
2026-08-19,12:00-14:00,2,3,Mid,0,,24,22,120,0,20.0,144,40,250,16.0,14,Wednesday,2,0,1,8,6,0,0,0,0,0,0,0,24.0,0,Clear,1.0,5,51.3,130,Low,Central Cafeteria,Meals,Standard,33,78.3,151,144,7,4.6,0,Balanced,34,56.5,196,0,Ample,29.8,Low Activity,CIQ-0605,USER_UPLOADED_EXCEL_DATA
2026-08-19,14:00-16:00,2,3,Mid,0,,25,24,120,0,20.8,47,45,250,18.0,14,Wednesday,2,0,1,8,6,0,0,0,0,0,0,0,24.0,0,Clear,1.0,5,51.3,130,Low,Central Cafeteria,Meals,Standard,144,78.3,49,47,2,4.1,0,Balanced,40,56.5,196,0,Ample,22.6,Low Activity,CIQ-0606,USER_UPLOADED_EXCEL_DATA
2026-08-19,16:00-18:00,2,3,Mid,0,,74,25,120,0,61.7,59,16,250,6.4,14,Wednesday,2,0,1,8,6,0,0,0,0,0,0,0,24.0,0,Clear,1.0,5,51.3,130,Moderate,Central Cafeteria,Meals,Standard,47,78.3,62,59,3,4.8,0,Balanced,45,56.5,196,0,Ample,34.43,Low Activity,CIQ-0607,USER_UPLOADED_EXCEL_DATA
2026-08-19,18:00-20:00,2,3,Mid,0,,81,74,120,0,67.5,86,67,250,26.8,14,Wednesday,2,0,1,8,6,0,0,0,0,0,0,0,24.0,0,Clear,1.0,5,51.3,130,Moderate,Central Cafeteria,Meals,Standard,59,78.3,90,86,4,4.4,0,Balanced,16,56.5,196,0,Ample,44.83,Low Activity,CIQ-0608,USER_UPLOADED_EXCEL_DATA
2026-08-19,20:00-22:00,2,3,Mid,0,,66,81,120,0,55.0,131,69,250,27.6,14,Wednesday,2,0,1,8,6,0,0,0,0,0,0,0,24.0,0,Clear,1.0,5,51.3,130,Low,Central Cafeteria,Meals,Standard,86,78.3,138,131,7,5.1,0,Balanced,67,56.5,196,0,Ample,44.45,Low Activity,CIQ-0609,USER_UPLOADED_EXCEL_DATA
2026-08-20,08:00-10:00,2,3,Mid,0,,46,20,120,0,38.3,33,15,250,6.0,14,Thursday,3,0,1,8,6,0,0,0,0,0,0,0,24.0,0,Clear,1.0,5,51.3,130,Low,Central Cafeteria,Meals,Standard,131,78.3,35,33,2,5.7,0,Balanced,69,56.5,196,0,Ample,23.96,Low Activity,CIQ-0610,USER_UPLOADED_EXCEL_DATA
2026-08-20,10:00-12:00,2,3,Mid,0,,24,46,120,0,20.0,46,14,250,5.6,14,Thursday,3,0,1,8,6,0,0,0,0,0,0,0,24.0,0,Clear,1.0,5,51.3,130,Low,Central Cafeteria,Meals,Standard,33,78.3,48,46,2,4.2,0,Balanced,15,56.5,196,0,Ample,18.51,Low Activity,CIQ-0611,USER_UPLOADED_EXCEL_DATA
2026-08-20,12:00-14:00,2,3,Mid,1,,19,24,120,0,15.8,159,44,250,17.6,14,Thursday,3,0,1,8,6,0,0,0,0,0,0,0,24.0,0,Clear,1.0,5,51.3,130,Low,Central Cafeteria,Meals,Standard,46,78.3,167,159,8,4.8,0,Balanced,14,56.5,196,0,Ample,30.06,Low Activity,CIQ-0612,USER_UPLOADED_EXCEL_DATA
2026-08-20,14:00-16:00,2,3,Mid,0,,20,19,120,0,16.7,44,55,250,22.0,14,Thursday,3,0,1,8,6,0,0,0,0,0,0,0,24.0,0,Clear,1.0,5,51.3,130,Low,Central Cafeteria,Meals,Standard,159,78.3,46,44,2,4.3,0,Balanced,44,56.5,196,0,Ample,22.11,Low Activity,CIQ-0613,USER_UPLOADED_EXCEL_DATA
2026-08-20,16:00-18:00,2,3,Mid,0,,79,20,120,0,65.8,66,28,250,11.2,14,Thursday,3,0,1,8,6,0,0,0,0,0,0,0,24.0,0,Clear,1.0,5,51.3,130,Moderate,Central Cafeteria,Meals,Standard,44,78.3,69,66,3,4.3,0,Balanced,55,56.5,196,0,Ample,37.89,Low Activity,CIQ-0614,USER_UPLOADED_EXCEL_DATA
2026-08-20,18:00-20:00,2,3,Mid,0,,86,79,120,0,71.7,121,73,250,29.2,14,Thursday,3,0,1,8,6,0,0,0,0,0,0,0,24.0,0,Clear,1.0,5,51.3,130,Moderate,Central Cafeteria,Meals,Standard,66,78.3,127,121,6,4.7,0,Balanced,28,56.5,196,0,Ample,49.94,Moderate Load,CIQ-0615,USER_UPLOADED_EXCEL_DATA
2026-08-20,20:00-22:00,2,3,Mid,0,,67,86,120,0,55.8,115,57,250,22.8,14,Thursday,3,0,1,8,6,0,0,0,0,0,0,0,24.0,0,Clear,1.0,5,51.3,130,Low,Central Cafeteria,Meals,Standard,121,78.3,121,115,6,5.0,0,Balanced,73,56.5,196,0,Ample,41.95,Low Activity,CIQ-0616,USER_UPLOADED_EXCEL_DATA
2026-08-21,08:00-10:00,2,3,Mid,0,,38,20,120,0,31.7,29,28,250,11.2,14,Friday,4,0,1,8,6,0,0,0,0,0,0,0,24.0,0,Clear,1.0,5,51.3,130,Low,Central Cafeteria,Meals,Standard,115,78.3,30,29,1,3.3,0,Balanced,57,56.5,196,0,Ample,22.87,Low Activity,CIQ-0617,USER_UPLOADED_EXCEL_DATA
2026-08-21,10:00-12:00,2,3,Mid,1,,20,38,120,0,16.7,60,36,250,14.4,14,Friday,4,0,1,8,6,0,0,0,0,0,0,0,24.0,0,Clear,1.0,5,51.3,130,Low,Central Cafeteria,Meals,Standard,29,78.3,63,60,3,4.8,0,Balanced,28,56.5,196,0,Ample,21.16,Low Activity,CIQ-0618,USER_UPLOADED_EXCEL_DATA
2026-08-21,12:00-14:00,2,3,Mid,0,,31,20,120,0,25.8,138,43,250,17.2,14,Friday,4,0,1,8,6,0,0,0,0,0,0,0,24.0,0,Clear,1.0,5,51.3,130,Low,Central Cafeteria,Meals,Standard,60,78.3,145,138,7,4.8,0,Balanced,36,56.5,196,0,Ample,31.69,Low Activity,CIQ-0619,USER_UPLOADED_EXCEL_DATA
2026-08-21,14:00-16:00,2,3,Mid,0,,22,31,120,0,18.3,35,50,250,20.0,14,Friday,4,0,1,8,6,0,0,0,0,0,0,0,24.0,0,Clear,1.0,5,51.3,130,Low,Central Cafeteria,Meals,Standard,138,78.3,37,35,2,5.4,0,Balanced,43,56.5,196,0,Ample,21.32,Low Activity,CIQ-0620,USER_UPLOADED_EXCEL_DATA
2026-08-21,16:00-18:00,2,3,Mid,0,,81,22,120,0,67.5,71,26,250,10.4,14,Friday,4,0,1,8,6,0,0,0,0,0,0,0,24.0,0,Clear,1.0,5,51.3,130,Moderate,Central Cafeteria,Meals,Standard,35,78.3,75,71,4,5.3,0,Balanced,50,56.5,196,0,Ample,38.66,Low Activity,CIQ-0621,USER_UPLOADED_EXCEL_DATA
2026-08-21,18:00-20:00,2,3,Mid,0,,91,81,120,0,75.8,116,66,250,26.4,14,Friday,4,0,1,8,6,0,0,0,0,0,0,0,24.0,0,Clear,1.0,5,51.3,130,Moderate,Central Cafeteria,Meals,Standard,71,78.3,122,116,6,4.9,0,Balanced,26,56.5,196,0,Ample,50.12,Moderate Load,CIQ-0622,USER_UPLOADED_EXCEL_DATA
2026-08-21,20:00-22:00,2,3,Mid,0,,61,91,120,0,50.8,108,72,250,28.8,14,Friday,4,0,1,8,6,0,0,0,0,0,0,0,24.0,0,Clear,1.0,5,51.3,130,Low,Central Cafeteria,Meals,Standard,116,78.3,113,108,5,4.4,0,Balanced,66,56.5,196,0,Ample,41.42,Low Activity,CIQ-0623,USER_UPLOADED_EXCEL_DATA
2026-08-22,08:00-10:00,2,4,Mid,0,,58,20,120,0,48.3,15,22,250,8.8,14,Saturday,5,1,1,8,6,0,0,0,0,0,0,0,24.0,0,Clear,1.0,5,51.3,130,Low,Central Cafeteria,Meals,Standard,108,78.3,16,15,1,6.2,0,Balanced,72,56.5,196,0,Ample,26.8,Low Activity,CIQ-0624,USER_UPLOADED_EXCEL_DATA
2026-08-22,10:00-12:00,2,4,Mid,0,,38,58,120,0,31.7,41,41,250,16.4,14,Saturday,5,1,1,8,6,0,0,0,0,0,0,0,24.0,0,Clear,1.0,5,51.3,130,Low,Central Cafeteria,Meals,Standard,15,78.3,43,41,2,4.7,0,Balanced,22,56.5,196,0,Ample,25.43,Low Activity,CIQ-0625,USER_UPLOADED_EXCEL_DATA
2026-08-22,12:00-14:00,2,4,Mid,0,,33,38,120,0,27.5,123,35,250,14.0,14,Saturday,5,1,1,8,6,0,0,0,0,0,0,0,24.0,0,Clear,1.0,5,51.3,130,Low,Central Cafeteria,Meals,Standard,41,78.3,129,123,6,4.7,0,Balanced,41,56.5,196,0,Ample,30.08,Low Activity,CIQ-0626,USER_UPLOADED_EXCEL_DATA
2026-08-22,14:00-16:00,2,4,Mid,0,,26,33,120,0,21.7,41,37,250,14.8,14,Saturday,5,1,1,8,6,0,0,0,0,0,0,0,24.0,0,Clear,1.0,5,51.3,130,Low,Central Cafeteria,Meals,Standard,123,78.3,43,41,2,4.7,0,Balanced,35,56.5,196,0,Ample,21.45,Low Activity,CIQ-0627,USER_UPLOADED_EXCEL_DATA
2026-08-22,16:00-18:00,2,4,Mid,0,,88,26,120,0,73.3,38,35,250,14.0,14,Saturday,5,1,1,8,6,0,0,0,0,0,0,0,24.0,0,Clear,1.0,5,51.3,130,Moderate,Central Cafeteria,Meals,Standard,41,78.3,40,38,2,5.0,0,Balanced,37,56.5,196,0,Ample,39.02,Low Activity,CIQ-0628,USER_UPLOADED_EXCEL_DATA
2026-08-22,18:00-20:00,2,4,Mid,0,,99,88,120,1,82.5,116,63,250,25.2,14,Saturday,5,1,1,8,6,0,0,0,0,0,0,0,24.0,0,Clear,1.0,5,51.3,130,High,Central Cafeteria,Meals,Standard,38,78.3,122,116,6,4.9,0,Balanced,35,56.5,196,0,Ample,52.1,Moderate Load,CIQ-0629,USER_UPLOADED_EXCEL_DATA
2026-08-22,20:00-22:00,2,4,Mid,1,Sports_Tournament,116,99,120,1,96.7,137,82,250,32.8,14,Saturday,5,1,1,8,6,0,0,0,0,0,0,0,24.0,0,Clear,1.0,5,51.3,130,Severe,Central Cafeteria,Meals,Standard,116,78.3,144,137,7,4.9,0,Balanced,63,56.5,196,0,Ample,61.1,Moderate Load,CIQ-0630,USER_UPLOADED_EXCEL_DATA
2026-08-23,08:00-10:00,2,4,Mid,0,,60,20,120,0,50.0,33,24,250,9.6,14,Sunday,6,1,1,8,6,0,0,0,0,0,0,0,24.0,0,Clear,1.0,5,51.3,130,Low,Central Cafeteria,Meals,Standard,137,78.3,35,33,2,5.7,0,Balanced,82,56.5,196,0,Ample,29.13,Low Activity,CIQ-0631,USER_UPLOADED_EXCEL_DATA
2026-08-23,10:00-12:00,2,4,Mid,0,,36,60,120,0,30.0,51,34,250,13.6,14,Sunday,6,1,1,8,6,0,0,0,0,0,0,0,24.0,0,Clear,1.0,5,51.3,130,Low,Central Cafeteria,Meals,Standard,33,78.3,54,51,3,5.6,0,Balanced,24,56.5,196,0,Ample,24.83,Low Activity,CIQ-0632,USER_UPLOADED_EXCEL_DATA
2026-08-23,12:00-14:00,2,4,Mid,0,,26,36,120,0,21.7,112,30,250,12.0,14,Sunday,6,1,1,8,6,0,0,0,0,0,0,0,24.0,0,Clear,1.0,5,51.3,130,Low,Central Cafeteria,Meals,Standard,51,78.3,118,112,6,5.1,0,Balanced,34,56.5,196,0,Ample,26.53,Low Activity,CIQ-0633,USER_UPLOADED_EXCEL_DATA
2026-08-23,14:00-16:00,2,4,Mid,0,,30,26,120,0,25.0,52,13,250,5.2,14,Sunday,6,1,1,8,6,0,0,0,0,0,0,0,24.0,0,Clear,1.0,5,51.3,130,Low,Central Cafeteria,Meals,Standard,112,78.3,55,52,3,5.5,0,Balanced,30,56.5,196,0,Ample,20.64,Low Activity,CIQ-0634,USER_UPLOADED_EXCEL_DATA
2026-08-23,16:00-18:00,2,4,Mid,0,,92,30,120,0,76.7,35,49,250,19.6,14,Sunday,6,1,1,8,6,0,0,0,0,0,0,0,24.0,0,Clear,1.0,5,51.3,130,Moderate,Central Cafeteria,Meals,Standard,52,78.3,37,35,2,5.4,0,Balanced,13,56.5,196,0,Ample,41.64,Low Activity,CIQ-0635,USER_UPLOADED_EXCEL_DATA
2026-08-23,18:00-20:00,2,4,Mid,0,,102,92,120,1,85.0,115,70,250,28.0,14,Sunday,6,1,1,8,6,0,0,0,0,0,0,0,24.0,0,Clear,1.0,5,51.3,130,High,Central Cafeteria,Meals,Standard,35,78.3,121,115,6,5.0,0,Balanced,49,56.5,196,0,Ample,53.73,Moderate Load,CIQ-0636,USER_UPLOADED_EXCEL_DATA
2026-08-23,20:00-22:00,2,4,Mid,0,,87,102,120,0,72.5,110,73,250,29.2,14,Sunday,6,1,1,8,6,0,0,0,0,0,0,0,24.0,0,Clear,1.0,5,51.3,130,Moderate,Central Cafeteria,Meals,Standard,115,78.3,116,110,6,5.2,0,Balanced,70,56.5,196,0,Ample,49.3,Moderate Load,CIQ-0637,USER_UPLOADED_EXCEL_DATA
2026-08-24,08:00-10:00,2,3,Mid,0,,35,20,120,0,29.2,33,22,250,8.8,14,Monday,0,0,1,8,6,0,0,0,0,0,0,0,24.0,0,Clear,1.0,5,51.3,130,Low,Central Cafeteria,Meals,Standard,110,78.3,35,33,2,5.7,0,Balanced,73,56.5,196,0,Ample,21.61,Low Activity,CIQ-0638,USER_UPLOADED_EXCEL_DATA
2026-08-24,10:00-12:00,2,3,Mid,0,,34,35,120,0,28.3,39,32,250,12.8,14,Monday,0,0,1,8,6,0,0,0,0,0,0,0,24.0,0,Clear,1.0,5,51.3,130,Low,Central Cafeteria,Meals,Standard,33,78.3,41,39,2,4.9,0,Balanced,22,56.5,196,0,Ample,22.99,Low Activity,CIQ-0639,USER_UPLOADED_EXCEL_DATA
2026-08-24,12:00-14:00,2,3,Mid,0,,21,34,120,0,17.5,164,51,250,20.4,14,Monday,0,0,1,8,6,0,0,0,0,0,0,0,24.0,0,Clear,1.0,5,51.3,130,Low,Central Cafeteria,Meals,Standard,39,78.3,172,164,8,4.7,0,Balanced,32,56.5,196,0,Ample,31.91,Low Activity,CIQ-0640,USER_UPLOADED_EXCEL_DATA
2026-08-24,14:00-16:00,2,3,Mid,0,,12,21,120,0,10.0,39,25,250,10.0,14,Monday,0,0,1,8,6,0,0,0,0,0,0,0,24.0,0,Clear,1.0,5,51.3,130,Low,Central Cafeteria,Meals,Standard,164,78.3,41,39,2,4.9,0,Balanced,51,56.5,196,0,Ample,15.75,Low Activity,CIQ-0641,USER_UPLOADED_EXCEL_DATA
2026-08-24,16:00-18:00,2,3,Mid,1,Sports_Tournament,115,12,120,1,95.8,84,26,250,10.4,14,Monday,0,0,1,8,6,0,0,0,0,0,0,0,24.0,0,Clear,1.0,5,51.3,130,Severe,Central Cafeteria,Meals,Standard,39,78.3,88,84,4,4.5,0,Balanced,25,56.5,196,0,Ample,49.65,Moderate Load,CIQ-0642,USER_UPLOADED_EXCEL_DATA
2026-08-24,18:00-20:00,2,3,Mid,0,,91,115,120,0,75.8,104,77,250,30.8,14,Monday,0,0,1,8,6,0,0,0,0,0,0,0,24.0,0,Clear,1.0,5,51.3,130,Moderate,Central Cafeteria,Meals,Standard,84,78.3,109,104,5,4.6,0,Balanced,26,56.5,196,0,Ample,50.44,Moderate Load,CIQ-0643,USER_UPLOADED_EXCEL_DATA
2026-08-24,20:00-22:00,2,3,Mid,0,,69,91,120,0,57.5,106,63,250,25.2,14,Monday,0,0,1,8,6,0,0,0,0,0,0,0,24.0,0,Clear,1.0,5,51.3,130,Low,Central Cafeteria,Meals,Standard,104,78.3,111,106,5,4.5,0,Balanced,77,56.5,196,0,Ample,42.52,Low Activity,CIQ-0644,USER_UPLOADED_EXCEL_DATA
2026-08-25,08:00-10:00,2,4,Mid,0,,37,20,120,0,30.8,51,15,250,6.0,14,Tuesday,1,0,1,8,6,0,0,0,0,0,0,0,24.0,0,Clear,1.0,5,51.3,130,Low,Central Cafeteria,Meals,Standard,106,78.3,54,51,3,5.6,0,Balanced,63,56.5,196,0,Ample,22.83,Low Activity,CIQ-0645,USER_UPLOADED_EXCEL_DATA
2026-08-25,10:00-12:00,2,4,Mid,0,,21,37,120,0,17.5,30,48,250,19.2,14,Tuesday,1,0,1,8,6,0,0,0,0,0,0,0,24.0,0,Clear,1.0,5,51.3,130,Low,Central Cafeteria,Meals,Standard,51,78.3,32,30,2,6.2,0,Balanced,15,56.5,196,0,Ample,20.38,Low Activity,CIQ-0646,USER_UPLOADED_EXCEL_DATA
2026-08-25,12:00-14:00,2,4,Mid,1,,20,21,120,0,16.7,153,62,250,24.8,14,Tuesday,1,0,1,8,6,0,0,0,0,0,0,0,24.0,0,Clear,1.0,5,51.3,130,Low,Central Cafeteria,Meals,Standard,30,78.3,161,153,8,5.0,0,Balanced,48,56.5,196,0,Ample,32.03,Low Activity,CIQ-0647,USER_UPLOADED_EXCEL_DATA
2026-08-25,14:00-16:00,2,4,Mid,0,,33,20,120,0,27.5,41,45,250,18.0,14,Tuesday,1,0,1,8,6,0,0,0,0,0,0,0,24.0,0,Clear,1.0,5,51.3,130,Low,Central Cafeteria,Meals,Standard,153,78.3,43,41,2,4.7,0,Balanced,62,56.5,196,0,Ample,24.44,Low Activity,CIQ-0648,USER_UPLOADED_EXCEL_DATA
2026-08-25,16:00-18:00,2,4,Mid,0,,75,33,120,0,62.5,63,35,250,14.0,14,Tuesday,1,0,1,8,6,0,0,0,0,0,0,0,24.0,0,Clear,1.0,5,51.3,130,Moderate,Central Cafeteria,Meals,Standard,41,78.3,66,63,3,4.5,0,Balanced,45,56.5,196,0,Ample,37.33,Low Activity,CIQ-0649,USER_UPLOADED_EXCEL_DATA
2026-08-25,18:00-20:00,2,4,Mid,0,,92,75,120,0,76.7,107,73,250,29.2,14,Tuesday,1,0,1,8,6,0,0,0,0,0,0,0,24.0,0,Clear,1.0,5,51.3,130,Moderate,Central Cafeteria,Meals,Standard,63,78.3,112,107,5,4.5,0,Balanced,35,56.5,196,0,Ample,50.52,Moderate Load,CIQ-0650,USER_UPLOADED_EXCEL_DATA
2026-08-25,20:00-22:00,2,4,Mid,0,,64,92,120,0,53.3,108,72,250,28.8,14,Tuesday,1,0,1,8,6,0,0,0,0,0,0,0,24.0,0,Clear,1.0,5,51.3,130,Low,Central Cafeteria,Meals,Standard,107,78.3,113,108,5,4.4,0,Balanced,73,56.5,196,0,Ample,42.3,Low Activity,CIQ-0651,USER_UPLOADED_EXCEL_DATA
2026-08-26,08:00-10:00,2,3,Mid,0,,34,20,120,0,28.3,27,32,250,12.8,14,Wednesday,2,0,1,8,6,0,0,0,0,0,0,0,24.0,0,Clear,1.0,5,51.3,130,Low,Central Cafeteria,Meals,Standard,108,78.3,28,27,1,3.6,0,Balanced,72,56.5,196,0,Ample,21.99,Low Activity,CIQ-0652,USER_UPLOADED_EXCEL_DATA
2026-08-26,10:00-12:00,2,3,Mid,0,,28,34,120,0,23.3,38,31,250,12.4,14,Wednesday,2,0,1,8,6,0,0,0,0,0,0,0,24.0,0,Clear,1.0,5,51.3,130,Low,Central Cafeteria,Meals,Standard,27,78.3,40,38,2,5.0,0,Balanced,32,56.5,196,0,Ample,21.04,Low Activity,CIQ-0653,USER_UPLOADED_EXCEL_DATA
2026-08-26,12:00-14:00,2,3,Mid,0,,15,28,120,0,12.5,131,50,250,20.0,14,Wednesday,2,0,1,8,6,0,0,0,0,0,0,0,24.0,0,Clear,1.0,5,51.3,130,Low,Central Cafeteria,Meals,Standard,38,78.3,138,131,7,5.1,0,Balanced,31,56.5,196,0,Ample,27.29,Low Activity,CIQ-0654,USER_UPLOADED_EXCEL_DATA
2026-08-26,14:00-16:00,2,3,Mid,0,,19,15,120,0,15.8,51,53,250,21.2,14,Wednesday,2,0,1,8,6,0,0,0,0,0,0,0,24.0,0,Clear,1.0,5,51.3,130,Low,Central Cafeteria,Meals,Standard,131,78.3,54,51,3,5.6,0,Balanced,50,56.5,196,0,Ample,22.14,Low Activity,CIQ-0655,USER_UPLOADED_EXCEL_DATA
2026-08-26,16:00-18:00,2,3,Mid,0,,74,19,120,0,61.7,48,34,250,13.6,14,Wednesday,2,0,1,8,6,0,0,0,0,0,0,0,24.0,0,Clear,1.0,5,51.3,130,Moderate,Central Cafeteria,Meals,Standard,51,78.3,50,48,2,4.0,0,Balanced,53,56.5,196,0,Ample,35.67,Low Activity,CIQ-0656,USER_UPLOADED_EXCEL_DATA
2026-08-26,18:00-20:00,2,3,Mid,0,,92,74,120,0,76.7,107,67,250,26.8,14,Wednesday,2,0,1,8,6,0,0,0,0,0,0,0,24.0,0,Clear,1.0,5,51.3,130,Moderate,Central Cafeteria,Meals,Standard,48,78.3,112,107,5,4.5,0,Balanced,34,56.5,196,0,Ample,49.8,Moderate Load,CIQ-0657,USER_UPLOADED_EXCEL_DATA
2026-08-26,20:00-22:00,2,3,Mid,0,,73,92,120,0,60.8,116,70,250,28.0,14,Wednesday,2,0,1,8,6,0,0,0,0,0,0,0,24.0,0,Clear,1.0,5,51.3,130,Moderate,Central Cafeteria,Meals,Standard,107,78.3,122,116,6,4.9,0,Balanced,67,56.5,196,0,Ample,45.35,Moderate Load,CIQ-0658,USER_UPLOADED_EXCEL_DATA
2026-08-27,08:00-10:00,2,3,Mid,1,,45,20,120,0,37.5,52,36,250,14.4,14,Thursday,3,0,1,8,6,0,0,0,0,0,0,0,24.0,0,Clear,1.0,5,51.3,130,Low,Central Cafeteria,Meals,Standard,116,78.3,55,52,3,5.5,0,Balanced,70,56.5,196,0,Ample,27.78,Low Activity,CIQ-0659,USER_UPLOADED_EXCEL_DATA
2026-08-27,10:00-12:00,2,3,Mid,0,,21,45,120,0,17.5,44,28,250,11.2,14,Thursday,3,0,1,8,6,0,0,0,0,0,0,0,24.0,0,Clear,1.0,5,51.3,130,Low,Central Cafeteria,Meals,Standard,52,78.3,46,44,2,4.3,0,Balanced,36,56.5,196,0,Ample,19.15,Low Activity,CIQ-0660,USER_UPLOADED_EXCEL_DATA
2026-08-27,12:00-14:00,2,3,Mid,0,,24,21,120,0,20.0,160,52,250,20.8,14,Thursday,3,0,1,8,6,0,0,0,0,0,0,0,24.0,0,Clear,1.0,5,51.3,130,Low,Central Cafeteria,Meals,Standard,44,78.3,168,160,8,4.8,0,Balanced,28,56.5,196,0,Ample,32.57,Low Activity,CIQ-0661,USER_UPLOADED_EXCEL_DATA
2026-08-27,14:00-16:00,2,3,Mid,0,,20,24,120,0,16.7,48,64,250,25.6,14,Thursday,3,0,1,8,6,0,0,0,0,0,0,0,24.0,0,Clear,1.0,5,51.3,130,Low,Central Cafeteria,Meals,Standard,160,78.3,50,48,2,4.0,0,Balanced,52,56.5,196,0,Ample,23.52,Low Activity,CIQ-0662,USER_UPLOADED_EXCEL_DATA
2026-08-27,16:00-18:00,2,3,Mid,0,,73,20,120,0,60.8,53,20,250,8.0,14,Thursday,3,0,1,8,6,0,0,0,0,0,0,0,24.0,0,Clear,1.0,5,51.3,130,Moderate,Central Cafeteria,Meals,Standard,48,78.3,56,53,3,5.4,0,Balanced,64,56.5,196,0,Ample,34.1,Low Activity,CIQ-0663,USER_UPLOADED_EXCEL_DATA
2026-08-27,18:00-20:00,2,3,Mid,0,,91,73,120,0,75.8,95,55,250,22.0,14,Thursday,3,0,1,8,6,0,0,0,0,0,0,0,24.0,0,Clear,1.0,5,51.3,130,Moderate,Central Cafeteria,Meals,Standard,53,78.3,100,95,5,5.0,0,Balanced,20,56.5,196,0,Ample,47.05,Moderate Load,CIQ-0664,USER_UPLOADED_EXCEL_DATA
2026-08-27,20:00-22:00,2,3,Mid,0,,74,91,120,0,61.7,113,64,250,25.6,14,Thursday,3,0,1,8,6,0,0,0,0,0,0,0,24.0,0,Clear,1.0,5,51.3,130,Moderate,Central Cafeteria,Meals,Standard,95,78.3,119,113,6,5.0,0,Balanced,55,56.5,196,0,Ample,44.69,Low Activity,CIQ-0665,USER_UPLOADED_EXCEL_DATA
2026-08-28,08:00-10:00,2,2,Mid,0,,37,20,120,0,30.8,36,38,250,15.2,14,Friday,4,0,1,8,6,0,0,0,0,0,0,0,24.0,0,Clear,1.0,5,51.3,130,Low,Central Cafeteria,Meals,Standard,113,78.3,38,36,2,5.3,0,Balanced,64,56.5,196,0,Ample,24.34,Low Activity,CIQ-0666,USER_UPLOADED_EXCEL_DATA
2026-08-28,10:00-12:00,2,2,Mid,0,,22,37,120,0,18.3,27,32,250,12.8,14,Friday,4,0,1,8,6,0,0,0,0,0,0,0,24.0,0,Clear,1.0,5,51.3,130,Low,Central Cafeteria,Meals,Standard,36,78.3,28,27,1,3.6,0,Balanced,38,56.5,196,0,Ample,18.5,Low Activity,CIQ-0667,USER_UPLOADED_EXCEL_DATA
2026-08-28,12:00-14:00,2,2,Mid,0,,19,22,120,0,15.8,148,43,250,17.2,14,Friday,4,0,1,8,6,0,0,0,0,0,0,0,24.0,0,Clear,1.0,5,51.3,130,Low,Central Cafeteria,Meals,Standard,27,78.3,155,148,7,4.5,0,Balanced,32,56.5,196,0,Ample,29.02,Low Activity,CIQ-0668,USER_UPLOADED_EXCEL_DATA
2026-08-28,14:00-16:00,2,2,Mid,0,,21,19,120,0,17.5,16,39,250,15.6,14,Friday,4,0,1,8,6,0,0,0,0,0,0,0,24.0,0,Clear,1.0,5,51.3,130,Low,Central Cafeteria,Meals,Standard,148,78.3,17,16,1,5.9,0,Balanced,43,56.5,196,0,Ample,18.14,Low Activity,CIQ-0669,USER_UPLOADED_EXCEL_DATA
2026-08-28,16:00-18:00,2,2,Mid,0,,76,21,120,0,63.3,55,43,250,17.2,14,Friday,4,0,1,8,6,0,0,0,0,0,0,0,24.0,0,Clear,1.0,5,51.3,130,Moderate,Central Cafeteria,Meals,Standard,16,78.3,58,55,3,5.2,0,Balanced,39,56.5,196,0,Ample,37.9,Low Activity,CIQ-0670,USER_UPLOADED_EXCEL_DATA
2026-08-28,18:00-20:00,2,2,Mid,0,,92,76,120,0,76.7,117,65,250,26.0,14,Friday,4,0,1,8,6,0,0,0,0,0,0,0,24.0,0,Clear,1.0,5,51.3,130,Moderate,Central Cafeteria,Meals,Standard,55,78.3,123,117,6,4.9,0,Balanced,43,56.5,196,0,Ample,50.4,Moderate Load,CIQ-0671,USER_UPLOADED_EXCEL_DATA
2026-08-28,20:00-22:00,2,2,Mid,0,,82,92,120,0,68.3,121,76,250,30.4,14,Friday,4,0,1,8,6,0,0,0,0,0,0,0,24.0,0,Clear,1.0,5,51.3,130,Moderate,Central Cafeteria,Meals,Standard,117,78.3,127,121,6,4.7,0,Balanced,65,56.5,196,0,Ample,49.11,Moderate Load,CIQ-0672,USER_UPLOADED_EXCEL_DATA
2026-08-29,08:00-10:00,2,3,Mid,0,,51,20,120,0,42.5,22,33,250,13.2,14,Saturday,5,1,1,8,6,0,0,0,0,0,0,0,24.0,0,Clear,1.0,5,51.3,130,Low,Central Cafeteria,Meals,Standard,121,78.3,23,22,1,4.3,0,Balanced,76,56.5,196,0,Ample,26.67,Low Activity,CIQ-0673,USER_UPLOADED_EXCEL_DATA
2026-08-29,10:00-12:00,2,3,Mid,0,,36,51,120,0,30.0,40,31,250,12.4,14,Saturday,5,1,1,8,6,0,0,0,0,0,0,0,24.0,0,Clear,1.0,5,51.3,130,Low,Central Cafeteria,Meals,Standard,22,78.3,42,40,2,4.8,0,Balanced,33,56.5,196,0,Ample,23.55,Low Activity,CIQ-0674,USER_UPLOADED_EXCEL_DATA
2026-08-29,12:00-14:00,2,3,Mid,0,,38,36,120,0,31.7,127,29,250,11.6,14,Saturday,5,1,1,8,6,0,0,0,0,0,0,0,24.0,0,Clear,1.0,5,51.3,130,Low,Central Cafeteria,Meals,Standard,40,78.3,133,127,6,4.5,0,Balanced,31,56.5,196,0,Ample,31.16,Low Activity,CIQ-0675,USER_UPLOADED_EXCEL_DATA
2026-08-29,14:00-16:00,2,3,Mid,0,,33,38,120,0,27.5,44,27,250,10.8,14,Saturday,5,1,1,8,6,0,0,0,0,0,0,0,24.0,0,Clear,1.0,5,51.3,130,Low,Central Cafeteria,Meals,Standard,127,78.3,46,44,2,4.3,0,Balanced,29,56.5,196,0,Ample,22.53,Low Activity,CIQ-0676,USER_UPLOADED_EXCEL_DATA
2026-08-29,16:00-18:00,2,3,Mid,0,,89,33,120,0,74.2,23,35,250,14.0,14,Saturday,5,1,1,8,6,0,0,0,0,0,0,0,24.0,0,Clear,1.0,5,51.3,130,Moderate,Central Cafeteria,Meals,Standard,44,78.3,24,23,1,4.2,0,Balanced,27,56.5,196,0,Ample,38.09,Low Activity,CIQ-0677,USER_UPLOADED_EXCEL_DATA
2026-08-29,18:00-20:00,2,3,Mid,0,,104,89,120,1,86.7,103,71,250,28.4,14,Saturday,5,1,1,8,6,0,0,0,0,0,0,0,24.0,0,Clear,1.0,5,51.3,130,High,Central Cafeteria,Meals,Standard,23,78.3,108,103,5,4.6,0,Balanced,35,56.5,196,0,Ample,53.45,Moderate Load,CIQ-0678,USER_UPLOADED_EXCEL_DATA
2026-08-29,20:00-22:00,2,3,Mid,0,,85,104,120,0,70.8,112,71,250,28.4,14,Saturday,5,1,1,8,6,0,0,0,0,0,0,0,24.0,0,Clear,1.0,5,51.3,130,Moderate,Central Cafeteria,Meals,Standard,103,78.3,118,112,6,5.1,0,Balanced,71,56.5,196,0,Ample,48.63,Moderate Load,CIQ-0679,USER_UPLOADED_EXCEL_DATA
2026-08-30,08:00-10:00,2,3,Mid,0,,43,20,120,0,35.8,40,34,250,13.6,14,Sunday,6,1,1,8,6,0,0,0,0,0,0,0,24.0,0,Clear,1.0,5,51.3,130,Low,Central Cafeteria,Meals,Standard,112,78.3,42,40,2,4.8,0,Balanced,71,56.5,196,0,Ample,25.94,Low Activity,CIQ-0680,USER_UPLOADED_EXCEL_DATA
2026-08-30,10:00-12:00,2,3,Mid,0,,36,43,120,0,30.0,32,36,250,14.4,14,Sunday,6,1,1,8,6,0,0,0,0,0,0,0,24.0,0,Clear,1.0,5,51.3,130,Low,Central Cafeteria,Meals,Standard,40,78.3,34,32,2,5.9,0,Balanced,34,56.5,196,0,Ample,23.49,Low Activity,CIQ-0681,USER_UPLOADED_EXCEL_DATA
2026-08-30,12:00-14:00,2,3,Mid,0,,41,36,120,0,34.2,126,35,250,14.0,14,Sunday,6,1,1,8,6,0,0,0,0,0,0,0,24.0,0,Clear,1.0,5,51.3,130,Low,Central Cafeteria,Meals,Standard,32,78.3,132,126,6,4.5,0,Balanced,36,56.5,196,0,Ample,32.67,Low Activity,CIQ-0682,USER_UPLOADED_EXCEL_DATA
2026-08-30,14:00-16:00,2,3,Mid,0,,33,41,120,0,27.5,53,39,250,15.6,14,Sunday,6,1,1,8,6,0,0,0,0,0,0,0,24.0,0,Clear,1.0,5,51.3,130,Low,Central Cafeteria,Meals,Standard,126,78.3,56,53,3,5.4,0,Balanced,35,56.5,196,0,Ample,24.72,Low Activity,CIQ-0683,USER_UPLOADED_EXCEL_DATA
2026-08-30,16:00-18:00,2,3,Mid,0,,89,33,120,0,74.2,29,25,250,10.0,14,Sunday,6,1,1,8,6,0,0,0,0,0,0,0,24.0,0,Clear,1.0,5,51.3,130,Moderate,Central Cafeteria,Meals,Standard,53,78.3,30,29,1,3.3,0,Balanced,39,56.5,196,0,Ample,37.39,Low Activity,CIQ-0684,USER_UPLOADED_EXCEL_DATA
2026-08-30,18:00-20:00,2,3,Mid,0,,96,89,120,1,80.0,107,63,250,25.2,14,Sunday,6,1,1,8,6,0,0,0,0,0,0,0,24.0,0,Clear,1.0,5,51.3,130,High,Central Cafeteria,Meals,Standard,29,78.3,112,107,5,4.5,0,Balanced,25,56.5,196,0,Ample,50.48,Moderate Load,CIQ-0685,USER_UPLOADED_EXCEL_DATA
2026-08-30,20:00-22:00,2,3,Mid,0,,86,96,120,0,71.7,114,61,250,24.4,14,Sunday,6,1,1,8,6,0,0,0,0,0,0,0,24.0,0,Clear,1.0,5,51.3,130,Moderate,Central Cafeteria,Meals,Standard,107,78.3,120,114,6,5.0,0,Balanced,63,56.5,196,0,Ample,47.92,Moderate Load,CIQ-0686,USER_UPLOADED_EXCEL_DATA
2026-08-31,08:00-10:00,2,4,Mid,0,,42,20,120,0,35.0,47,28,250,11.2,14,Monday,0,0,1,8,6,0,0,0,0,0,0,0,24.0,0,Clear,1.0,5,51.3,130,Low,Central Cafeteria,Meals,Standard,114,78.3,49,47,2,4.1,0,Balanced,61,56.5,196,0,Ample,25.53,Low Activity,CIQ-0687,USER_UPLOADED_EXCEL_DATA
2026-08-31,10:00-12:00,2,4,Mid,0,,28,42,120,0,23.3,57,37,250,14.8,14,Monday,0,0,1,8,6,0,0,0,0,0,0,0,24.0,0,Clear,1.0,5,51.3,130,Low,Central Cafeteria,Meals,Standard,47,78.3,60,57,3,5.0,0,Balanced,28,56.5,196,0,Ample,23.34,Low Activity,CIQ-0688,USER_UPLOADED_EXCEL_DATA
2026-08-31,12:00-14:00,2,4,Mid,0,,20,28,120,0,16.7,148,43,250,17.2,14,Monday,0,0,1,8,6,0,0,0,0,0,0,0,24.0,0,Clear,1.0,5,51.3,130,Low,Central Cafeteria,Meals,Standard,57,78.3,155,148,7,4.5,0,Balanced,37,56.5,196,0,Ample,29.34,Low Activity,CIQ-0689,USER_UPLOADED_EXCEL_DATA
2026-08-31,14:00-16:00,2,4,Mid,0,,22,20,120,0,18.3,39,59,250,23.6,14,Monday,0,0,1,8,6,0,0,0,0,0,0,0,24.0,0,Clear,1.0,5,51.3,130,Low,Central Cafeteria,Meals,Standard,148,78.3,41,39,2,4.9,0,Balanced,43,56.5,196,0,Ample,22.74,Low Activity,CIQ-0690,USER_UPLOADED_EXCEL_DATA
2026-08-31,16:00-18:00,2,4,Mid,0,,77,22,120,0,64.2,79,35,250,14.0,14,Monday,0,0,1,8,6,0,0,0,0,0,0,0,24.0,0,Clear,1.0,5,51.3,130,Moderate,Central Cafeteria,Meals,Standard,39,78.3,83,79,4,4.8,0,Balanced,59,56.5,196,0,Ample,39.25,Low Activity,CIQ-0691,USER_UPLOADED_EXCEL_DATA
2026-08-31,18:00-20:00,2,4,Mid,1,Sports_Tournament,126,77,120,1,105.0,147,68,250,27.2,14,Monday,0,0,1,8,6,0,0,0,0,0,0,0,24.0,0,Clear,1.0,5,51.3,130,Severe,Central Cafeteria,Meals,Standard,79,78.3,154,147,7,4.5,0,Balanced,35,56.5,196,0,Ample,63.16,Moderate Load,CIQ-0692,USER_UPLOADED_EXCEL_DATA
2026-08-31,20:00-22:00,2,4,Mid,0,,81,126,120,0,67.5,106,78,250,31.2,14,Monday,0,0,1,8,6,0,0,0,0,0,0,0,24.0,0,Clear,1.0,5,51.3,130,Moderate,Central Cafeteria,Meals,Standard,147,78.3,111,106,5,4.5,0,Balanced,68,56.5,196,0,Ample,47.82,Moderate Load,CIQ-0693,USER_UPLOADED_EXCEL_DATA
2026-09-01,08:00-10:00,2,3,Mid,0,,42,20,120,0,35.0,62,27,250,10.8,14,Tuesday,1,0,1,9,6,0,0,0,0,0,0,0,24.0,0,Clear,1.0,5,51.3,130,Low,Central Cafeteria,Meals,Standard,106,78.3,65,62,3,4.6,0,Balanced,78,56.5,196,0,Ample,26.66,Low Activity,CIQ-0694,USER_UPLOADED_EXCEL_DATA
2026-09-01,10:00-12:00,2,3,Mid,0,,28,42,120,0,23.3,56,28,250,11.2,14,Tuesday,1,0,1,9,6,0,0,0,0,0,0,0,24.0,0,Clear,1.0,5,51.3,130,Low,Central Cafeteria,Meals,Standard,62,78.3,59,56,3,5.1,0,Balanced,27,56.5,196,0,Ample,22.18,Low Activity,CIQ-0695,USER_UPLOADED_EXCEL_DATA
2026-09-01,12:00-14:00,2,3,Mid,0,,25,28,120,0,20.8,136,52,250,20.8,14,Tuesday,1,0,1,9,6,0,0,0,0,0,0,0,24.0,0,Clear,1.0,5,51.3,130,Low,Central Cafeteria,Meals,Standard,56,78.3,143,136,7,4.9,0,Balanced,28,56.5,196,0,Ample,30.85,Low Activity,CIQ-0696,USER_UPLOADED_EXCEL_DATA
2026-09-01,14:00-16:00,2,3,Mid,0,,19,25,120,0,15.8,26,45,250,18.0,14,Tuesday,1,0,1,9,6,0,0,0,0,0,0,0,24.0,0,Clear,1.0,5,51.3,130,Low,Central Cafeteria,Meals,Standard,136,78.3,27,26,1,3.7,0,Balanced,52,56.5,196,0,Ample,19.1,Low Activity,CIQ-0697,USER_UPLOADED_EXCEL_DATA
2026-09-01,16:00-18:00,2,3,Mid,0,,73,19,120,0,60.8,72,39,250,15.6,14,Tuesday,1,0,1,9,6,0,0,0,0,0,0,0,24.0,0,Clear,1.0,5,51.3,130,Moderate,Central Cafeteria,Meals,Standard,26,78.3,76,72,4,5.3,0,Balanced,45,56.5,196,0,Ample,37.96,Low Activity,CIQ-0698,USER_UPLOADED_EXCEL_DATA
2026-09-01,18:00-20:00,2,3,Mid,0,,86,73,120,0,71.7,109,74,250,29.6,14,Tuesday,1,0,1,9,6,0,0,0,0,0,0,0,24.0,0,Clear,1.0,5,51.3,130,Moderate,Central Cafeteria,Meals,Standard,72,78.3,114,109,5,4.4,0,Balanced,39,56.5,196,0,Ample,49.06,Moderate Load,CIQ-0699,USER_UPLOADED_EXCEL_DATA
2026-09-01,20:00-22:00,2,3,Mid,0,,74,86,120,0,61.7,115,73,250,29.2,14,Tuesday,1,0,1,9,6,0,0,0,0,0,0,0,24.0,0,Clear,1.0,5,51.3,130,Moderate,Central Cafeteria,Meals,Standard,109,78.3,121,115,6,5.0,0,Balanced,74,56.5,196,0,Ample,45.94,Moderate Load,CIQ-0700,USER_UPLOADED_EXCEL_DATA
2026-09-02,08:00-10:00,2,3,Mid,1,,42,20,120,0,35.0,49,28,250,11.2,14,Wednesday,2,0,1,9,6,0,0,0,0,0,0,0,24.0,0,Clear,1.0,5,51.3,130,Low,Central Cafeteria,Meals,Standard,115,78.3,51,49,2,3.9,0,Balanced,73,56.5,196,0,Ample,25.69,Low Activity,CIQ-0701,USER_UPLOADED_EXCEL_DATA
2026-09-02,10:00-12:00,2,3,Mid,0,,27,42,120,0,22.5,40,25,250,10.0,14,Wednesday,2,0,1,9,6,0,0,0,0,0,0,0,24.0,0,Clear,1.0,5,51.3,130,Low,Central Cafeteria,Meals,Standard,49,78.3,42,40,2,4.8,0,Balanced,28,56.5,196,0,Ample,20.21,Low Activity,CIQ-0702,USER_UPLOADED_EXCEL_DATA
2026-09-02,12:00-14:00,2,3,Mid,0,,26,27,120,0,21.7,132,46,250,18.4,14,Wednesday,2,0,1,9,6,0,0,0,0,0,0,0,24.0,0,Clear,1.0,5,51.3,130,Low,Central Cafeteria,Meals,Standard,40,78.3,139,132,7,5.0,0,Balanced,25,56.5,196,0,Ample,30.12,Low Activity,CIQ-0703,USER_UPLOADED_EXCEL_DATA
2026-09-02,14:00-16:00,2,3,Mid,0,,18,26,120,0,15.0,45,49,250,19.6,14,Wednesday,2,0,1,9,6,0,0,0,0,0,0,0,24.0,0,Clear,1.0,5,51.3,130,Low,Central Cafeteria,Meals,Standard,132,78.3,47,45,2,4.3,0,Balanced,46,56.5,196,0,Ample,20.88,Low Activity,CIQ-0704,USER_UPLOADED_EXCEL_DATA
2026-09-02,16:00-18:00,2,3,Mid,1,Sports_Tournament,114,18,120,1,95.0,85,23,250,9.2,14,Wednesday,2,0,1,9,6,0,0,0,0,0,0,0,24.0,0,Clear,1.0,5,51.3,130,Severe,Central Cafeteria,Meals,Standard,45,78.3,89,85,4,4.5,0,Balanced,49,56.5,196,0,Ample,49.09,Moderate Load,CIQ-0705,USER_UPLOADED_EXCEL_DATA
2026-09-02,18:00-20:00,2,3,Mid,1,Sports_Tournament,130,114,120,1,108.3,159,65,250,26.0,14,Wednesday,2,0,1,9,6,0,0,0,0,0,0,0,24.0,0,Clear,1.0,5,51.3,130,Severe,Central Cafeteria,Meals,Standard,85,78.3,167,159,8,4.8,0,Balanced,23,56.5,196,0,Ample,64.95,Moderate Load,CIQ-0706,USER_UPLOADED_EXCEL_DATA
2026-09-02,20:00-22:00,2,3,Mid,0,,76,130,120,0,63.3,103,68,250,27.2,14,Wednesday,2,0,1,9,6,0,0,0,0,0,0,0,24.0,0,Clear,1.0,5,51.3,130,Moderate,Central Cafeteria,Meals,Standard,159,78.3,108,103,5,4.6,0,Balanced,65,56.5,196,0,Ample,44.9,Low Activity,CIQ-0707,USER_UPLOADED_EXCEL_DATA
2026-09-03,08:00-10:00,2,4,Mid,0,,47,20,120,0,39.2,40,14,250,5.6,14,Thursday,3,0,1,9,6,0,0,0,0,0,0,0,24.0,0,Clear,1.0,5,51.3,130,Low,Central Cafeteria,Meals,Standard,103,78.3,42,40,2,4.8,0,Balanced,68,56.5,196,0,Ample,24.73,Low Activity,CIQ-0708,USER_UPLOADED_EXCEL_DATA
2026-09-03,10:00-12:00,2,4,Mid,0,,30,47,120,0,25.0,46,28,250,11.2,14,Thursday,3,0,1,9,6,0,0,0,0,0,0,0,24.0,0,Clear,1.0,5,51.3,130,Low,Central Cafeteria,Meals,Standard,40,78.3,48,46,2,4.2,0,Balanced,14,56.5,196,0,Ample,21.94,Low Activity,CIQ-0709,USER_UPLOADED_EXCEL_DATA
2026-09-03,12:00-14:00,2,4,Mid,0,,18,30,120,0,15.0,159,37,250,14.8,14,Thursday,3,0,1,9,6,0,0,0,0,0,0,0,24.0,0,Clear,1.0,5,51.3,130,Low,Central Cafeteria,Meals,Standard,46,78.3,167,159,8,4.8,0,Balanced,28,56.5,196,0,Ample,28.94,Low Activity,CIQ-0710,USER_UPLOADED_EXCEL_DATA
2026-09-03,14:00-16:00,2,4,Mid,0,,18,18,120,0,15.0,25,53,250,21.2,14,Thursday,3,0,1,9,6,0,0,0,0,0,0,0,24.0,0,Clear,1.0,5,51.3,130,Low,Central Cafeteria,Meals,Standard,159,78.3,26,25,1,3.8,0,Balanced,37,56.5,196,0,Ample,19.69,Low Activity,CIQ-0711,USER_UPLOADED_EXCEL_DATA
2026-09-03,16:00-18:00,2,4,Mid,0,,85,18,120,0,70.8,50,19,250,7.6,14,Thursday,3,0,1,9,6,0,0,0,0,0,0,0,24.0,0,Clear,1.0,5,51.3,130,Moderate,Central Cafeteria,Meals,Standard,25,78.3,52,50,2,3.8,0,Balanced,53,56.5,196,0,Ample,37.23,Low Activity,CIQ-0712,USER_UPLOADED_EXCEL_DATA
2026-09-03,18:00-20:00,2,4,Mid,0,,83,85,120,0,69.2,110,81,250,32.4,14,Thursday,3,0,1,9,6,0,0,0,0,0,0,0,24.0,0,Clear,1.0,5,51.3,130,Moderate,Central Cafeteria,Meals,Standard,50,78.3,116,110,6,5.2,0,Balanced,19,56.5,196,0,Ample,49.11,Moderate Load,CIQ-0713,USER_UPLOADED_EXCEL_DATA
2026-09-03,20:00-22:00,2,4,Mid,0,,76,83,120,0,63.3,99,68,250,27.2,14,Thursday,3,0,1,9,6,0,0,0,0,0,0,0,24.0,0,Clear,1.0,5,51.3,130,Moderate,Central Cafeteria,Meals,Standard,110,78.3,104,99,5,4.8,0,Balanced,81,56.5,196,0,Ample,44.56,Low Activity,CIQ-0714,USER_UPLOADED_EXCEL_DATA
2026-09-04,08:00-10:00,2,3,Mid,1,,42,20,120,0,35.0,62,33,250,13.2,14,Friday,4,0,1,9,6,0,0,0,0,0,0,0,24.0,0,Clear,1.0,5,51.3,130,Low,Central Cafeteria,Meals,Standard,99,78.3,65,62,3,4.6,0,Balanced,68,56.5,196,0,Ample,27.38,Low Activity,CIQ-0715,USER_UPLOADED_EXCEL_DATA
2026-09-04,10:00-12:00,2,3,Mid,0,,30,42,120,0,25.0,44,16,250,6.4,14,Friday,4,0,1,9,6,0,0,0,0,0,0,0,24.0,0,Clear,1.0,5,51.3,130,Low,Central Cafeteria,Meals,Standard,62,78.3,46,44,2,4.3,0,Balanced,33,56.5,196,0,Ample,20.34,Low Activity,CIQ-0716,USER_UPLOADED_EXCEL_DATA
2026-09-04,12:00-14:00,2,3,Mid,0,,17,30,120,0,14.2,135,47,250,18.8,14,Friday,4,0,1,9,6,0,0,0,0,0,0,0,24.0,0,Clear,1.0,5,51.3,130,Low,Central Cafeteria,Meals,Standard,44,78.3,142,135,7,4.9,0,Balanced,16,56.5,196,0,Ample,27.86,Low Activity,CIQ-0717,USER_UPLOADED_EXCEL_DATA
2026-09-04,14:00-16:00,2,3,Mid,0,,21,17,120,0,17.5,41,63,250,25.2,14,Friday,4,0,1,9,6,0,0,0,0,0,0,0,24.0,0,Clear,1.0,5,51.3,130,Low,Central Cafeteria,Meals,Standard,135,78.3,43,41,2,4.7,0,Balanced,47,56.5,196,0,Ample,23.1,Low Activity,CIQ-0718,USER_UPLOADED_EXCEL_DATA
2026-09-04,16:00-18:00,2,3,Mid,0,,69,21,120,0,57.5,70,34,250,13.6,14,Friday,4,0,1,9,6,0,0,0,0,0,0,0,24.0,0,Clear,1.0,5,51.3,130,Low,Central Cafeteria,Meals,Standard,41,78.3,74,70,4,5.4,0,Balanced,63,56.5,196,0,Ample,36.04,Low Activity,CIQ-0719,USER_UPLOADED_EXCEL_DATA
2026-09-04,18:00-20:00,2,3,Mid,0,,88,69,120,0,73.3,114,62,250,24.8,14,Friday,4,0,1,9,6,0,0,0,0,0,0,0,24.0,0,Clear,1.0,5,51.3,130,Moderate,Central Cafeteria,Meals,Standard,70,78.3,120,114,6,5.0,0,Balanced,34,56.5,196,0,Ample,48.6,Moderate Load,CIQ-0720,USER_UPLOADED_EXCEL_DATA
2026-09-04,20:00-22:00,2,3,Mid,0,,70,88,120,0,58.3,93,70,250,28.0,14,Friday,4,0,1,9,6,0,0,0,0,0,0,0,24.0,0,Clear,1.0,5,51.3,130,Low,Central Cafeteria,Meals,Standard,114,78.3,98,93,5,5.1,0,Balanced,62,56.5,196,0,Ample,42.56,Low Activity,CIQ-0721,USER_UPLOADED_EXCEL_DATA
2026-09-05,08:00-10:00,2,3,Mid,0,,53,20,120,0,44.2,38,36,250,14.4,14,Saturday,5,1,1,9,6,0,0,0,0,0,0,0,24.0,0,Clear,1.0,5,51.3,130,Low,Central Cafeteria,Meals,Standard,93,78.3,40,38,2,5.0,0,Balanced,70,56.5,196,0,Ample,28.96,Low Activity,CIQ-0722,USER_UPLOADED_EXCEL_DATA
2026-09-05,10:00-12:00,2,3,Mid,0,,35,53,120,0,29.2,44,36,250,14.4,14,Saturday,5,1,1,9,6,0,0,0,0,0,0,0,24.0,0,Clear,1.0,5,51.3,130,Low,Central Cafeteria,Meals,Standard,38,78.3,46,44,2,4.3,0,Balanced,36,56.5,196,0,Ample,24.21,Low Activity,CIQ-0723,USER_UPLOADED_EXCEL_DATA
2026-09-05,12:00-14:00,2,3,Mid,0,,29,35,120,0,24.2,120,28,250,11.2,14,Saturday,5,1,1,9,6,0,0,0,0,0,0,0,24.0,0,Clear,1.0,5,51.3,130,Low,Central Cafeteria,Meals,Standard,44,78.3,126,120,6,4.8,0,Balanced,36,56.5,196,0,Ample,27.83,Low Activity,CIQ-0724,USER_UPLOADED_EXCEL_DATA
2026-09-05,14:00-16:00,2,3,Mid,0,,41,29,120,0,34.2,22,39,250,15.6,14,Saturday,5,1,1,9,6,0,0,0,0,0,0,0,24.0,0,Clear,1.0,5,51.3,130,Low,Central Cafeteria,Meals,Standard,120,78.3,23,22,1,4.3,0,Balanced,28,56.5,196,0,Ample,24.48,Low Activity,CIQ-0725,USER_UPLOADED_EXCEL_DATA
2026-09-05,16:00-18:00,2,3,Mid,0,,97,41,120,1,80.8,43,29,250,11.6,14,Saturday,5,1,1,9,6,0,0,0,0,0,0,0,24.0,0,Clear,1.0,5,51.3,130,High,Central Cafeteria,Meals,Standard,22,78.3,45,43,2,4.4,0,Balanced,39,56.5,196,0,Ample,41.34,Low Activity,CIQ-0726,USER_UPLOADED_EXCEL_DATA
2026-09-05,18:00-20:00,2,3,Mid,0,,101,97,120,1,84.2,114,89,250,35.6,14,Saturday,5,1,1,9,6,0,0,0,0,0,0,0,24.0,0,Clear,1.0,5,51.3,130,High,Central Cafeteria,Meals,Standard,43,78.3,120,114,6,5.0,0,Balanced,29,56.5,196,0,Ample,55.65,Moderate Load,CIQ-0727,USER_UPLOADED_EXCEL_DATA
2026-09-05,20:00-22:00,2,3,Mid,0,,96,101,120,1,80.0,122,69,250,27.6,14,Saturday,5,1,1,9,6,0,0,0,0,0,0,0,24.0,0,Clear,1.0,5,51.3,130,High,Central Cafeteria,Meals,Standard,114,78.3,128,122,6,4.7,0,Balanced,89,56.5,196,0,Ample,52.45,Moderate Load,CIQ-0728,USER_UPLOADED_EXCEL_DATA
2026-09-06,08:00-10:00,2,2,Mid,0,,62,20,120,0,51.7,55,24,250,9.6,14,Sunday,6,1,1,9,6,0,0,0,0,0,0,0,24.0,0,Clear,1.0,5,51.3,130,Low,Central Cafeteria,Meals,Standard,122,78.3,58,55,3,5.2,0,Balanced,69,56.5,196,0,Ample,31.56,Low Activity,CIQ-0729,USER_UPLOADED_EXCEL_DATA
2026-09-06,10:00-12:00,2,2,Mid,0,,44,62,120,0,36.7,48,15,250,6.0,14,Sunday,6,1,1,9,6,0,0,0,0,0,0,0,24.0,0,Clear,1.0,5,51.3,130,Low,Central Cafeteria,Meals,Standard,55,78.3,50,48,2,4.0,0,Balanced,24,56.5,196,0,Ample,24.64,Low Activity,CIQ-0730,USER_UPLOADED_EXCEL_DATA
2026-09-06,12:00-14:00,2,2,Mid,0,,38,44,120,0,31.7,117,31,250,12.4,14,Sunday,6,1,1,9,6,0,0,0,0,0,0,0,24.0,0,Clear,1.0,5,51.3,130,Low,Central Cafeteria,Meals,Standard,48,78.3,123,117,6,4.9,0,Balanced,15,56.5,196,0,Ample,30.56,Low Activity,CIQ-0731,USER_UPLOADED_EXCEL_DATA
2026-09-06,14:00-16:00,2,2,Mid,0,,34,38,120,0,28.3,18,32,250,12.8,14,Sunday,6,1,1,9,6,0,0,0,0,0,0,0,24.0,0,Clear,1.0,5,51.3,130,Low,Central Cafeteria,Meals,Standard,117,78.3,19,18,1,5.3,0,Balanced,31,56.5,196,0,Ample,21.24,Low Activity,CIQ-0732,USER_UPLOADED_EXCEL_DATA
2026-09-06,16:00-18:00,2,2,Mid,0,,91,34,120,0,75.8,33,21,250,8.4,14,Sunday,6,1,1,9,6,0,0,0,0,0,0,0,24.0,0,Clear,1.0,5,51.3,130,Moderate,Central Cafeteria,Meals,Standard,18,78.3,35,33,2,5.7,0,Balanced,32,56.5,196,0,Ample,37.8,Low Activity,CIQ-0733,USER_UPLOADED_EXCEL_DATA
2026-09-06,18:00-20:00,2,2,Mid,0,,95,91,120,0,79.2,111,67,250,26.8,14,Sunday,6,1,1,9,6,0,0,0,0,0,0,0,24.0,0,Clear,1.0,5,51.3,130,Moderate,Central Cafeteria,Meals,Standard,33,78.3,117,111,6,5.1,0,Balanced,21,56.5,196,0,Ample,51.01,Moderate Load,CIQ-0734,USER_UPLOADED_EXCEL_DATA
2026-09-06,20:00-22:00,2,2,Mid,0,,90,95,120,0,75.0,121,67,250,26.8,14,Sunday,6,1,1,9,6,0,0,0,0,0,0,0,24.0,0,Clear,1.0,5,51.3,130,Moderate,Central Cafeteria,Meals,Standard,111,78.3,127,121,6,4.7,0,Balanced,67,56.5,196,0,Ample,50.37,Moderate Load,CIQ-0735,USER_UPLOADED_EXCEL_DATA
2026-09-07,08:00-10:00,2,3,Mid,0,,45,20,120,0,37.5,51,29,250,11.6,14,Monday,0,0,1,9,6,0,0,0,0,0,0,0,24.0,0,Clear,1.0,5,51.3,130,Low,Central Cafeteria,Meals,Standard,121,78.3,54,51,3,5.6,0,Balanced,67,56.5,196,0,Ample,26.86,Low Activity,CIQ-0736,USER_UPLOADED_EXCEL_DATA
2026-09-07,10:00-12:00,2,3,Mid,0,,31,45,120,0,25.8,51,15,250,6.0,14,Monday,0,0,1,9,6,0,0,0,0,0,0,0,24.0,0,Clear,1.0,5,51.3,130,Low,Central Cafeteria,Meals,Standard,51,78.3,54,51,3,5.6,0,Balanced,29,56.5,196,0,Ample,21.08,Low Activity,CIQ-0737,USER_UPLOADED_EXCEL_DATA
2026-09-07,12:00-14:00,2,3,Mid,0,,23,31,120,0,19.2,149,54,250,21.6,14,Monday,0,0,1,9,6,0,0,0,0,0,0,0,24.0,0,Clear,1.0,5,51.3,130,Low,Central Cafeteria,Meals,Standard,51,78.3,156,149,7,4.5,0,Balanced,15,56.5,196,0,Ample,31.62,Low Activity,CIQ-0738,USER_UPLOADED_EXCEL_DATA
2026-09-07,14:00-16:00,2,3,Mid,0,,26,23,120,0,21.7,45,46,250,18.4,14,Monday,0,0,1,9,6,0,0,0,0,0,0,0,24.0,0,Clear,1.0,5,51.3,130,Low,Central Cafeteria,Meals,Standard,149,78.3,47,45,2,4.3,0,Balanced,54,56.5,196,0,Ample,22.86,Low Activity,CIQ-0739,USER_UPLOADED_EXCEL_DATA
2026-09-07,16:00-18:00,2,3,Mid,0,,75,26,120,0,62.5,52,23,250,9.2,14,Monday,0,0,1,9,6,0,0,0,0,0,0,0,24.0,0,Clear,1.0,5,51.3,130,Moderate,Central Cafeteria,Meals,Standard,45,78.3,55,52,3,5.5,0,Balanced,46,56.5,196,0,Ample,34.97,Low Activity,CIQ-0740,USER_UPLOADED_EXCEL_DATA
2026-09-07,18:00-20:00,2,3,Mid,0,,83,75,120,0,69.2,106,68,250,27.2,14,Monday,0,0,1,9,6,0,0,0,0,0,0,0,24.0,0,Clear,1.0,5,51.3,130,Moderate,Central Cafeteria,Meals,Standard,52,78.3,111,106,5,4.5,0,Balanced,23,56.5,196,0,Ample,47.21,Moderate Load,CIQ-0741,USER_UPLOADED_EXCEL_DATA
2026-09-07,20:00-22:00,2,3,Mid,0,,70,83,120,0,58.3,113,52,250,20.8,14,Monday,0,0,1,9,6,0,0,0,0,0,0,0,24.0,0,Clear,1.0,5,51.3,130,Low,Central Cafeteria,Meals,Standard,106,78.3,119,113,6,5.0,0,Balanced,68,56.5,196,0,Ample,42.06,Low Activity,CIQ-0742,USER_UPLOADED_EXCEL_DATA
2026-09-08,08:00-10:00,2,3,Mid,0,,37,20,120,0,30.8,62,14,250,5.6,14,Tuesday,1,0,1,9,6,0,0,0,0,0,0,0,24.0,0,Clear,1.0,5,51.3,130,Low,Central Cafeteria,Meals,Standard,113,78.3,65,62,3,4.6,0,Balanced,52,56.5,196,0,Ample,23.63,Low Activity,CIQ-0743,USER_UPLOADED_EXCEL_DATA
2026-09-08,10:00-12:00,2,3,Mid,0,,30,37,120,0,25.0,42,15,250,6.0,14,Tuesday,1,0,1,9,6,0,0,0,0,0,0,0,24.0,0,Clear,1.0,5,51.3,130,Low,Central Cafeteria,Meals,Standard,62,78.3,44,42,2,4.5,0,Balanced,14,56.5,196,0,Ample,20.05,Low Activity,CIQ-0744,USER_UPLOADED_EXCEL_DATA
2026-09-08,12:00-14:00,2,3,Mid,0,,18,30,120,0,15.0,135,32,250,12.8,14,Tuesday,1,0,1,9,6,0,0,0,0,0,0,0,24.0,0,Clear,1.0,5,51.3,130,Low,Central Cafeteria,Meals,Standard,42,78.3,142,135,7,4.9,0,Balanced,15,56.5,196,0,Ample,26.34,Low Activity,CIQ-0745,USER_UPLOADED_EXCEL_DATA
2026-09-08,14:00-16:00,2,3,Mid,0,,21,18,120,0,17.5,29,37,250,14.8,14,Tuesday,1,0,1,9,6,0,0,0,0,0,0,0,24.0,0,Clear,1.0,5,51.3,130,Low,Central Cafeteria,Meals,Standard,135,78.3,30,29,1,3.3,0,Balanced,32,56.5,196,0,Ample,18.98,Low Activity,CIQ-0746,USER_UPLOADED_EXCEL_DATA
2026-09-08,16:00-18:00,2,3,Mid,0,,76,21,120,0,63.3,66,44,250,17.6,14,Tuesday,1,0,1,9,6,0,0,0,0,0,0,0,24.0,0,Clear,1.0,5,51.3,130,Moderate,Central Cafeteria,Meals,Standard,29,78.3,69,66,3,4.3,0,Balanced,37,56.5,196,0,Ample,38.94,Low Activity,CIQ-0747,USER_UPLOADED_EXCEL_DATA
2026-09-08,18:00-20:00,2,3,Mid,0,,89,76,120,0,74.2,138,82,250,32.8,14,Tuesday,1,0,1,9,6,0,0,0,0,0,0,0,24.0,0,Clear,1.0,5,51.3,130,Moderate,Central Cafeteria,Meals,Standard,66,78.3,145,138,7,4.8,0,Balanced,44,56.5,196,0,Ample,53.31,Moderate Load,CIQ-0748,USER_UPLOADED_EXCEL_DATA
2026-09-08,20:00-22:00,2,3,Mid,1,Sports_Tournament,107,89,120,1,89.2,135,64,250,25.6,14,Tuesday,1,0,1,9,6,0,0,0,0,0,0,0,24.0,0,Clear,1.0,5,51.3,130,High,Central Cafeteria,Meals,Standard,138,78.3,142,135,7,4.9,0,Balanced,82,56.5,196,0,Ample,56.15,Moderate Load,CIQ-0749,USER_UPLOADED_EXCEL_DATA
2026-09-09,08:00-10:00,2,4,Mid,0,,36,20,120,0,30.0,45,41,250,16.4,14,Wednesday,2,0,1,9,6,0,0,0,0,0,0,0,24.0,0,Clear,1.0,5,51.3,130,Low,Central Cafeteria,Meals,Standard,135,78.3,47,45,2,4.3,0,Balanced,64,56.5,196,0,Ample,25.17,Low Activity,CIQ-0750,USER_UPLOADED_EXCEL_DATA
2026-09-09,10:00-12:00,2,4,Mid,0,,23,36,120,0,19.2,40,31,250,12.4,14,Wednesday,2,0,1,9,6,0,0,0,0,0,0,0,24.0,0,Clear,1.0,5,51.3,130,Low,Central Cafeteria,Meals,Standard,45,78.3,42,40,2,4.8,0,Balanced,41,56.5,196,0,Ample,19.77,Low Activity,CIQ-0751,USER_UPLOADED_EXCEL_DATA
2026-09-09,12:00-14:00,2,4,Mid,0,,25,23,120,0,20.8,123,51,250,20.4,14,Wednesday,2,0,1,9,6,0,0,0,0,0,0,0,24.0,0,Clear,1.0,5,51.3,130,Low,Central Cafeteria,Meals,Standard,40,78.3,129,123,6,4.7,0,Balanced,31,56.5,196,0,Ample,29.65,Low Activity,CIQ-0752,USER_UPLOADED_EXCEL_DATA
2026-09-09,14:00-16:00,2,4,Mid,0,,26,25,120,0,21.7,47,39,250,15.6,14,Wednesday,2,0,1,9,6,0,0,0,0,0,0,0,24.0,0,Clear,1.0,5,51.3,130,Low,Central Cafeteria,Meals,Standard,123,78.3,49,47,2,4.1,0,Balanced,51,56.5,196,0,Ample,22.19,Low Activity,CIQ-0753,USER_UPLOADED_EXCEL_DATA
2026-09-09,16:00-18:00,2,4,Mid,0,,73,26,120,0,60.8,60,22,250,8.8,14,Wednesday,2,0,1,9,6,0,0,0,0,0,0,0,24.0,0,Clear,1.0,5,51.3,130,Moderate,Central Cafeteria,Meals,Standard,47,78.3,63,60,3,4.8,0,Balanced,39,56.5,196,0,Ample,34.92,Low Activity,CIQ-0754,USER_UPLOADED_EXCEL_DATA
2026-09-09,18:00-20:00,2,4,Mid,0,,89,73,120,0,74.2,114,62,250,24.8,14,Wednesday,2,0,1,9,6,0,0,0,0,0,0,0,24.0,0,Clear,1.0,5,51.3,130,Moderate,Central Cafeteria,Meals,Standard,60,78.3,120,114,6,5.0,0,Balanced,22,56.5,196,0,Ample,48.91,Moderate Load,CIQ-0755,USER_UPLOADED_EXCEL_DATA
2026-09-09,20:00-22:00,2,4,Mid,0,,82,89,120,0,68.3,115,66,250,26.4,14,Wednesday,2,0,1,9,6,0,0,0,0,0,0,0,24.0,0,Clear,1.0,5,51.3,130,Moderate,Central Cafeteria,Meals,Standard,114,78.3,121,115,6,5.0,0,Balanced,62,56.5,196,0,Ample,47.41,Moderate Load,CIQ-0756,USER_UPLOADED_EXCEL_DATA
2026-09-10,08:00-10:00,2,4,Mid,0,,44,20,120,0,36.7,43,29,250,11.6,14,Thursday,3,0,1,9,6,0,0,0,0,0,0,0,24.0,0,Clear,1.0,5,51.3,130,Low,Central Cafeteria,Meals,Standard,115,78.3,45,43,2,4.4,0,Balanced,66,56.5,196,0,Ample,25.91,Low Activity,CIQ-0757,USER_UPLOADED_EXCEL_DATA
2026-09-10,10:00-12:00,2,4,Mid,0,,28,44,120,0,23.3,38,36,250,14.4,14,Thursday,3,0,1,9,6,0,0,0,0,0,0,0,24.0,0,Clear,1.0,5,51.3,130,Low,Central Cafeteria,Meals,Standard,43,78.3,40,38,2,5.0,0,Balanced,29,56.5,196,0,Ample,21.64,Low Activity,CIQ-0758,USER_UPLOADED_EXCEL_DATA
2026-09-10,12:00-14:00,2,4,Mid,0,,18,28,120,0,15.0,152,45,250,18.0,14,Thursday,3,0,1,9,6,0,0,0,0,0,0,0,24.0,0,Clear,1.0,5,51.3,130,Low,Central Cafeteria,Meals,Standard,38,78.3,160,152,8,5.0,0,Balanced,36,56.5,196,0,Ample,29.32,Low Activity,CIQ-0759,USER_UPLOADED_EXCEL_DATA
2026-09-10,14:00-16:00,2,4,Mid,0,,22,18,120,0,18.3,52,52,250,20.8,14,Thursday,3,0,1,9,6,0,0,0,0,0,0,0,24.0,0,Clear,1.0,5,51.3,130,Low,Central Cafeteria,Meals,Standard,152,78.3,55,52,3,5.5,0,Balanced,45,56.5,196,0,Ample,22.98,Low Activity,CIQ-0760,USER_UPLOADED_EXCEL_DATA
2026-09-10,16:00-18:00,2,4,Mid,0,,76,22,120,0,63.3,72,35,250,14.0,14,Thursday,3,0,1,9,6,0,0,0,0,0,0,0,24.0,0,Clear,1.0,5,51.3,130,Moderate,Central Cafeteria,Meals,Standard,52,78.3,76,72,4,5.3,0,Balanced,52,56.5,196,0,Ample,38.35,Low Activity,CIQ-0761,USER_UPLOADED_EXCEL_DATA
2026-09-10,18:00-20:00,2,4,Mid,0,,81,76,120,0,67.5,91,59,250,23.6,14,Thursday,3,0,1,9,6,0,0,0,0,0,0,0,24.0,0,Clear,1.0,5,51.3,130,Moderate,Central Cafeteria,Meals,Standard,72,78.3,96,91,5,5.2,0,Balanced,35,56.5,196,0,Ample,44.29,Low Activity,CIQ-0762,USER_UPLOADED_EXCEL_DATA
2026-09-10,20:00-22:00,2,4,Mid,0,,62,81,120,0,51.7,95,67,250,26.8,14,Thursday,3,0,1,9,6,0,0,0,0,0,0,0,24.0,0,Clear,1.0,5,51.3,130,Low,Central Cafeteria,Meals,Standard,91,78.3,100,95,5,5.0,0,Balanced,59,56.5,196,0,Ample,40.05,Low Activity,CIQ-0763,USER_UPLOADED_EXCEL_DATA
2026-09-11,08:00-10:00,2,2,Mid,0,,38,20,120,0,31.7,48,38,250,15.2,14,Friday,4,0,1,9,6,0,0,0,0,0,0,0,24.0,0,Clear,1.0,5,51.3,130,Low,Central Cafeteria,Meals,Standard,95,78.3,50,48,2,4.0,0,Balanced,67,56.5,196,0,Ample,25.65,Low Activity,CIQ-0764,USER_UPLOADED_EXCEL_DATA
2026-09-11,10:00-12:00,2,2,Mid,0,,23,38,120,0,19.2,33,37,250,14.8,14,Friday,4,0,1,9,6,0,0,0,0,0,0,0,24.0,0,Clear,1.0,5,51.3,130,Low,Central Cafeteria,Meals,Standard,48,78.3,35,33,2,5.7,0,Balanced,38,56.5,196,0,Ample,19.91,Low Activity,CIQ-0765,USER_UPLOADED_EXCEL_DATA
2026-09-11,12:00-14:00,2,2,Mid,0,,20,23,120,0,16.7,139,48,250,19.2,14,Friday,4,0,1,9,6,0,0,0,0,0,0,0,24.0,0,Clear,1.0,5,51.3,130,Low,Central Cafeteria,Meals,Standard,33,78.3,146,139,7,4.8,0,Balanced,37,56.5,196,0,Ample,29.19,Low Activity,CIQ-0766,USER_UPLOADED_EXCEL_DATA
2026-09-11,14:00-16:00,2,2,Mid,0,,24,20,120,0,20.0,53,30,250,12.0,14,Friday,4,0,1,9,6,0,0,0,0,0,0,0,24.0,0,Clear,1.0,5,51.3,130,Low,Central Cafeteria,Meals,Standard,139,78.3,56,53,3,5.4,0,Balanced,48,56.5,196,0,Ample,21.02,Low Activity,CIQ-0767,USER_UPLOADED_EXCEL_DATA
2026-09-11,16:00-18:00,2,2,Mid,0,,83,24,120,0,69.2,58,34,250,13.6,14,Friday,4,0,1,9,6,0,0,0,0,0,0,0,24.0,0,Clear,1.0,5,51.3,130,Moderate,Central Cafeteria,Meals,Standard,53,78.3,61,58,3,4.9,0,Balanced,30,56.5,196,0,Ample,39.13,Low Activity,CIQ-0768,USER_UPLOADED_EXCEL_DATA
2026-09-11,18:00-20:00,2,2,Mid,0,,82,83,120,0,68.3,101,66,250,26.4,14,Friday,4,0,1,9,6,0,0,0,0,0,0,0,24.0,0,Clear,1.0,5,51.3,130,Moderate,Central Cafeteria,Meals,Standard,58,78.3,106,101,5,4.7,0,Balanced,34,56.5,196,0,Ample,46.24,Moderate Load,CIQ-0769,USER_UPLOADED_EXCEL_DATA
2026-09-11,20:00-22:00,2,2,Mid,0,,70,82,120,0,58.3,96,62,250,24.8,14,Friday,4,0,1,9,6,0,0,0,0,0,0,0,24.0,0,Clear,1.0,5,51.3,130,Low,Central Cafeteria,Meals,Standard,101,78.3,101,96,5,5.0,0,Balanced,66,56.5,196,0,Ample,41.84,Low Activity,CIQ-0770,USER_UPLOADED_EXCEL_DATA
2026-09-12,08:00-10:00,2,4,Mid,0,,58,20,120,0,48.3,28,15,250,6.0,14,Saturday,5,1,1,9,6,0,0,0,0,0,0,0,24.0,0,Clear,1.0,5,51.3,130,Low,Central Cafeteria,Meals,Standard,96,78.3,29,28,1,3.4,0,Balanced,62,56.5,196,0,Ample,27.04,Low Activity,CIQ-0771,USER_UPLOADED_EXCEL_DATA
2026-09-12,10:00-12:00,2,4,Mid,0,,43,58,120,0,35.8,36,26,250,10.4,14,Saturday,5,1,1,9,6,0,0,0,0,0,0,0,24.0,0,Clear,1.0,5,51.3,130,Low,Central Cafeteria,Meals,Standard,28,78.3,38,36,2,5.3,0,Balanced,15,56.5,196,0,Ample,24.65,Low Activity,CIQ-0772,USER_UPLOADED_EXCEL_DATA
2026-09-12,12:00-14:00,2,4,Mid,0,,36,43,120,0,30.0,116,17,250,6.8,14,Saturday,5,1,1,9,6,0,0,0,0,0,0,0,24.0,0,Clear,1.0,5,51.3,130,Low,Central Cafeteria,Meals,Standard,36,78.3,122,116,6,4.9,0,Balanced,26,56.5,196,0,Ample,28.21,Low Activity,CIQ-0773,USER_UPLOADED_EXCEL_DATA
2026-09-12,14:00-16:00,2,4,Mid,0,,36,36,120,0,30.0,37,39,250,15.6,14,Saturday,5,1,1,9,6,0,0,0,0,0,0,0,24.0,0,Clear,1.0,5,51.3,130,Low,Central Cafeteria,Meals,Standard,116,78.3,39,37,2,5.1,0,Balanced,17,56.5,196,0,Ample,24.26,Low Activity,CIQ-0774,USER_UPLOADED_EXCEL_DATA
2026-09-12,16:00-18:00,2,4,Mid,0,,93,36,120,0,77.5,39,24,250,9.6,14,Saturday,5,1,1,9,6,0,0,0,0,0,0,0,24.0,0,Clear,1.0,5,51.3,130,Moderate,Central Cafeteria,Meals,Standard,37,78.3,41,39,2,4.9,0,Balanced,39,56.5,196,0,Ample,39.25,Low Activity,CIQ-0775,USER_UPLOADED_EXCEL_DATA
2026-09-12,18:00-20:00,2,4,Mid,0,,105,93,120,1,87.5,112,67,250,26.8,14,Saturday,5,1,1,9,6,0,0,0,0,0,0,0,24.0,0,Clear,1.0,5,51.3,130,High,Central Cafeteria,Meals,Standard,39,78.3,118,112,6,5.1,0,Balanced,24,56.5,196,0,Ample,54.0,Moderate Load,CIQ-0776,USER_UPLOADED_EXCEL_DATA
2026-09-12,20:00-22:00,2,4,Mid,0,,79,105,120,0,65.8,95,83,250,33.2,14,Saturday,5,1,1,9,6,0,0,0,0,0,0,0,24.0,0,Clear,1.0,5,51.3,130,Moderate,Central Cafeteria,Meals,Standard,112,78.3,100,95,5,5.0,0,Balanced,67,56.5,196,0,Ample,46.91,Moderate Load,CIQ-0777,USER_UPLOADED_EXCEL_DATA
2026-09-13,08:00-10:00,2,3,Mid,0,,50,20,120,0,41.7,50,25,250,10.0,14,Sunday,6,1,1,9,6,0,0,0,0,0,0,0,24.0,0,Clear,1.0,5,51.3,130,Low,Central Cafeteria,Meals,Standard,95,78.3,52,50,2,3.8,0,Balanced,83,56.5,196,0,Ample,27.76,Low Activity,CIQ-0778,USER_UPLOADED_EXCEL_DATA
2026-09-13,10:00-12:00,2,3,Mid,0,,38,50,120,0,31.7,60,21,250,8.4,14,Sunday,6,1,1,9,6,0,0,0,0,0,0,0,24.0,0,Clear,1.0,5,51.3,130,Low,Central Cafeteria,Meals,Standard,50,78.3,63,60,3,4.8,0,Balanced,25,56.5,196,0,Ample,24.62,Low Activity,CIQ-0779,USER_UPLOADED_EXCEL_DATA
2026-09-13,12:00-14:00,2,3,Mid,0,,28,38,120,0,23.3,127,33,250,13.2,14,Sunday,6,1,1,9,6,0,0,0,0,0,0,0,24.0,0,Clear,1.0,5,51.3,130,Low,Central Cafeteria,Meals,Standard,60,78.3,133,127,6,4.5,0,Balanced,21,56.5,196,0,Ample,28.7,Low Activity,CIQ-0780,USER_UPLOADED_EXCEL_DATA
2026-09-13,14:00-16:00,2,3,Mid,0,,39,28,120,0,32.5,22,40,250,16.0,14,Sunday,6,1,1,9,6,0,0,0,0,0,0,0,24.0,0,Clear,1.0,5,51.3,130,Low,Central Cafeteria,Meals,Standard,127,78.3,23,22,1,4.3,0,Balanced,33,56.5,196,0,Ample,24.01,Low Activity,CIQ-0781,USER_UPLOADED_EXCEL_DATA
2026-09-13,16:00-18:00,2,3,Mid,0,,94,39,120,0,78.3,63,27,250,10.8,14,Sunday,6,1,1,9,6,0,0,0,0,0,0,0,24.0,0,Clear,1.0,5,51.3,130,Moderate,Central Cafeteria,Meals,Standard,22,78.3,66,63,3,4.5,0,Balanced,40,56.5,196,0,Ample,41.9,Low Activity,CIQ-0782,USER_UPLOADED_EXCEL_DATA
2026-09-13,18:00-20:00,2,3,Mid,0,,104,94,120,1,86.7,93,63,250,25.2,14,Sunday,6,1,1,9,6,0,0,0,0,0,0,0,24.0,0,Clear,1.0,5,51.3,130,High,Central Cafeteria,Meals,Standard,63,78.3,98,93,5,5.1,0,Balanced,27,56.5,196,0,Ample,51.66,Moderate Load,CIQ-0783,USER_UPLOADED_EXCEL_DATA
2026-09-13,20:00-22:00,2,3,Mid,0,,77,104,120,0,64.2,124,74,250,29.6,14,Sunday,6,1,1,9,6,0,0,0,0,0,0,0,24.0,0,Clear,1.0,5,51.3,130,Moderate,Central Cafeteria,Meals,Standard,93,78.3,130,124,6,4.6,0,Balanced,63,56.5,196,0,Ample,47.68,Moderate Load,CIQ-0784,USER_UPLOADED_EXCEL_DATA
2026-09-14,08:00-10:00,2,5,Mid,0,,19,20,120,0,15.8,25,132,250,52.8,14,Monday,0,0,1,9,6,0,0,0,0,0,0,0,24.0,0,Clear,1.0,5,51.3,130,Low,Central Cafeteria,Meals,Standard,124,78.3,26,25,1,3.8,0,Balanced,74,56.5,196,0,Moderate,29.45,Low Activity,CIQ-0785,USER_UPLOADED_EXCEL_DATA
2026-09-14,10:00-12:00,2,5,Mid,0,,6,19,120,0,5.0,39,138,250,55.2,14,Monday,0,0,1,9,6,0,0,0,0,0,0,0,24.0,0,Clear,1.0,5,51.3,130,Low,Central Cafeteria,Meals,Standard,25,78.3,41,39,2,4.9,0,Balanced,132,56.5,196,0,Moderate,27.56,Low Activity,CIQ-0786,USER_UPLOADED_EXCEL_DATA
2026-09-14,12:00-14:00,2,5,Mid,0,,6,6,120,0,5.0,130,164,250,65.6,14,Monday,0,0,1,9,6,0,0,0,0,0,0,0,24.0,0,Clear,1.0,5,51.3,130,Low,Central Cafeteria,Meals,Standard,39,78.3,136,130,6,4.4,0,Balanced,138,56.5,196,0,Moderate,38.26,Low Activity,CIQ-0787,USER_UPLOADED_EXCEL_DATA
2026-09-14,14:00-16:00,2,5,Mid,0,,6,6,120,0,5.0,48,147,250,58.8,14,Monday,0,0,1,9,6,0,0,0,0,0,0,0,24.0,0,Clear,1.0,5,51.3,130,Low,Central Cafeteria,Meals,Standard,130,78.3,50,48,2,4.0,0,Balanced,164,56.5,196,0,Moderate,29.39,Low Activity,CIQ-0788,USER_UPLOADED_EXCEL_DATA
2026-09-14,16:00-18:00,2,5,Mid,0,,48,6,120,0,40.0,39,138,250,55.2,14,Monday,0,0,1,9,6,0,0,0,0,0,0,0,24.0,0,Clear,1.0,5,51.3,130,Low,Central Cafeteria,Meals,Standard,48,78.3,41,39,2,4.9,0,Balanced,147,56.5,196,0,Moderate,39.81,Low Activity,CIQ-0789,USER_UPLOADED_EXCEL_DATA
2026-09-14,18:00-20:00,2,5,Mid,0,,53,48,120,0,44.2,117,177,250,70.8,14,Monday,0,0,1,9,6,0,0,0,0,0,0,0,24.0,0,Clear,1.0,5,51.3,130,Low,Central Cafeteria,Meals,Standard,39,78.3,123,117,6,4.9,0,Balanced,138,56.5,196,0,Moderate,52.46,Moderate Load,CIQ-0790,USER_UPLOADED_EXCEL_DATA
2026-09-14,20:00-22:00,2,5,Mid,0,,45,53,120,0,37.5,111,182,250,72.8,14,Monday,0,0,1,9,6,0,0,0,0,0,0,0,24.0,0,Clear,1.0,5,51.3,130,Low,Central Cafeteria,Meals,Standard,117,78.3,117,111,6,5.1,0,Balanced,177,56.5,196,0,Moderate,50.22,Moderate Load,CIQ-0791,USER_UPLOADED_EXCEL_DATA
2026-09-15,08:00-10:00,2,5,Mid,0,,17,20,120,0,14.2,41,134,250,53.6,14,Tuesday,1,0,1,9,6,0,0,0,0,0,0,0,24.0,0,Clear,1.0,5,51.3,130,Low,Central Cafeteria,Meals,Standard,111,78.3,43,41,2,4.7,0,Balanced,182,56.5,196,0,Moderate,30.47,Low Activity,CIQ-0792,USER_UPLOADED_EXCEL_DATA
2026-09-15,10:00-12:00,2,5,Mid,0,,6,17,120,0,5.0,30,152,250,60.8,14,Tuesday,1,0,1,9,6,0,0,0,0,0,0,0,24.0,0,Clear,1.0,5,51.3,130,Low,Central Cafeteria,Meals,Standard,41,78.3,32,30,2,6.2,0,Balanced,134,56.5,196,0,Moderate,28.49,Low Activity,CIQ-0793,USER_UPLOADED_EXCEL_DATA
2026-09-15,12:00-14:00,2,5,Mid,0,,6,6,120,0,5.0,165,164,250,65.6,14,Tuesday,1,0,1,9,6,0,0,0,0,0,0,0,24.0,0,Clear,1.0,5,51.3,130,Low,Central Cafeteria,Meals,Standard,30,78.3,173,165,8,4.6,0,Balanced,152,56.5,196,0,Moderate,41.18,Low Activity,CIQ-0794,USER_UPLOADED_EXCEL_DATA
2026-09-15,14:00-16:00,2,5,Mid,0,,6,6,120,0,5.0,19,152,250,60.8,14,Tuesday,1,0,1,9,6,0,0,0,0,0,0,0,24.0,0,Clear,1.0,5,51.3,130,Low,Central Cafeteria,Meals,Standard,165,78.3,20,19,1,5.0,0,Balanced,164,56.5,196,0,Moderate,27.57,Low Activity,CIQ-0795,USER_UPLOADED_EXCEL_DATA
2026-09-15,16:00-18:00,2,5,Mid,0,,51,6,120,0,42.5,57,146,250,58.4,14,Tuesday,1,0,1,9,6,0,0,0,0,0,0,0,24.0,0,Clear,1.0,5,51.3,130,Low,Central Cafeteria,Meals,Standard,19,78.3,60,57,3,5.0,0,Balanced,152,56.5,196,0,Moderate,43.14,Low Activity,CIQ-0796,USER_UPLOADED_EXCEL_DATA
2026-09-15,18:00-20:00,2,5,Mid,0,,57,51,120,0,47.5,116,165,250,66.0,14,Tuesday,1,0,1,9,6,0,0,0,0,0,0,0,24.0,0,Clear,1.0,5,51.3,130,Low,Central Cafeteria,Meals,Standard,57,78.3,122,116,6,4.9,0,Balanced,146,56.5,196,0,Moderate,52.09,Moderate Load,CIQ-0797,USER_UPLOADED_EXCEL_DATA
2026-09-15,20:00-22:00,2,5,Mid,0,,28,57,120,0,23.3,117,189,250,75.6,14,Tuesday,1,0,1,9,6,0,0,0,0,0,0,0,24.0,0,Clear,1.0,5,51.3,130,Low,Central Cafeteria,Meals,Standard,116,78.3,123,117,6,4.9,0,Balanced,165,56.5,196,0,Limited,46.58,Moderate Load,CIQ-0798,USER_UPLOADED_EXCEL_DATA
2026-09-16,08:00-10:00,2,5,Mid,0,,13,20,120,0,10.8,38,138,250,55.2,14,Wednesday,2,0,1,9,6,0,0,0,0,0,0,0,24.0,0,Clear,1.0,5,51.3,130,Low,Central Cafeteria,Meals,Standard,117,78.3,40,38,2,5.0,0,Balanced,189,56.5,196,0,Moderate,29.51,Low Activity,CIQ-0799,USER_UPLOADED_EXCEL_DATA
2026-09-16,10:00-12:00,2,5,Mid,0,,6,13,120,0,5.0,49,142,250,56.8,14,Wednesday,2,0,1,9,6,0,0,0,0,0,0,0,24.0,0,Clear,1.0,5,51.3,130,Low,Central Cafeteria,Meals,Standard,38,78.3,51,49,2,3.9,0,Balanced,138,56.5,196,0,Moderate,28.87,Low Activity,CIQ-0800,USER_UPLOADED_EXCEL_DATA
2026-09-16,12:00-14:00,2,5,Mid,0,,6,6,120,0,5.0,136,170,250,68.0,14,Wednesday,2,0,1,9,6,0,0,0,0,0,0,0,24.0,0,Clear,1.0,5,51.3,130,Low,Central Cafeteria,Meals,Standard,49,78.3,143,136,7,4.9,0,Balanced,142,56.5,196,0,Moderate,39.48,Low Activity,CIQ-0801,USER_UPLOADED_EXCEL_DATA
2026-09-16,14:00-16:00,2,5,Mid,0,,6,6,120,0,5.0,37,162,250,64.8,14,Wednesday,2,0,1,9,6,0,0,0,0,0,0,0,24.0,0,Clear,1.0,5,51.3,130,Low,Central Cafeteria,Meals,Standard,136,78.3,39,37,2,5.1,0,Balanced,170,56.5,196,0,Moderate,30.27,Low Activity,CIQ-0802,USER_UPLOADED_EXCEL_DATA
2026-09-16,16:00-18:00,2,5,Mid,0,,40,6,120,0,33.3,37,137,250,54.8,14,Wednesday,2,0,1,9,6,0,0,0,0,0,0,0,24.0,0,Clear,1.0,5,51.3,130,Low,Central Cafeteria,Meals,Standard,37,78.3,39,37,2,5.1,0,Balanced,162,56.5,196,0,Moderate,37.18,Low Activity,CIQ-0803,USER_UPLOADED_EXCEL_DATA
2026-09-16,18:00-20:00,2,5,Mid,0,,56,40,120,0,46.7,124,171,250,68.4,14,Wednesday,2,0,1,9,6,0,0,0,0,0,0,0,24.0,0,Clear,1.0,5,51.3,130,Low,Central Cafeteria,Meals,Standard,37,78.3,130,124,6,4.6,0,Balanced,137,56.5,196,0,Moderate,53.2,Moderate Load,CIQ-0804,USER_UPLOADED_EXCEL_DATA
2026-09-16,20:00-22:00,2,5,Mid,0,,39,56,120,0,32.5,109,196,250,78.4,14,Wednesday,2,0,1,9,6,0,0,0,0,0,0,0,24.0,0,Clear,1.0,5,51.3,130,Low,Central Cafeteria,Meals,Standard,124,78.3,114,109,5,4.4,0,Balanced,171,56.5,196,0,Limited,49.98,Moderate Load,CIQ-0805,USER_UPLOADED_EXCEL_DATA
2026-09-17,08:00-10:00,2,5,Mid,0,,13,20,120,0,10.8,53,137,250,54.8,14,Thursday,3,0,1,9,6,0,0,0,0,0,0,0,24.0,0,Clear,1.0,5,51.3,130,Low,Central Cafeteria,Meals,Standard,109,78.3,56,53,3,5.4,0,Balanced,196,56.5,196,0,Moderate,30.64,Low Activity,CIQ-0806,USER_UPLOADED_EXCEL_DATA
2026-09-17,10:00-12:00,2,5,Mid,0,,6,13,120,0,5.0,42,143,250,57.2,14,Thursday,3,0,1,9,6,0,0,0,0,0,0,0,24.0,0,Clear,1.0,5,51.3,130,Low,Central Cafeteria,Meals,Standard,53,78.3,44,42,2,4.5,0,Balanced,137,56.5,196,0,Moderate,28.41,Low Activity,CIQ-0807,USER_UPLOADED_EXCEL_DATA
2026-09-17,12:00-14:00,2,5,Mid,0,,6,6,120,0,5.0,155,170,250,68.0,14,Thursday,3,0,1,9,6,0,0,0,0,0,0,0,24.0,0,Clear,1.0,5,51.3,130,Low,Central Cafeteria,Meals,Standard,42,78.3,163,155,8,4.9,0,Balanced,143,56.5,196,0,Moderate,41.07,Low Activity,CIQ-0808,USER_UPLOADED_EXCEL_DATA
2026-09-17,14:00-16:00,2,5,Mid,0,,6,6,120,0,5.0,32,170,250,68.0,14,Thursday,3,0,1,9,6,0,0,0,0,0,0,0,24.0,0,Clear,1.0,5,51.3,130,Low,Central Cafeteria,Meals,Standard,155,78.3,34,32,2,5.9,0,Balanced,170,56.5,196,0,Moderate,30.82,Low Activity,CIQ-0809,USER_UPLOADED_EXCEL_DATA
2026-09-17,16:00-18:00,2,5,Mid,0,,43,6,120,0,35.8,47,139,250,55.6,14,Thursday,3,0,1,9,6,0,0,0,0,0,0,0,24.0,0,Clear,1.0,5,51.3,130,Low,Central Cafeteria,Meals,Standard,32,78.3,49,47,2,4.1,0,Balanced,170,56.5,196,0,Moderate,39.13,Low Activity,CIQ-0810,USER_UPLOADED_EXCEL_DATA
2026-09-17,18:00-20:00,2,5,Mid,0,,52,43,120,0,43.3,109,164,250,65.6,14,Thursday,3,0,1,9,6,0,0,0,0,0,0,0,24.0,0,Clear,1.0,5,51.3,130,Low,Central Cafeteria,Meals,Standard,47,78.3,114,109,5,4.4,0,Balanced,139,56.5,196,0,Moderate,49.92,Moderate Load,CIQ-0811,USER_UPLOADED_EXCEL_DATA
2026-09-17,20:00-22:00,2,5,Mid,0,,41,52,120,0,34.2,103,192,250,76.8,14,Thursday,3,0,1,9,6,0,0,0,0,0,0,0,24.0,0,Clear,1.0,5,51.3,130,Low,Central Cafeteria,Meals,Standard,109,78.3,108,103,5,4.6,0,Balanced,164,56.5,196,0,Limited,49.59,Moderate Load,CIQ-0812,USER_UPLOADED_EXCEL_DATA
2026-09-18,08:00-10:00,2,5,Mid,0,,10,20,120,0,8.3,18,142,250,56.8,14,Friday,4,0,1,9,6,0,0,0,0,0,0,0,24.0,0,Clear,1.0,5,51.3,130,Low,Central Cafeteria,Meals,Standard,103,78.3,19,18,1,5.3,0,Balanced,192,56.5,196,0,Moderate,27.44,Low Activity,CIQ-0813,USER_UPLOADED_EXCEL_DATA
2026-09-18,10:00-12:00,2,5,Mid,0,,6,10,120,0,5.0,50,139,250,55.6,14,Friday,4,0,1,9,6,0,0,0,0,0,0,0,24.0,0,Clear,1.0,5,51.3,130,Low,Central Cafeteria,Meals,Standard,18,78.3,52,50,2,3.8,0,Balanced,142,56.5,196,0,Moderate,28.6,Low Activity,CIQ-0814,USER_UPLOADED_EXCEL_DATA
2026-09-18,12:00-14:00,2,5,Mid,0,,6,6,120,0,5.0,162,150,250,60.0,14,Friday,4,0,1,9,6,0,0,0,0,0,0,0,24.0,0,Clear,1.0,5,51.3,130,Low,Central Cafeteria,Meals,Standard,50,78.3,170,162,8,4.7,0,Balanced,139,56.5,196,0,Moderate,39.25,Low Activity,CIQ-0815,USER_UPLOADED_EXCEL_DATA
2026-09-18,14:00-16:00,2,5,Mid,0,,6,6,120,0,5.0,30,165,250,66.0,14,Friday,4,0,1,9,6,0,0,0,0,0,0,0,24.0,0,Clear,1.0,5,51.3,130,Low,Central Cafeteria,Meals,Standard,162,78.3,32,30,2,6.2,0,Balanced,150,56.5,196,0,Moderate,30.05,Low Activity,CIQ-0816,USER_UPLOADED_EXCEL_DATA
2026-09-18,16:00-18:00,2,5,Mid,0,,41,6,120,0,34.2,58,139,250,55.6,14,Friday,4,0,1,9,6,0,0,0,0,0,0,0,24.0,0,Clear,1.0,5,51.3,130,Low,Central Cafeteria,Meals,Standard,30,78.3,61,58,3,4.9,0,Balanced,165,56.5,196,0,Moderate,39.48,Low Activity,CIQ-0817,USER_UPLOADED_EXCEL_DATA
2026-09-18,18:00-20:00,2,5,Mid,0,,59,41,120,0,49.2,89,177,250,70.8,14,Friday,4,0,1,9,6,0,0,0,0,0,0,0,24.0,0,Clear,1.0,5,51.3,130,Low,Central Cafeteria,Meals,Standard,58,78.3,93,89,4,4.3,0,Balanced,139,56.5,196,0,Moderate,51.88,Moderate Load,CIQ-0818,USER_UPLOADED_EXCEL_DATA
2026-09-18,20:00-22:00,2,5,Mid,0,,40,59,120,0,33.3,112,178,250,71.2,14,Friday,4,0,1,9,6,0,0,0,0,0,0,0,24.0,0,Clear,1.0,5,51.3,130,Low,Central Cafeteria,Meals,Standard,89,78.3,118,112,6,5.1,0,Balanced,177,56.5,196,0,Moderate,48.35,Moderate Load,CIQ-0819,USER_UPLOADED_EXCEL_DATA
2026-09-19,08:00-10:00,2,5,Mid,0,,24,20,120,0,20.0,38,141,250,56.4,14,Saturday,5,1,1,9,6,0,0,0,0,0,0,0,24.0,0,Clear,1.0,5,51.3,130,Low,Central Cafeteria,Meals,Standard,112,78.3,40,38,2,5.0,0,Balanced,178,56.5,196,0,Moderate,33.09,Low Activity,CIQ-0820,USER_UPLOADED_EXCEL_DATA
2026-09-19,10:00-12:00,2,5,Mid,0,,6,24,120,0,5.0,24,144,250,57.6,14,Saturday,5,1,1,9,6,0,0,0,0,0,0,0,24.0,0,Clear,1.0,5,51.3,130,Low,Central Cafeteria,Meals,Standard,38,78.3,25,24,1,4.0,0,Balanced,141,56.5,196,0,Moderate,27.03,Low Activity,CIQ-0821,USER_UPLOADED_EXCEL_DATA
2026-09-19,12:00-14:00,2,5,Mid,0,,6,6,120,0,5.0,134,148,250,59.2,14,Saturday,5,1,1,9,6,0,0,0,0,0,0,0,24.0,0,Clear,1.0,5,51.3,130,Low,Central Cafeteria,Meals,Standard,24,78.3,141,134,7,5.0,0,Balanced,144,56.5,196,0,Moderate,36.68,Low Activity,CIQ-0822,USER_UPLOADED_EXCEL_DATA
2026-09-19,14:00-16:00,2,5,Mid,0,,9,6,120,0,7.5,47,148,250,59.2,14,Saturday,5,1,1,9,6,0,0,0,0,0,0,0,24.0,0,Clear,1.0,5,51.3,130,Low,Central Cafeteria,Meals,Standard,134,78.3,49,47,2,4.1,0,Balanced,148,56.5,196,0,Moderate,30.3,Low Activity,CIQ-0823,USER_UPLOADED_EXCEL_DATA
2026-09-19,16:00-18:00,2,5,Mid,0,,57,9,120,0,47.5,32,132,250,52.8,14,Saturday,5,1,1,9,6,0,0,0,0,0,0,0,24.0,0,Clear,1.0,5,51.3,130,Low,Central Cafeteria,Meals,Standard,47,78.3,34,32,2,5.9,0,Balanced,148,56.5,196,0,Moderate,41.13,Low Activity,CIQ-0824,USER_UPLOADED_EXCEL_DATA
2026-09-19,18:00-20:00,2,5,Mid,0,,76,57,120,0,63.3,112,189,250,75.6,14,Saturday,5,1,1,9,6,0,0,0,0,0,0,0,24.0,0,Clear,1.0,5,51.3,130,Moderate,Central Cafeteria,Meals,Standard,32,78.3,118,112,6,5.1,0,Balanced,132,56.5,196,0,Limited,60.17,Moderate Load,CIQ-0825,USER_UPLOADED_EXCEL_DATA
2026-09-19,20:00-22:00,2,5,Mid,1,Sports_Tournament,101,76,120,1,84.2,150,196,250,78.4,14,Saturday,5,1,1,9,6,0,0,0,0,0,0,0,24.0,0,Clear,1.0,5,51.3,130,High,Central Cafeteria,Meals,Standard,112,78.3,158,150,8,5.1,0,Balanced,189,56.5,196,0,Limited,71.49,High Congestion,CIQ-0826,USER_UPLOADED_EXCEL_DATA
2026-09-20,08:00-10:00,2,5,Mid,0,,30,20,120,0,25.0,34,151,250,60.4,14,Sunday,6,1,1,9,6,0,0,0,0,0,0,0,24.0,0,Clear,1.0,5,51.3,130,Low,Central Cafeteria,Meals,Standard,150,78.3,36,34,2,5.6,0,Balanced,196,56.5,196,0,Moderate,35.7,Low Activity,CIQ-0827,USER_UPLOADED_EXCEL_DATA
2026-09-20,10:00-12:00,2,5,Mid,0,,6,30,120,0,5.0,25,138,250,55.2,14,Sunday,6,1,1,9,6,0,0,0,0,0,0,0,24.0,0,Clear,1.0,5,51.3,130,Low,Central Cafeteria,Meals,Standard,34,78.3,26,25,1,3.8,0,Balanced,151,56.5,196,0,Moderate,26.39,Low Activity,CIQ-0828,USER_UPLOADED_EXCEL_DATA
2026-09-20,12:00-14:00,2,5,Mid,0,,13,6,120,0,10.8,120,134,250,53.6,14,Sunday,6,1,1,9,6,0,0,0,0,0,0,0,24.0,0,Clear,1.0,5,51.3,130,Low,Central Cafeteria,Meals,Standard,25,78.3,126,120,6,4.8,0,Balanced,138,56.5,196,0,Moderate,35.86,Low Activity,CIQ-0829,USER_UPLOADED_EXCEL_DATA
2026-09-20,14:00-16:00,2,5,Mid,0,,6,13,120,0,5.0,47,132,250,52.8,14,Sunday,6,1,1,9,6,0,0,0,0,0,0,0,24.0,0,Clear,1.0,5,51.3,130,Low,Central Cafeteria,Meals,Standard,120,78.3,49,47,2,4.1,0,Balanced,134,56.5,196,0,Moderate,27.51,Low Activity,CIQ-0830,USER_UPLOADED_EXCEL_DATA
2026-09-20,16:00-18:00,2,5,Mid,0,,60,6,120,0,50.0,35,145,250,58.0,14,Sunday,6,1,1,9,6,0,0,0,0,0,0,0,24.0,0,Clear,1.0,5,51.3,130,Low,Central Cafeteria,Meals,Standard,47,78.3,37,35,2,5.4,0,Balanced,132,56.5,196,0,Moderate,43.82,Low Activity,CIQ-0831,USER_UPLOADED_EXCEL_DATA
2026-09-20,18:00-20:00,2,5,Mid,0,,78,60,120,0,65.0,115,192,250,76.8,14,Sunday,6,1,1,9,6,0,0,0,0,0,0,0,24.0,0,Clear,1.0,5,51.3,130,Moderate,Central Cafeteria,Meals,Standard,35,78.3,121,115,6,5.0,0,Balanced,145,56.5,196,0,Limited,61.37,Moderate Load,CIQ-0832,USER_UPLOADED_EXCEL_DATA
2026-09-20,20:00-22:00,2,5,Mid,0,,56,78,120,0,46.7,111,174,250,69.6,14,Sunday,6,1,1,9,6,0,0,0,0,0,0,0,24.0,0,Clear,1.0,5,51.3,130,Low,Central Cafeteria,Meals,Standard,115,78.3,117,111,6,5.1,0,Balanced,192,56.5,196,0,Moderate,52.47,Moderate Load,CIQ-0833,USER_UPLOADED_EXCEL_DATA
2026-09-21,08:00-10:00,2,5,Mid,0,,12,20,120,0,10.0,44,133,250,53.2,14,Monday,0,0,1,9,6,0,0,0,0,0,0,0,24.0,0,Clear,1.0,5,51.3,130,Low,Central Cafeteria,Meals,Standard,111,78.3,46,44,2,4.3,0,Balanced,174,56.5,196,0,Moderate,29.13,Low Activity,CIQ-0834,USER_UPLOADED_EXCEL_DATA
2026-09-21,10:00-12:00,2,5,Mid,0,,6,12,120,0,5.0,22,151,250,60.4,14,Monday,0,0,1,9,6,0,0,0,0,0,0,0,24.0,0,Clear,1.0,5,51.3,130,Low,Central Cafeteria,Meals,Standard,44,78.3,23,22,1,4.3,0,Balanced,133,56.5,196,0,Moderate,27.7,Low Activity,CIQ-0835,USER_UPLOADED_EXCEL_DATA
2026-09-21,12:00-14:00,2,5,Mid,0,,6,6,120,0,5.0,131,164,250,65.6,14,Monday,0,0,1,9,6,0,0,0,0,0,0,0,24.0,0,Clear,1.0,5,51.3,130,Low,Central Cafeteria,Meals,Standard,22,78.3,138,131,7,5.1,0,Balanced,151,56.5,196,0,Moderate,38.35,Low Activity,CIQ-0836,USER_UPLOADED_EXCEL_DATA
2026-09-21,14:00-16:00,2,5,Mid,0,,6,6,120,0,5.0,35,153,250,61.2,14,Monday,0,0,1,9,6,0,0,0,0,0,0,0,24.0,0,Clear,1.0,5,51.3,130,Low,Central Cafeteria,Meals,Standard,131,78.3,37,35,2,5.4,0,Balanced,164,56.5,196,0,Moderate,29.03,Low Activity,CIQ-0837,USER_UPLOADED_EXCEL_DATA
2026-09-21,16:00-18:00,2,5,Mid,0,,44,6,120,0,36.7,53,151,250,60.4,14,Monday,0,0,1,9,6,0,0,0,0,0,0,0,24.0,0,Clear,1.0,5,51.3,130,Low,Central Cafeteria,Meals,Standard,35,78.3,56,53,3,5.4,0,Balanced,153,56.5,196,0,Moderate,41.38,Low Activity,CIQ-0838,USER_UPLOADED_EXCEL_DATA
2026-09-21,18:00-20:00,2,5,Mid,0,,53,44,120,0,44.2,117,176,250,70.4,14,Monday,0,0,1,9,6,0,0,0,0,0,0,0,24.0,0,Clear,1.0,5,51.3,130,Low,Central Cafeteria,Meals,Standard,53,78.3,123,117,6,4.9,0,Balanced,151,56.5,196,0,Moderate,52.34,Moderate Load,CIQ-0839,USER_UPLOADED_EXCEL_DATA
2026-09-21,20:00-22:00,2,5,Mid,1,Sports_Tournament,81,53,120,0,67.5,139,187,250,74.8,14,Monday,0,0,1,9,6,0,0,0,0,0,0,0,24.0,0,Clear,1.0,5,51.3,130,Moderate,Central Cafeteria,Meals,Standard,117,78.3,146,139,7,4.8,0,Balanced,176,56.5,196,0,Moderate,63.65,Moderate Load,CIQ-0840,USER_UPLOADED_EXCEL_DATA
2026-09-22,08:00-10:00,2,2,Mid,0,,34,20,120,0,28.3,33,19,250,7.6,14,Tuesday,1,0,1,9,6,0,0,0,0,0,0,0,24.0,0,Clear,1.0,5,51.3,130,Low,Central Cafeteria,Meals,Standard,139,78.3,35,33,2,5.7,0,Balanced,187,56.5,196,0,Ample,20.94,Low Activity,CIQ-0841,USER_UPLOADED_EXCEL_DATA
2026-09-22,10:00-12:00,2,2,Mid,0,,18,34,120,0,15.0,28,25,250,10.0,14,Tuesday,1,0,1,9,6,0,0,0,0,0,0,0,24.0,0,Clear,1.0,5,51.3,130,Low,Central Cafeteria,Meals,Standard,33,78.3,29,28,1,3.4,0,Balanced,19,56.5,196,0,Ample,16.58,Low Activity,CIQ-0842,USER_UPLOADED_EXCEL_DATA
2026-09-22,12:00-14:00,2,2,Mid,0,,20,18,120,0,16.7,129,55,250,22.0,14,Tuesday,1,0,1,9,6,0,0,0,0,0,0,0,24.0,0,Clear,1.0,5,51.3,130,Low,Central Cafeteria,Meals,Standard,28,78.3,135,129,6,4.4,0,Balanced,25,56.5,196,0,Ample,29.2,Low Activity,CIQ-0843,USER_UPLOADED_EXCEL_DATA
2026-09-22,14:00-16:00,2,2,Mid,0,,10,20,120,0,8.3,26,44,250,17.6,14,Tuesday,1,0,1,9,6,0,0,0,0,0,0,0,24.0,0,Clear,1.0,5,51.3,130,Low,Central Cafeteria,Meals,Standard,129,78.3,27,26,1,3.7,0,Balanced,55,56.5,196,0,Ample,16.35,Low Activity,CIQ-0844,USER_UPLOADED_EXCEL_DATA
2026-09-22,16:00-18:00,2,2,Mid,0,,86,10,120,0,71.7,63,25,250,10.0,14,Tuesday,1,0,1,9,6,0,0,0,0,0,0,0,24.0,0,Clear,1.0,5,51.3,130,Moderate,Central Cafeteria,Meals,Standard,26,78.3,66,63,3,4.5,0,Balanced,44,56.5,196,0,Ample,39.34,Low Activity,CIQ-0845,USER_UPLOADED_EXCEL_DATA
2026-09-22,18:00-20:00,2,2,Mid,0,,86,86,120,0,71.7,108,90,250,36.0,14,Tuesday,1,0,1,9,6,0,0,0,0,0,0,0,24.0,0,Clear,1.0,5,51.3,130,Moderate,Central Cafeteria,Meals,Standard,63,78.3,113,108,5,4.4,0,Balanced,25,56.5,196,0,Ample,50.9,Moderate Load,CIQ-0846,USER_UPLOADED_EXCEL_DATA
2026-09-22,20:00-22:00,2,2,Mid,0,,67,86,120,0,55.8,113,69,250,27.6,14,Tuesday,1,0,1,9,6,0,0,0,0,0,0,0,24.0,0,Clear,1.0,5,51.3,130,Low,Central Cafeteria,Meals,Standard,108,78.3,119,113,6,5.0,0,Balanced,90,56.5,196,0,Ample,43.23,Low Activity,CIQ-0847,USER_UPLOADED_EXCEL_DATA
2026-09-23,08:00-10:00,2,3,Mid,0,,39,20,120,0,32.5,58,28,250,11.2,14,Wednesday,2,0,1,9,6,0,0,0,0,0,0,0,24.0,0,Clear,1.0,5,51.3,130,Low,Central Cafeteria,Meals,Standard,113,78.3,61,58,3,4.9,0,Balanced,69,56.5,196,0,Ample,25.57,Low Activity,CIQ-0848,USER_UPLOADED_EXCEL_DATA
2026-09-23,10:00-12:00,2,3,Mid,0,,19,39,120,0,15.8,40,13,250,5.2,14,Wednesday,2,0,1,9,6,0,0,0,0,0,0,0,24.0,0,Clear,1.0,5,51.3,130,Low,Central Cafeteria,Meals,Standard,58,78.3,42,40,2,4.8,0,Balanced,28,56.5,196,0,Ample,16.42,Low Activity,CIQ-0849,USER_UPLOADED_EXCEL_DATA
2026-09-23,12:00-14:00,2,3,Mid,0,,18,19,120,0,15.0,156,54,250,21.6,14,Wednesday,2,0,1,9,6,0,0,0,0,0,0,0,24.0,0,Clear,1.0,5,51.3,130,Low,Central Cafeteria,Meals,Standard,40,78.3,164,156,8,4.9,0,Balanced,13,56.5,196,0,Ample,30.73,Low Activity,CIQ-0850,USER_UPLOADED_EXCEL_DATA
2026-09-23,14:00-16:00,2,3,Mid,0,,28,18,120,0,23.3,34,39,250,15.6,14,Wednesday,2,0,1,9,6,0,0,0,0,0,0,0,24.0,0,Clear,1.0,5,51.3,130,Low,Central Cafeteria,Meals,Standard,156,78.3,36,34,2,5.6,0,Balanced,54,56.5,196,0,Ample,21.67,Low Activity,CIQ-0851,USER_UPLOADED_EXCEL_DATA
2026-09-23,16:00-18:00,2,3,Mid,0,,80,28,120,0,66.7,67,34,250,13.6,14,Wednesday,2,0,1,9,6,0,0,0,0,0,0,0,24.0,0,Clear,1.0,5,51.3,130,Moderate,Central Cafeteria,Meals,Standard,34,78.3,70,67,3,4.3,0,Balanced,39,56.5,196,0,Ample,39.01,Low Activity,CIQ-0852,USER_UPLOADED_EXCEL_DATA
2026-09-23,18:00-20:00,2,3,Mid,0,,85,80,120,0,70.8,109,61,250,24.4,14,Wednesday,2,0,1,9,6,0,0,0,0,0,0,0,24.0,0,Clear,1.0,5,51.3,130,Moderate,Central Cafeteria,Meals,Standard,67,78.3,114,109,5,4.4,0,Balanced,34,56.5,196,0,Ample,47.18,Moderate Load,CIQ-0853,USER_UPLOADED_EXCEL_DATA
2026-09-23,20:00-22:00,2,3,Mid,0,,62,85,120,0,51.7,94,65,250,26.0,14,Wednesday,2,0,1,9,6,0,0,0,0,0,0,0,24.0,0,Clear,1.0,5,51.3,130,Low,Central Cafeteria,Meals,Standard,109,78.3,99,94,5,5.1,0,Balanced,61,56.5,196,0,Ample,39.73,Low Activity,CIQ-0854,USER_UPLOADED_EXCEL_DATA
2026-09-24,08:00-10:00,2,3,Mid,0,,35,20,120,0,29.2,37,10,250,4.0,14,Thursday,3,0,1,9,6,0,0,0,0,0,0,0,24.0,0,Clear,1.0,5,51.3,130,Low,Central Cafeteria,Meals,Standard,94,78.3,39,37,2,5.1,0,Balanced,65,56.5,196,0,Ample,20.5,Low Activity,CIQ-0855,USER_UPLOADED_EXCEL_DATA
2026-09-24,10:00-12:00,2,3,Mid,0,,31,35,120,0,25.8,34,24,250,9.6,14,Thursday,3,0,1,9,6,0,0,0,0,0,0,0,24.0,0,Clear,1.0,5,51.3,130,Low,Central Cafeteria,Meals,Standard,37,78.3,36,34,2,5.6,0,Balanced,10,56.5,196,0,Ample,20.74,Low Activity,CIQ-0856,USER_UPLOADED_EXCEL_DATA
2026-09-24,12:00-14:00,2,3,Mid,0,,23,31,120,0,19.2,141,48,250,19.2,14,Thursday,3,0,1,9,6,0,0,0,0,0,0,0,24.0,0,Clear,1.0,5,51.3,130,Low,Central Cafeteria,Meals,Standard,34,78.3,148,141,7,4.7,0,Balanced,24,56.5,196,0,Ample,30.23,Low Activity,CIQ-0857,USER_UPLOADED_EXCEL_DATA
2026-09-24,14:00-16:00,2,3,Mid,0,,15,23,120,0,12.5,32,41,250,16.4,14,Thursday,3,0,1,9,6,0,0,0,0,0,0,0,24.0,0,Clear,1.0,5,51.3,130,Low,Central Cafeteria,Meals,Standard,141,78.3,34,32,2,5.9,0,Balanced,48,56.5,196,0,Ample,17.96,Low Activity,CIQ-0858,USER_UPLOADED_EXCEL_DATA
2026-09-24,16:00-18:00,2,3,Mid,0,,74,15,120,0,61.7,60,33,250,13.2,14,Thursday,3,0,1,9,6,0,0,0,0,0,0,0,24.0,0,Clear,1.0,5,51.3,130,Moderate,Central Cafeteria,Meals,Standard,32,78.3,63,60,3,4.8,0,Balanced,41,56.5,196,0,Ample,36.56,Low Activity,CIQ-0859,USER_UPLOADED_EXCEL_DATA
2026-09-24,18:00-20:00,2,3,Mid,1,Sports_Tournament,121,74,120,1,100.8,145,50,250,20.0,14,Thursday,3,0,1,9,6,0,0,0,0,0,0,0,24.0,0,Clear,1.0,5,51.3,130,Severe,Central Cafeteria,Meals,Standard,60,78.3,152,145,7,4.6,0,Balanced,33,56.5,196,0,Ample,59.36,Moderate Load,CIQ-0860,USER_UPLOADED_EXCEL_DATA
2026-09-24,20:00-22:00,2,3,Mid,0,,81,121,120,0,67.5,104,62,250,24.8,14,Thursday,3,0,1,9,6,0,0,0,0,0,0,0,24.0,0,Clear,1.0,5,51.3,130,Moderate,Central Cafeteria,Meals,Standard,145,78.3,109,104,5,4.6,0,Balanced,50,56.5,196,0,Ample,45.73,Moderate Load,CIQ-0861,USER_UPLOADED_EXCEL_DATA
2026-09-25,08:00-10:00,2,4,Mid,0,,42,20,120,0,35.0,36,15,250,6.0,14,Friday,4,0,1,9,6,0,0,0,0,0,0,0,24.0,0,Clear,1.0,5,51.3,130,Low,Central Cafeteria,Meals,Standard,104,78.3,38,36,2,5.3,0,Balanced,62,56.5,196,0,Ample,23.05,Low Activity,CIQ-0862,USER_UPLOADED_EXCEL_DATA
2026-09-25,10:00-12:00,2,4,Mid,0,,19,42,120,0,15.8,28,32,250,12.8,14,Friday,4,0,1,9,6,0,0,0,0,0,0,0,24.0,0,Clear,1.0,5,51.3,130,Low,Central Cafeteria,Meals,Standard,36,78.3,29,28,1,3.4,0,Balanced,15,56.5,196,0,Ample,17.7,Low Activity,CIQ-0863,USER_UPLOADED_EXCEL_DATA
2026-09-25,12:00-14:00,2,4,Mid,0,,14,19,120,0,11.7,147,41,250,16.4,14,Friday,4,0,1,9,6,0,0,0,0,0,0,0,24.0,0,Clear,1.0,5,51.3,130,Low,Central Cafeteria,Meals,Standard,28,78.3,154,147,7,4.5,0,Balanced,32,56.5,196,0,Ample,27.26,Low Activity,CIQ-0864,USER_UPLOADED_EXCEL_DATA
2026-09-25,14:00-16:00,2,4,Mid,0,,21,14,120,0,17.5,55,44,250,17.6,14,Friday,4,0,1,9,6,0,0,0,0,0,0,0,24.0,0,Clear,1.0,5,51.3,130,Low,Central Cafeteria,Meals,Standard,147,78.3,58,55,3,5.2,0,Balanced,41,56.5,196,0,Ample,21.99,Low Activity,CIQ-0865,USER_UPLOADED_EXCEL_DATA
2026-09-25,16:00-18:00,2,4,Mid,0,,91,21,120,0,75.8,36,36,250,14.4,14,Friday,4,0,1,9,6,0,0,0,0,0,0,0,24.0,0,Clear,1.0,5,51.3,130,Moderate,Central Cafeteria,Meals,Standard,55,78.3,38,36,2,5.3,0,Balanced,44,56.5,196,0,Ample,39.85,Low Activity,CIQ-0866,USER_UPLOADED_EXCEL_DATA
2026-09-25,18:00-20:00,2,4,Mid,0,,86,91,120,0,71.7,97,70,250,28.0,14,Friday,4,0,1,9,6,0,0,0,0,0,0,0,24.0,0,Clear,1.0,5,51.3,130,Moderate,Central Cafeteria,Meals,Standard,36,78.3,102,97,5,4.9,0,Balanced,36,56.5,196,0,Ample,47.58,Moderate Load,CIQ-0867,USER_UPLOADED_EXCEL_DATA
2026-09-25,20:00-22:00,2,4,Mid,0,,56,86,120,0,46.7,118,61,250,24.4,14,Friday,4,0,1,9,6,0,0,0,0,0,0,0,24.0,0,Clear,1.0,5,51.3,130,Low,Central Cafeteria,Meals,Standard,97,78.3,124,118,6,4.8,0,Balanced,70,56.5,196,0,Ample,39.5,Low Activity,CIQ-0868,USER_UPLOADED_EXCEL_DATA
2026-09-26,08:00-10:00,2,2,Mid,0,,61,20,120,0,50.8,47,25,250,10.0,14,Saturday,5,1,1,9,6,0,0,0,0,0,0,0,24.0,0,Clear,1.0,5,51.3,130,Low,Central Cafeteria,Meals,Standard,118,78.3,49,47,2,4.1,0,Balanced,61,56.5,196,0,Ample,30.7,Low Activity,CIQ-0869,USER_UPLOADED_EXCEL_DATA
2026-09-26,10:00-12:00,2,2,Mid,0,,35,61,120,0,29.2,37,28,250,11.2,14,Saturday,5,1,1,9,6,0,0,0,0,0,0,0,24.0,0,Clear,1.0,5,51.3,130,Low,Central Cafeteria,Meals,Standard,47,78.3,39,37,2,5.1,0,Balanced,25,56.5,196,0,Ample,22.66,Low Activity,CIQ-0870,USER_UPLOADED_EXCEL_DATA
2026-09-26,12:00-14:00,2,2,Mid,0,,23,35,120,0,19.2,124,27,250,10.8,14,Saturday,5,1,1,9,6,0,0,0,0,0,0,0,24.0,0,Clear,1.0,5,51.3,130,Low,Central Cafeteria,Meals,Standard,37,78.3,130,124,6,4.6,0,Balanced,28,56.5,196,0,Ample,26.29,Low Activity,CIQ-0871,USER_UPLOADED_EXCEL_DATA
2026-09-26,14:00-16:00,2,2,Mid,0,,37,23,120,0,30.8,29,30,250,12.0,14,Saturday,5,1,1,9,6,0,0,0,0,0,0,0,24.0,0,Clear,1.0,5,51.3,130,Low,Central Cafeteria,Meals,Standard,124,78.3,30,29,1,3.3,0,Balanced,27,56.5,196,0,Ample,22.8,Low Activity,CIQ-0872,USER_UPLOADED_EXCEL_DATA
2026-09-26,16:00-18:00,2,2,Mid,0,,100,37,120,1,83.3,56,31,250,12.4,14,Saturday,5,1,1,9,6,0,0,0,0,0,0,0,24.0,0,Clear,1.0,5,51.3,130,High,Central Cafeteria,Meals,Standard,29,78.3,59,56,3,5.1,0,Balanced,30,56.5,196,0,Ample,43.54,Low Activity,CIQ-0873,USER_UPLOADED_EXCEL_DATA
2026-09-26,18:00-20:00,2,2,Mid,0,,114,100,120,1,95.0,98,59,250,23.6,14,Saturday,5,1,1,9,6,0,0,0,0,0,0,0,24.0,0,Clear,1.0,5,51.3,130,Severe,Central Cafeteria,Meals,Standard,56,78.3,103,98,5,4.9,0,Balanced,31,56.5,196,0,Ample,54.5,Moderate Load,CIQ-0874,USER_UPLOADED_EXCEL_DATA
2026-09-26,20:00-22:00,2,2,Mid,0,,85,114,120,0,70.8,85,79,250,31.6,14,Saturday,5,1,1,9,6,0,0,0,0,0,0,0,24.0,0,Clear,1.0,5,51.3,130,Moderate,Central Cafeteria,Meals,Standard,98,78.3,89,85,4,4.5,0,Balanced,59,56.5,196,0,Ample,47.34,Moderate Load,CIQ-0875,USER_UPLOADED_EXCEL_DATA
2026-09-27,08:00-10:00,2,2,Mid,0,,48,20,120,0,40.0,32,23,250,9.2,14,Sunday,6,1,1,9,6,0,0,0,0,0,0,0,24.0,0,Clear,1.0,5,51.3,130,Low,Central Cafeteria,Meals,Standard,85,78.3,34,32,2,5.9,0,Balanced,79,56.5,196,0,Ample,25.43,Low Activity,CIQ-0876,USER_UPLOADED_EXCEL_DATA
2026-09-27,10:00-12:00,2,2,Mid,0,,42,48,120,0,35.0,28,22,250,8.8,14,Sunday,6,1,1,9,6,0,0,0,0,0,0,0,24.0,0,Clear,1.0,5,51.3,130,Low,Central Cafeteria,Meals,Standard,32,78.3,29,28,1,3.4,0,Balanced,23,56.5,196,0,Ample,23.22,Low Activity,CIQ-0877,USER_UPLOADED_EXCEL_DATA
2026-09-27,12:00-14:00,2,2,Mid,0,,29,42,120,0,24.2,133,10,250,4.0,14,Sunday,6,1,1,9,6,0,0,0,0,0,0,0,24.0,0,Clear,1.0,5,51.3,130,Low,Central Cafeteria,Meals,Standard,28,78.3,140,133,7,5.0,0,Balanced,22,56.5,196,0,Ample,26.75,Low Activity,CIQ-0878,USER_UPLOADED_EXCEL_DATA
2026-09-27,14:00-16:00,2,2,Mid,0,,35,29,120,0,29.2,45,19,250,7.6,14,Sunday,6,1,1,9,6,0,0,0,0,0,0,0,24.0,0,Clear,1.0,5,51.3,130,Low,Central Cafeteria,Meals,Standard,133,78.3,47,45,2,4.3,0,Balanced,10,56.5,196,0,Ample,22.25,Low Activity,CIQ-0879,USER_UPLOADED_EXCEL_DATA
2026-09-27,16:00-18:00,2,2,Mid,0,,90,35,120,0,75.0,39,48,250,19.2,14,Sunday,6,1,1,9,6,0,0,0,0,0,0,0,24.0,0,Clear,1.0,5,51.3,130,Moderate,Central Cafeteria,Meals,Standard,45,78.3,41,39,2,4.9,0,Balanced,19,56.5,196,0,Ample,41.26,Low Activity,CIQ-0880,USER_UPLOADED_EXCEL_DATA
2026-09-27,18:00-20:00,2,2,Mid,1,Sports_Tournament,130,90,120,1,108.3,127,63,250,25.2,14,Sunday,6,1,1,9,6,0,0,0,0,0,0,0,24.0,0,Clear,1.0,5,51.3,130,Severe,Central Cafeteria,Meals,Standard,39,78.3,133,127,6,4.5,0,Balanced,48,56.5,196,0,Ample,62.05,Moderate Load,CIQ-0881,USER_UPLOADED_EXCEL_DATA
2026-09-27,20:00-22:00,2,2,Mid,0,,96,130,120,1,80.0,102,72,250,28.8,14,Sunday,6,1,1,9,6,0,0,0,0,0,0,0,24.0,0,Clear,1.0,5,51.3,130,High,Central Cafeteria,Meals,Standard,127,78.3,107,102,5,4.7,0,Balanced,63,56.5,196,0,Ample,51.14,Moderate Load,CIQ-0882,USER_UPLOADED_EXCEL_DATA
2026-09-28,08:00-10:00,2,3,Mid,0,,36,20,120,0,30.0,36,31,250,12.4,14,Monday,0,0,1,9,6,0,0,0,0,0,0,0,24.0,0,Clear,1.0,5,51.3,130,Low,Central Cafeteria,Meals,Standard,102,78.3,38,36,2,5.3,0,Balanced,72,56.5,196,0,Ample,23.22,Low Activity,CIQ-0883,USER_UPLOADED_EXCEL_DATA
2026-09-28,10:00-12:00,2,3,Mid,0,,27,36,120,0,22.5,47,23,250,9.2,14,Monday,0,0,1,9,6,0,0,0,0,0,0,0,24.0,0,Clear,1.0,5,51.3,130,Low,Central Cafeteria,Meals,Standard,36,78.3,49,47,2,4.1,0,Balanced,31,56.5,196,0,Ample,20.55,Low Activity,CIQ-0884,USER_UPLOADED_EXCEL_DATA
2026-09-28,12:00-14:00,2,3,Mid,1,,16,27,120,0,13.3,178,52,250,20.8,14,Monday,0,0,1,9,6,0,0,0,0,0,0,0,24.0,0,Clear,1.0,5,51.3,130,Low,Central Cafeteria,Meals,Standard,47,78.3,187,178,9,4.8,0,Balanced,23,56.5,196,0,Ample,31.73,Low Activity,CIQ-0885,USER_UPLOADED_EXCEL_DATA
2026-09-28,14:00-16:00,2,3,Mid,0,,20,16,120,0,16.7,52,50,250,20.0,14,Monday,0,0,1,9,6,0,0,0,0,0,0,0,24.0,0,Clear,1.0,5,51.3,130,Low,Central Cafeteria,Meals,Standard,178,78.3,55,52,3,5.5,0,Balanced,52,56.5,196,0,Ample,22.18,Low Activity,CIQ-0886,USER_UPLOADED_EXCEL_DATA
2026-09-28,16:00-18:00,2,3,Mid,0,,84,20,120,0,70.0,56,27,250,10.8,14,Monday,0,0,1,9,6,0,0,0,0,0,0,0,24.0,0,Clear,1.0,5,51.3,130,Moderate,Central Cafeteria,Meals,Standard,52,78.3,59,56,3,5.1,0,Balanced,50,56.5,196,0,Ample,38.41,Low Activity,CIQ-0887,USER_UPLOADED_EXCEL_DATA
2026-09-28,18:00-20:00,2,3,Mid,0,,86,84,120,0,71.7,107,68,250,27.2,14,Monday,0,0,1,9,6,0,0,0,0,0,0,0,24.0,0,Clear,1.0,5,51.3,130,Moderate,Central Cafeteria,Meals,Standard,56,78.3,112,107,5,4.5,0,Balanced,27,56.5,196,0,Ample,48.17,Moderate Load,CIQ-0888,USER_UPLOADED_EXCEL_DATA
2026-09-28,20:00-22:00,2,3,Mid,0,,67,86,120,0,55.8,96,74,250,29.6,14,Monday,0,0,1,9,6,0,0,0,0,0,0,0,24.0,0,Clear,1.0,5,51.3,130,Low,Central Cafeteria,Meals,Standard,107,78.3,101,96,5,5.0,0,Balanced,68,56.5,196,0,Ample,42.41,Low Activity,CIQ-0889,USER_UPLOADED_EXCEL_DATA
2026-09-29,08:00-10:00,2,3,Mid,0,,51,20,120,0,42.5,51,24,250,9.6,14,Tuesday,1,0,1,9,6,0,0,0,0,0,0,0,24.0,0,Clear,1.0,5,51.3,130,Low,Central Cafeteria,Meals,Standard,96,78.3,54,51,3,5.6,0,Balanced,74,56.5,196,0,Ample,28.0,Low Activity,CIQ-0890,USER_UPLOADED_EXCEL_DATA
2026-09-29,10:00-12:00,2,3,Mid,1,,19,51,120,0,15.8,58,37,250,14.8,14,Tuesday,1,0,1,9,6,0,0,0,0,0,0,0,24.0,0,Clear,1.0,5,51.3,130,Low,Central Cafeteria,Meals,Standard,51,78.3,61,58,3,4.9,0,Balanced,24,56.5,196,0,Ample,20.8,Low Activity,CIQ-0891,USER_UPLOADED_EXCEL_DATA
2026-09-29,12:00-14:00,2,3,Mid,0,,20,19,120,0,16.7,136,54,250,21.6,14,Tuesday,1,0,1,9,6,0,0,0,0,0,0,0,24.0,0,Clear,1.0,5,51.3,130,Low,Central Cafeteria,Meals,Standard,58,78.3,143,136,7,4.9,0,Balanced,37,56.5,196,0,Ample,29.66,Low Activity,CIQ-0892,USER_UPLOADED_EXCEL_DATA
2026-09-29,14:00-16:00,2,3,Mid,0,,24,20,120,0,20.0,52,37,250,14.8,14,Tuesday,1,0,1,9,6,0,0,0,0,0,0,0,24.0,0,Clear,1.0,5,51.3,130,Low,Central Cafeteria,Meals,Standard,136,78.3,55,52,3,5.5,0,Balanced,54,56.5,196,0,Ample,21.77,Low Activity,CIQ-0893,USER_UPLOADED_EXCEL_DATA
2026-09-29,16:00-18:00,2,3,Mid,0,,81,24,120,0,67.5,62,34,250,13.6,14,Tuesday,1,0,1,9,6,0,0,0,0,0,0,0,24.0,0,Clear,1.0,5,51.3,130,Moderate,Central Cafeteria,Meals,Standard,52,78.3,65,62,3,4.6,0,Balanced,37,56.5,196,0,Ample,38.87,Low Activity,CIQ-0894,USER_UPLOADED_EXCEL_DATA
2026-09-29,18:00-20:00,2,3,Mid,1,Sports_Tournament,122,81,120,1,101.7,151,62,250,24.8,14,Tuesday,1,0,1,9,6,0,0,0,0,0,0,0,24.0,0,Clear,1.0,5,51.3,130,Severe,Central Cafeteria,Meals,Standard,62,78.3,159,151,8,5.0,0,Balanced,34,56.5,196,0,Ample,61.62,Moderate Load,CIQ-0895,USER_UPLOADED_EXCEL_DATA
2026-09-29,20:00-22:00,2,3,Mid,0,,77,122,120,0,64.2,111,80,250,32.0,14,Tuesday,1,0,1,9,6,0,0,0,0,0,0,0,24.0,0,Clear,1.0,5,51.3,130,Moderate,Central Cafeteria,Meals,Standard,151,78.3,117,111,6,5.1,0,Balanced,62,56.5,196,0,Ample,47.32,Moderate Load,CIQ-0896,USER_UPLOADED_EXCEL_DATA
2026-09-30,08:00-10:00,2,3,Mid,1,,40,20,120,0,33.3,62,31,250,12.4,14,Wednesday,2,0,1,9,6,0,0,0,0,0,0,0,24.0,0,Clear,1.0,5,51.3,130,Low,Central Cafeteria,Meals,Standard,111,78.3,65,62,3,4.6,0,Balanced,80,56.5,196,0,Ample,26.54,Low Activity,CIQ-0897,USER_UPLOADED_EXCEL_DATA
2026-09-30,10:00-12:00,2,3,Mid,0,,26,40,120,0,21.7,46,34,250,13.6,14,Wednesday,2,0,1,9,6,0,0,0,0,0,0,0,24.0,0,Clear,1.0,5,51.3,130,Low,Central Cafeteria,Meals,Standard,62,78.3,48,46,2,4.2,0,Balanced,31,56.5,196,0,Ample,21.51,Low Activity,CIQ-0898,USER_UPLOADED_EXCEL_DATA
2026-09-30,12:00-14:00,2,3,Mid,0,,16,26,120,0,13.3,138,56,250,22.4,14,Wednesday,2,0,1,9,6,0,0,0,0,0,0,0,24.0,0,Clear,1.0,5,51.3,130,Low,Central Cafeteria,Meals,Standard,46,78.3,145,138,7,4.8,0,Balanced,34,56.5,196,0,Ample,28.88,Low Activity,CIQ-0899,USER_UPLOADED_EXCEL_DATA
2026-09-30,14:00-16:00,2,3,Mid,0,,22,16,120,0,18.3,38,44,250,17.6,14,Wednesday,2,0,1,9,6,0,0,0,0,0,0,0,24.0,0,Clear,1.0,5,51.3,130,Low,Central Cafeteria,Meals,Standard,138,78.3,40,38,2,5.0,0,Balanced,56,56.5,196,0,Ample,20.85,Low Activity,CIQ-0900,USER_UPLOADED_EXCEL_DATA
2026-09-30,16:00-18:00,2,3,Mid,1,Sports_Tournament,103,22,120,1,85.8,64,25,250,10.0,14,Wednesday,2,0,1,9,6,0,0,0,0,0,0,0,24.0,0,Clear,1.0,5,51.3,130,High,Central Cafeteria,Meals,Standard,38,78.3,67,64,3,4.5,0,Balanced,44,56.5,196,0,Ample,44.36,Low Activity,CIQ-0901,USER_UPLOADED_EXCEL_DATA
2026-09-30,18:00-20:00,2,3,Mid,0,,96,103,120,1,80.0,112,64,250,25.6,14,Wednesday,2,0,1,9,6,0,0,0,0,0,0,0,24.0,0,Clear,1.0,5,51.3,130,High,Central Cafeteria,Meals,Standard,64,78.3,118,112,6,5.1,0,Balanced,25,56.5,196,0,Ample,51.01,Moderate Load,CIQ-0902,USER_UPLOADED_EXCEL_DATA
2026-09-30,20:00-22:00,2,3,Mid,0,,78,96,120,0,65.0,110,83,250,33.2,14,Wednesday,2,0,1,9,6,0,0,0,0,0,0,0,24.0,0,Clear,1.0,5,51.3,130,Moderate,Central Cafeteria,Meals,Standard,112,78.3,116,110,6,5.2,0,Balanced,64,56.5,196,0,Ample,47.88,Moderate Load,CIQ-0903,USER_UPLOADED_EXCEL_DATA
2026-10-01,08:00-10:00,2,3,Mid,1,,40,20,120,0,33.3,63,34,250,13.6,14,Thursday,3,0,1,10,6,0,0,0,0,0,0,0,24.0,0,Clear,1.0,5,51.3,130,Low,Central Cafeteria,Meals,Standard,110,78.3,66,63,3,4.5,0,Balanced,83,56.5,196,0,Ample,26.98,Low Activity,CIQ-0904,USER_UPLOADED_EXCEL_DATA
2026-10-01,10:00-12:00,2,3,Mid,0,,18,40,120,0,15.0,47,29,250,11.6,14,Thursday,3,0,1,10,6,0,0,0,0,0,0,0,24.0,0,Clear,1.0,5,51.3,130,Low,Central Cafeteria,Meals,Standard,63,78.3,49,47,2,4.1,0,Balanced,34,56.5,196,0,Ample,18.65,Low Activity,CIQ-0905,USER_UPLOADED_EXCEL_DATA
2026-10-01,12:00-14:00,2,3,Mid,0,,21,18,120,0,17.5,139,39,250,15.6,14,Thursday,3,0,1,10,6,0,0,0,0,0,0,0,24.0,0,Clear,1.0,5,51.3,130,Low,Central Cafeteria,Meals,Standard,47,78.3,146,139,7,4.8,0,Balanced,29,56.5,196,0,Ample,28.39,Low Activity,CIQ-0906,USER_UPLOADED_EXCEL_DATA
2026-10-01,14:00-16:00,2,3,Mid,0,,26,21,120,0,21.7,52,45,250,18.0,14,Thursday,3,0,1,10,6,0,0,0,0,0,0,0,24.0,0,Clear,1.0,5,51.3,130,Low,Central Cafeteria,Meals,Standard,139,78.3,55,52,3,5.5,0,Balanced,39,56.5,196,0,Ample,23.33,Low Activity,CIQ-0907,USER_UPLOADED_EXCEL_DATA
2026-10-01,16:00-18:00,2,3,Mid,0,,84,26,120,0,70.0,41,25,250,10.0,14,Thursday,3,0,1,10,6,0,0,0,0,0,0,0,24.0,0,Clear,1.0,5,51.3,130,Moderate,Central Cafeteria,Meals,Standard,52,78.3,43,41,2,4.7,0,Balanced,45,56.5,196,0,Ample,36.92,Low Activity,CIQ-0908,USER_UPLOADED_EXCEL_DATA
2026-10-01,18:00-20:00,2,3,Mid,0,,88,84,120,0,73.3,120,56,250,22.4,14,Thursday,3,0,1,10,6,0,0,0,0,0,0,0,24.0,0,Clear,1.0,5,51.3,130,Moderate,Central Cafeteria,Meals,Standard,41,78.3,126,120,6,4.8,0,Balanced,25,56.5,196,0,Ample,48.38,Moderate Load,CIQ-0909,USER_UPLOADED_EXCEL_DATA
2026-10-01,20:00-22:00,2,3,Mid,1,Sports_Tournament,105,88,120,1,87.5,132,65,250,26.0,14,Thursday,3,0,1,10,6,0,0,0,0,0,0,0,24.0,0,Clear,1.0,5,51.3,130,High,Central Cafeteria,Meals,Standard,120,78.3,139,132,7,5.0,0,Balanced,56,56.5,196,0,Ample,55.42,Moderate Load,CIQ-0910,USER_UPLOADED_EXCEL_DATA
2026-10-02,08:00-10:00,2,2,Mid,0,,34,20,120,0,28.3,32,10,250,4.0,14,Friday,4,0,1,10,6,0,0,0,0,0,0,0,24.0,0,Clear,1.0,5,51.3,130,Low,Central Cafeteria,Meals,Standard,132,78.3,34,32,2,5.9,0,Balanced,65,56.5,196,0,Ample,19.77,Low Activity,CIQ-0911,USER_UPLOADED_EXCEL_DATA
2026-10-02,10:00-12:00,2,2,Mid,0,,33,34,120,0,27.5,38,26,250,10.4,14,Friday,4,0,1,10,6,0,0,0,0,0,0,0,24.0,0,Clear,1.0,5,51.3,130,Low,Central Cafeteria,Meals,Standard,32,78.3,40,38,2,5.0,0,Balanced,10,56.5,196,0,Ample,21.91,Low Activity,CIQ-0912,USER_UPLOADED_EXCEL_DATA
2026-10-02,12:00-14:00,2,2,Mid,1,,23,33,120,0,19.2,165,50,250,20.0,14,Friday,4,0,1,10,6,0,0,0,0,0,0,0,24.0,0,Clear,1.0,5,51.3,130,Low,Central Cafeteria,Meals,Standard,38,78.3,173,165,8,4.6,0,Balanced,26,56.5,196,0,Ample,32.47,Low Activity,CIQ-0913,USER_UPLOADED_EXCEL_DATA
2026-10-02,14:00-16:00,2,2,Mid,0,,11,23,120,0,9.2,40,43,250,17.2,14,Friday,4,0,1,10,6,0,0,0,0,0,0,0,24.0,0,Clear,1.0,5,51.3,130,Low,Central Cafeteria,Meals,Standard,165,78.3,42,40,2,4.8,0,Balanced,50,56.5,196,0,Ample,17.71,Low Activity,CIQ-0914,USER_UPLOADED_EXCEL_DATA
2026-10-02,16:00-18:00,2,2,Mid,0,,77,11,120,0,64.2,62,21,250,8.4,14,Friday,4,0,1,10,6,0,0,0,0,0,0,0,24.0,0,Clear,1.0,5,51.3,130,Moderate,Central Cafeteria,Meals,Standard,40,78.3,65,62,3,4.6,0,Balanced,43,56.5,196,0,Ample,36.16,Low Activity,CIQ-0915,USER_UPLOADED_EXCEL_DATA
2026-10-02,18:00-20:00,2,2,Mid,0,,83,77,120,0,69.2,102,69,250,27.6,14,Friday,4,0,1,10,6,0,0,0,0,0,0,0,24.0,0,Clear,1.0,5,51.3,130,Moderate,Central Cafeteria,Meals,Standard,62,78.3,107,102,5,4.7,0,Balanced,21,56.5,196,0,Ample,47.0,Moderate Load,CIQ-0916,USER_UPLOADED_EXCEL_DATA
2026-10-02,20:00-22:00,2,2,Mid,0,,64,83,120,0,53.3,116,55,250,22.0,14,Friday,4,0,1,10,6,0,0,0,0,0,0,0,24.0,0,Clear,1.0,5,51.3,130,Low,Central Cafeteria,Meals,Standard,102,78.3,122,116,6,4.9,0,Balanced,69,56.5,196,0,Ample,40.92,Low Activity,CIQ-0917,USER_UPLOADED_EXCEL_DATA
2026-10-03,08:00-10:00,2,3,Mid,0,,52,20,120,0,43.3,32,35,250,14.0,14,Saturday,5,1,1,10,6,0,0,0,0,0,0,0,24.0,0,Clear,1.0,5,51.3,130,Low,Central Cafeteria,Meals,Standard,116,78.3,34,32,2,5.9,0,Balanced,55,56.5,196,0,Ample,28.02,Low Activity,CIQ-0918,USER_UPLOADED_EXCEL_DATA
2026-10-03,10:00-12:00,2,3,Mid,0,,34,52,120,0,28.3,54,29,250,11.6,14,Saturday,5,1,1,10,6,0,0,0,0,0,0,0,24.0,0,Clear,1.0,5,51.3,130,Low,Central Cafeteria,Meals,Standard,32,78.3,57,54,3,5.3,0,Balanced,35,56.5,196,0,Ample,23.88,Low Activity,CIQ-0919,USER_UPLOADED_EXCEL_DATA
2026-10-03,12:00-14:00,2,3,Mid,0,,38,34,120,0,31.7,100,21,250,8.4,14,Saturday,5,1,1,10,6,0,0,0,0,0,0,0,24.0,0,Clear,1.0,5,51.3,130,Low,Central Cafeteria,Meals,Standard,54,78.3,105,100,5,4.8,0,Balanced,29,56.5,196,0,Ample,27.95,Low Activity,CIQ-0920,USER_UPLOADED_EXCEL_DATA
2026-10-03,14:00-16:00,2,3,Mid,0,,33,38,120,0,27.5,36,20,250,8.0,14,Saturday,5,1,1,10,6,0,0,0,0,0,0,0,24.0,0,Clear,1.0,5,51.3,130,Low,Central Cafeteria,Meals,Standard,100,78.3,38,36,2,5.3,0,Balanced,21,56.5,196,0,Ample,21.02,Low Activity,CIQ-0921,USER_UPLOADED_EXCEL_DATA
2026-10-03,16:00-18:00,2,3,Mid,0,,92,33,120,0,76.7,36,32,250,12.8,14,Saturday,5,1,1,10,6,0,0,0,0,0,0,0,24.0,0,Clear,1.0,5,51.3,130,Moderate,Central Cafeteria,Meals,Standard,36,78.3,38,36,2,5.3,0,Balanced,20,56.5,196,0,Ample,39.68,Low Activity,CIQ-0922,USER_UPLOADED_EXCEL_DATA
2026-10-03,18:00-20:00,2,3,Mid,0,,97,92,120,1,80.8,107,81,250,32.4,14,Saturday,5,1,1,10,6,0,0,0,0,0,0,0,24.0,0,Clear,1.0,5,51.3,130,High,Central Cafeteria,Meals,Standard,36,78.3,112,107,5,4.5,0,Balanced,32,56.5,196,0,Ample,52.92,Moderate Load,CIQ-0923,USER_UPLOADED_EXCEL_DATA
2026-10-03,20:00-22:00,2,3,Mid,0,,85,97,120,0,70.8,115,71,250,28.4,14,Saturday,5,1,1,10,6,0,0,0,0,0,0,0,24.0,0,Clear,1.0,5,51.3,130,Moderate,Central Cafeteria,Meals,Standard,107,78.3,121,115,6,5.0,0,Balanced,81,56.5,196,0,Ample,48.88,Moderate Load,CIQ-0924,USER_UPLOADED_EXCEL_DATA
2026-10-04,08:00-10:00,2,4,Mid,0,,53,20,120,0,44.2,21,22,250,8.8,14,Sunday,6,1,1,10,6,0,0,0,0,0,0,0,24.0,0,Clear,1.0,5,51.3,130,Low,Central Cafeteria,Meals,Standard,115,78.3,22,21,1,4.5,0,Balanced,71,56.5,196,0,Ample,25.86,Low Activity,CIQ-0925,USER_UPLOADED_EXCEL_DATA
2026-10-04,10:00-12:00,2,4,Mid,0,,34,53,120,0,28.3,38,23,250,9.2,14,Sunday,6,1,1,10,6,0,0,0,0,0,0,0,24.0,0,Clear,1.0,5,51.3,130,Low,Central Cafeteria,Meals,Standard,21,78.3,40,38,2,5.0,0,Balanced,22,56.5,196,0,Ample,21.83,Low Activity,CIQ-0926,USER_UPLOADED_EXCEL_DATA
2026-10-04,12:00-14:00,2,4,Mid,0,,24,34,120,0,20.0,131,33,250,13.2,14,Sunday,6,1,1,10,6,0,0,0,0,0,0,0,24.0,0,Clear,1.0,5,51.3,130,Low,Central Cafeteria,Meals,Standard,38,78.3,138,131,7,5.1,0,Balanced,23,56.5,196,0,Ample,27.88,Low Activity,CIQ-0927,USER_UPLOADED_EXCEL_DATA
2026-10-04,14:00-16:00,2,4,Mid,0,,38,24,120,0,31.7,55,22,250,8.8,14,Sunday,6,1,1,10,6,0,0,0,0,0,0,0,24.0,0,Clear,1.0,5,51.3,130,Low,Central Cafeteria,Meals,Standard,131,78.3,58,55,3,5.2,0,Balanced,33,56.5,196,0,Ample,24.32,Low Activity,CIQ-0928,USER_UPLOADED_EXCEL_DATA
2026-10-04,16:00-18:00,2,4,Mid,0,,88,38,120,0,73.3,35,19,250,7.6,14,Sunday,6,1,1,10,6,0,0,0,0,0,0,0,24.0,0,Clear,1.0,5,51.3,130,Moderate,Central Cafeteria,Meals,Standard,55,78.3,37,35,2,5.4,0,Balanced,22,56.5,196,0,Ample,36.85,Low Activity,CIQ-0929,USER_UPLOADED_EXCEL_DATA
2026-10-04,18:00-20:00,2,4,Mid,0,,109,88,120,1,90.8,110,72,250,28.8,14,Sunday,6,1,1,10,6,0,0,0,0,0,0,0,24.0,0,Clear,1.0,5,51.3,130,High,Central Cafeteria,Meals,Standard,35,78.3,116,110,6,5.2,0,Balanced,19,56.5,196,0,Ample,55.59,Moderate Load,CIQ-0930,USER_UPLOADED_EXCEL_DATA
2026-10-04,20:00-22:00,2,4,Mid,0,,78,109,120,0,65.0,89,64,250,25.6,14,Sunday,6,1,1,10,6,0,0,0,0,0,0,0,24.0,0,Clear,1.0,5,51.3,130,Moderate,Central Cafeteria,Meals,Standard,110,78.3,93,89,4,4.3,0,Balanced,72,56.5,196,0,Ample,43.85,Low Activity,CIQ-0931,USER_UPLOADED_EXCEL_DATA
2026-10-05,08:00-10:00,2,3,Mid,0,,47,20,120,0,39.2,68,39,250,15.6,14,Monday,0,0,1,10,6,0,0,0,0,0,0,0,24.0,0,Clear,1.0,5,51.3,130,Low,Central Cafeteria,Meals,Standard,89,78.3,71,68,3,4.2,0,Balanced,64,56.5,196,0,Ample,30.07,Low Activity,CIQ-0932,USER_UPLOADED_EXCEL_DATA
2026-10-05,10:00-12:00,2,3,Mid,0,,19,47,120,0,15.8,45,24,250,9.6,14,Monday,0,0,1,10,6,0,0,0,0,0,0,0,24.0,0,Clear,1.0,5,51.3,130,Low,Central Cafeteria,Meals,Standard,68,78.3,47,45,2,4.3,0,Balanced,39,56.5,196,0,Ample,18.16,Low Activity,CIQ-0933,USER_UPLOADED_EXCEL_DATA
2026-10-05,12:00-14:00,2,3,Mid,0,,18,19,120,0,15.0,142,58,250,23.2,14,Monday,0,0,1,10,6,0,0,0,0,0,0,0,24.0,0,Clear,1.0,5,51.3,130,Low,Central Cafeteria,Meals,Standard,45,78.3,149,142,7,4.7,0,Balanced,24,56.5,196,0,Ample,30.04,Low Activity,CIQ-0934,USER_UPLOADED_EXCEL_DATA
2026-10-05,14:00-16:00,2,3,Mid,0,,24,18,120,0,20.0,25,60,250,24.0,14,Monday,0,0,1,10,6,0,0,0,0,0,0,0,24.0,0,Clear,1.0,5,51.3,130,Low,Central Cafeteria,Meals,Standard,142,78.3,26,25,1,3.8,0,Balanced,58,56.5,196,0,Ample,22.28,Low Activity,CIQ-0935,USER_UPLOADED_EXCEL_DATA
2026-10-05,16:00-18:00,2,3,Mid,0,,75,24,120,0,62.5,59,28,250,11.2,14,Monday,0,0,1,10,6,0,0,0,0,0,0,0,24.0,0,Clear,1.0,5,51.3,130,Moderate,Central Cafeteria,Meals,Standard,25,78.3,62,59,3,4.8,0,Balanced,60,56.5,196,0,Ample,36.15,Low Activity,CIQ-0936,USER_UPLOADED_EXCEL_DATA
2026-10-05,18:00-20:00,2,3,Mid,0,,82,75,120,0,68.3,93,67,250,26.8,14,Monday,0,0,1,10,6,0,0,0,0,0,0,0,24.0,0,Clear,1.0,5,51.3,130,Moderate,Central Cafeteria,Meals,Standard,59,78.3,98,93,5,5.1,0,Balanced,28,56.5,196,0,Ample,45.69,Moderate Load,CIQ-0937,USER_UPLOADED_EXCEL_DATA
2026-10-05,20:00-22:00,2,3,Mid,0,,68,82,120,0,56.7,93,58,250,23.2,14,Monday,0,0,1,10,6,0,0,0,0,0,0,0,24.0,0,Clear,1.0,5,51.3,130,Low,Central Cafeteria,Meals,Standard,93,78.3,98,93,5,5.1,0,Balanced,67,56.5,196,0,Ample,40.56,Low Activity,CIQ-0938,USER_UPLOADED_EXCEL_DATA
2026-10-06,08:00-10:00,2,3,Mid,0,,33,20,120,0,27.5,46,16,250,6.4,14,Tuesday,1,0,1,10,6,0,0,0,0,0,0,0,24.0,0,Clear,1.0,5,51.3,130,Low,Central Cafeteria,Meals,Standard,93,78.3,48,46,2,4.2,0,Balanced,58,56.5,196,0,Ample,21.38,Low Activity,CIQ-0939,USER_UPLOADED_EXCEL_DATA
2026-10-06,10:00-12:00,2,3,Mid,0,,11,33,120,0,9.2,39,17,250,6.8,14,Tuesday,1,0,1,10,6,0,0,0,0,0,0,0,24.0,0,Clear,1.0,5,51.3,130,Low,Central Cafeteria,Meals,Standard,46,78.3,41,39,2,4.9,0,Balanced,16,56.5,196,0,Ample,14.51,Low Activity,CIQ-0940,USER_UPLOADED_EXCEL_DATA
2026-10-06,12:00-14:00,2,3,Mid,0,,8,11,120,0,6.7,139,43,250,17.2,14,Tuesday,1,0,1,10,6,0,0,0,0,0,0,0,24.0,0,Clear,1.0,5,51.3,130,Low,Central Cafeteria,Meals,Standard,39,78.3,146,139,7,4.8,0,Balanced,17,56.5,196,0,Ample,25.09,Low Activity,CIQ-0941,USER_UPLOADED_EXCEL_DATA
2026-10-06,14:00-16:00,2,3,Mid,1,,14,8,120,0,11.7,73,39,250,15.6,14,Tuesday,1,0,1,10,6,0,0,0,0,0,0,0,24.0,0,Clear,1.0,5,51.3,130,Low,Central Cafeteria,Meals,Standard,139,78.3,77,73,4,5.2,0,Balanced,43,56.5,196,0,Ample,20.86,Low Activity,CIQ-0942,USER_UPLOADED_EXCEL_DATA
2026-10-06,16:00-18:00,2,3,Mid,0,,81,14,120,0,67.5,64,13,250,5.2,14,Tuesday,1,0,1,10,6,0,0,0,0,0,0,0,24.0,0,Clear,1.0,5,51.3,130,Moderate,Central Cafeteria,Meals,Standard,73,78.3,67,64,3,4.5,0,Balanced,39,56.5,196,0,Ample,36.52,Low Activity,CIQ-0943,USER_UPLOADED_EXCEL_DATA
2026-10-06,18:00-20:00,2,3,Mid,0,,83,81,120,0,69.2,108,75,250,30.0,14,Tuesday,1,0,1,10,6,0,0,0,0,0,0,0,24.0,0,Clear,1.0,5,51.3,130,Moderate,Central Cafeteria,Meals,Standard,64,78.3,113,108,5,4.4,0,Balanced,13,56.5,196,0,Ample,48.22,Moderate Load,CIQ-0944,USER_UPLOADED_EXCEL_DATA
2026-10-06,20:00-22:00,2,3,Mid,0,,76,83,120,0,63.3,99,85,250,34.0,14,Tuesday,1,0,1,10,6,0,0,0,0,0,0,0,24.0,0,Clear,1.0,5,51.3,130,Moderate,Central Cafeteria,Meals,Standard,108,78.3,104,99,5,4.8,0,Balanced,75,56.5,196,0,Ample,46.6,Moderate Load,CIQ-0945,USER_UPLOADED_EXCEL_DATA
2026-10-07,08:00-10:00,2,3,Mid,1,,44,20,120,0,36.7,65,32,250,12.8,14,Wednesday,2,0,1,10,6,0,0,0,0,0,0,0,24.0,0,Clear,1.0,5,51.3,130,Low,Central Cafeteria,Meals,Standard,99,78.3,68,65,3,4.4,0,Balanced,85,56.5,196,0,Ample,28.1,Low Activity,CIQ-0946,USER_UPLOADED_EXCEL_DATA
2026-10-07,10:00-12:00,2,3,Mid,0,,25,44,120,0,20.8,55,31,250,12.4,14,Wednesday,2,0,1,10,6,0,0,0,0,0,0,0,24.0,0,Clear,1.0,5,51.3,130,Low,Central Cafeteria,Meals,Standard,65,78.3,58,55,3,5.2,0,Balanced,32,56.5,196,0,Ample,21.58,Low Activity,CIQ-0947,USER_UPLOADED_EXCEL_DATA
2026-10-07,12:00-14:00,2,3,Mid,0,,20,25,120,0,16.7,148,42,250,16.8,14,Wednesday,2,0,1,10,6,0,0,0,0,0,0,0,24.0,0,Clear,1.0,5,51.3,130,Low,Central Cafeteria,Meals,Standard,55,78.3,155,148,7,4.5,0,Balanced,31,56.5,196,0,Ample,29.22,Low Activity,CIQ-0948,USER_UPLOADED_EXCEL_DATA
2026-10-07,14:00-16:00,2,3,Mid,0,,18,20,120,0,15.0,37,38,250,15.2,14,Wednesday,2,0,1,10,6,0,0,0,0,0,0,0,24.0,0,Clear,1.0,5,51.3,130,Low,Central Cafeteria,Meals,Standard,148,78.3,39,37,2,5.1,0,Balanced,42,56.5,196,0,Ample,18.89,Low Activity,CIQ-0949,USER_UPLOADED_EXCEL_DATA
2026-10-07,16:00-18:00,2,3,Mid,0,,79,18,120,0,65.8,43,27,250,10.8,14,Wednesday,2,0,1,10,6,0,0,0,0,0,0,0,24.0,0,Clear,1.0,5,51.3,130,Moderate,Central Cafeteria,Meals,Standard,37,78.3,45,43,2,4.4,0,Balanced,38,56.5,196,0,Ample,35.85,Low Activity,CIQ-0950,USER_UPLOADED_EXCEL_DATA
2026-10-07,18:00-20:00,2,3,Mid,0,,85,79,120,0,70.8,90,80,250,32.0,14,Wednesday,2,0,1,10,6,0,0,0,0,0,0,0,24.0,0,Clear,1.0,5,51.3,130,Moderate,Central Cafeteria,Meals,Standard,43,78.3,94,90,4,4.3,0,Balanced,27,56.5,196,0,Ample,47.88,Moderate Load,CIQ-0951,USER_UPLOADED_EXCEL_DATA
2026-10-07,20:00-22:00,2,3,Mid,0,,86,85,120,0,71.7,124,69,250,27.6,14,Wednesday,2,0,1,10,6,0,0,0,0,0,0,0,24.0,0,Clear,1.0,5,51.3,130,Moderate,Central Cafeteria,Meals,Standard,90,78.3,130,124,6,4.6,0,Balanced,80,56.5,196,0,Ample,49.71,Moderate Load,CIQ-0952,USER_UPLOADED_EXCEL_DATA
2026-10-08,08:00-10:00,2,3,Mid,0,,44,20,120,0,36.7,43,28,250,11.2,14,Thursday,3,0,1,10,6,0,0,0,0,0,0,0,24.0,0,Clear,1.0,5,51.3,130,Low,Central Cafeteria,Meals,Standard,124,78.3,45,43,2,4.4,0,Balanced,69,56.5,196,0,Ample,25.79,Low Activity,CIQ-0953,USER_UPLOADED_EXCEL_DATA
2026-10-08,10:00-12:00,2,3,Mid,0,,23,44,120,0,19.2,47,16,250,6.4,14,Thursday,3,0,1,10,6,0,0,0,0,0,0,0,24.0,0,Clear,1.0,5,51.3,130,Low,Central Cafeteria,Meals,Standard,43,78.3,49,47,2,4.1,0,Balanced,28,56.5,196,0,Ample,18.56,Low Activity,CIQ-0954,USER_UPLOADED_EXCEL_DATA
2026-10-08,12:00-14:00,2,3,Mid,0,,19,23,120,0,15.8,170,56,250,22.4,14,Thursday,3,0,1,10,6,0,0,0,0,0,0,0,24.0,0,Clear,1.0,5,51.3,130,Low,Central Cafeteria,Meals,Standard,47,78.3,178,170,8,4.5,0,Balanced,16,56.5,196,0,Ample,32.42,Low Activity,CIQ-0955,USER_UPLOADED_EXCEL_DATA
2026-10-08,14:00-16:00,2,3,Mid,0,,20,19,120,0,16.7,39,63,250,25.2,14,Thursday,3,0,1,10,6,0,0,0,0,0,0,0,24.0,0,Clear,1.0,5,51.3,130,Low,Central Cafeteria,Meals,Standard,170,78.3,41,39,2,4.9,0,Balanced,56,56.5,196,0,Ample,22.66,Low Activity,CIQ-0956,USER_UPLOADED_EXCEL_DATA
2026-10-08,16:00-18:00,2,3,Mid,0,,88,20,120,0,73.3,69,31,250,12.4,14,Thursday,3,0,1,10,6,0,0,0,0,0,0,0,24.0,0,Clear,1.0,5,51.3,130,Moderate,Central Cafeteria,Meals,Standard,39,78.3,72,69,3,4.2,0,Balanced,63,56.5,196,0,Ample,41.12,Low Activity,CIQ-0957,USER_UPLOADED_EXCEL_DATA
2026-10-08,18:00-20:00,2,3,Mid,0,,92,88,120,0,76.7,120,77,250,30.8,14,Thursday,3,0,1,10,6,0,0,0,0,0,0,0,24.0,0,Clear,1.0,5,51.3,130,Moderate,Central Cafeteria,Meals,Standard,69,78.3,126,120,6,4.8,0,Balanced,31,56.5,196,0,Ample,52.08,Moderate Load,CIQ-0958,USER_UPLOADED_EXCEL_DATA
2026-10-08,20:00-22:00,2,3,Mid,0,,71,92,120,0,59.2,108,67,250,26.8,14,Thursday,3,0,1,10,6,0,0,0,0,0,0,0,24.0,0,Clear,1.0,5,51.3,130,Low,Central Cafeteria,Meals,Standard,120,78.3,113,108,5,4.4,0,Balanced,77,56.5,196,0,Ample,43.76,Low Activity,CIQ-0959,USER_UPLOADED_EXCEL_DATA
2026-10-09,08:00-10:00,2,1,Mid,1,Fest,42,20,120,0,35.0,70,34,250,13.6,14,Friday,4,0,1,10,6,0,0,0,0,0,0,0,24.0,0,Clear,1.0,5,51.3,130,Low,Central Cafeteria,Meals,Standard,108,78.3,74,70,4,5.4,0,Balanced,67,56.5,196,0,Ample,28.16,Low Activity,CIQ-0960,USER_UPLOADED_EXCEL_DATA
2026-10-09,10:00-12:00,2,1,Mid,1,Fest,26,42,120,0,21.7,55,31,250,12.4,14,Friday,4,0,1,10,6,0,0,0,0,0,0,0,24.0,0,Clear,1.0,5,51.3,130,Low,Central Cafeteria,Meals,Standard,70,78.3,58,55,3,5.2,0,Balanced,34,56.5,196,0,Ample,21.9,Low Activity,CIQ-0961,USER_UPLOADED_EXCEL_DATA
2026-10-09,12:00-14:00,2,1,Mid,1,Fest,21,26,120,0,17.5,175,40,250,16.0,14,Friday,4,0,1,10,6,0,0,0,0,0,0,0,24.0,0,Clear,1.0,5,51.3,130,Low,Central Cafeteria,Meals,Standard,55,78.3,184,175,9,4.9,0,Balanced,31,56.5,196,0,Ample,31.51,Low Activity,CIQ-0962,USER_UPLOADED_EXCEL_DATA
2026-10-09,14:00-16:00,2,1,Mid,1,Fest,30,21,120,0,25.0,83,54,250,21.6,14,Friday,4,0,1,10,6,0,0,0,0,0,0,0,24.0,0,Clear,1.0,5,51.3,130,Low,Central Cafeteria,Meals,Standard,175,78.3,87,83,4,4.6,0,Balanced,40,56.5,196,0,Ample,28.15,Low Activity,CIQ-0963,USER_UPLOADED_EXCEL_DATA
2026-10-09,16:00-18:00,2,1,Mid,1,Fest,82,30,120,0,68.3,86,28,250,11.2,14,Friday,4,0,1,10,6,0,0,0,0,0,0,0,24.0,0,Clear,1.0,5,51.3,130,Moderate,Central Cafeteria,Meals,Standard,83,78.3,90,86,4,4.4,0,Balanced,54,56.5,196,0,Ample,40.43,Low Activity,CIQ-0964,USER_UPLOADED_EXCEL_DATA
2026-10-09,18:00-20:00,2,1,Mid,1,Fest,88,82,120,0,73.3,143,63,250,25.2,14,Friday,4,0,1,10,6,0,0,0,0,0,0,0,24.0,0,Clear,1.0,5,51.3,130,Moderate,Central Cafeteria,Meals,Standard,86,78.3,150,143,7,4.7,0,Balanced,28,56.5,196,0,Ample,51.13,Moderate Load,CIQ-0965,USER_UPLOADED_EXCEL_DATA
2026-10-09,20:00-22:00,2,1,Mid,1,Fest,76,88,120,0,63.3,129,68,250,27.2,14,Friday,4,0,1,10,6,0,0,0,0,0,0,0,24.0,0,Clear,1.0,5,51.3,130,Moderate,Central Cafeteria,Meals,Standard,143,78.3,135,129,6,4.4,0,Balanced,63,56.5,196,0,Ample,47.06,Moderate Load,CIQ-0966,USER_UPLOADED_EXCEL_DATA
2026-10-10,08:00-10:00,2,1,Mid,1,Fest,48,20,120,0,40.0,71,21,250,8.4,14,Saturday,5,1,1,10,6,0,0,0,0,0,0,0,24.0,0,Clear,1.0,5,51.3,130,Low,Central Cafeteria,Meals,Standard,129,78.3,75,71,4,5.3,0,Balanced,68,56.5,196,0,Ample,28.44,Low Activity,CIQ-0967,USER_UPLOADED_EXCEL_DATA
2026-10-10,10:00-12:00,2,1,Mid,1,Fest,33,48,120,0,27.5,70,26,250,10.4,14,Saturday,5,1,1,10,6,0,0,0,0,0,0,0,24.0,0,Clear,1.0,5,51.3,130,Low,Central Cafeteria,Meals,Standard,71,78.3,74,70,4,5.4,0,Balanced,21,56.5,196,0,Ample,24.58,Low Activity,CIQ-0968,USER_UPLOADED_EXCEL_DATA
2026-10-10,12:00-14:00,2,1,Mid,1,Fest,32,33,120,0,26.7,132,33,250,13.2,14,Saturday,5,1,1,10,6,0,0,0,0,0,0,0,24.0,0,Clear,1.0,5,51.3,130,Low,Central Cafeteria,Meals,Standard,70,78.3,139,132,7,5.0,0,Balanced,26,56.5,196,0,Ample,30.3,Low Activity,CIQ-0969,USER_UPLOADED_EXCEL_DATA
2026-10-10,14:00-16:00,2,1,Mid,1,Fest,33,32,120,0,27.5,63,28,250,11.2,14,Saturday,5,1,1,10,6,0,0,0,0,0,0,0,24.0,0,Clear,1.0,5,51.3,130,Low,Central Cafeteria,Meals,Standard,132,78.3,66,63,3,4.5,0,Balanced,33,56.5,196,0,Ample,24.24,Low Activity,CIQ-0970,USER_UPLOADED_EXCEL_DATA
2026-10-10,16:00-18:00,2,1,Mid,1,Fest,83,33,120,0,69.2,54,37,250,14.8,14,Saturday,5,1,1,10,6,0,0,0,0,0,0,0,24.0,0,Clear,1.0,5,51.3,130,Moderate,Central Cafeteria,Meals,Standard,63,78.3,57,54,3,5.3,0,Balanced,28,56.5,196,0,Ample,39.16,Low Activity,CIQ-0971,USER_UPLOADED_EXCEL_DATA
2026-10-10,18:00-20:00,2,1,Mid,1,Fest,102,83,120,1,85.0,143,70,250,28.0,14,Saturday,5,1,1,10,6,0,0,0,0,0,0,0,24.0,0,Clear,1.0,5,51.3,130,High,Central Cafeteria,Meals,Standard,54,78.3,150,143,7,4.7,0,Balanced,37,56.5,196,0,Ample,56.07,Moderate Load,CIQ-0972,USER_UPLOADED_EXCEL_DATA
2026-10-10,20:00-22:00,2,1,Mid,1,Fest,97,102,120,1,80.8,126,59,250,23.6,14,Saturday,5,1,1,10,6,0,0,0,0,0,0,0,24.0,0,Clear,1.0,5,51.3,130,High,Central Cafeteria,Meals,Standard,143,78.3,132,126,6,4.5,0,Balanced,70,56.5,196,0,Ample,51.86,Moderate Load,CIQ-0973,USER_UPLOADED_EXCEL_DATA
2026-10-11,08:00-10:00,2,1,Mid,1,Fest,54,20,120,0,45.0,70,19,250,7.6,14,Sunday,6,1,1,10,6,0,0,0,0,0,0,0,24.0,0,Clear,1.0,5,51.3,130,Low,Central Cafeteria,Meals,Standard,126,78.3,74,70,4,5.4,0,Balanced,59,56.5,196,0,Ample,29.86,Low Activity,CIQ-0974,USER_UPLOADED_EXCEL_DATA
2026-10-11,10:00-12:00,2,1,Mid,1,Fest,41,54,120,0,34.2,65,32,250,12.8,14,Sunday,6,1,1,10,6,0,0,0,0,0,0,0,24.0,0,Clear,1.0,5,51.3,130,Low,Central Cafeteria,Meals,Standard,70,78.3,68,65,3,4.4,0,Balanced,19,56.5,196,0,Ample,27.23,Low Activity,CIQ-0975,USER_UPLOADED_EXCEL_DATA
2026-10-11,12:00-14:00,2,1,Mid,1,Fest,42,41,120,0,35.0,148,18,250,7.2,14,Sunday,6,1,1,10,6,0,0,0,0,0,0,0,24.0,0,Clear,1.0,5,51.3,130,Low,Central Cafeteria,Meals,Standard,65,78.3,155,148,7,4.5,0,Balanced,32,56.5,196,0,Ample,32.74,Low Activity,CIQ-0976,USER_UPLOADED_EXCEL_DATA
2026-10-11,14:00-16:00,2,1,Mid,1,Fest,31,42,120,0,25.8,44,35,250,14.0,14,Sunday,6,1,1,10,6,0,0,0,0,0,0,0,24.0,0,Clear,1.0,5,51.3,130,Low,Central Cafeteria,Meals,Standard,148,78.3,46,44,2,4.3,0,Balanced,18,56.5,196,0,Ample,22.9,Low Activity,CIQ-0977,USER_UPLOADED_EXCEL_DATA
2026-10-11,16:00-18:00,2,1,Mid,1,Fest,91,31,120,0,75.8,53,30,250,12.0,14,Sunday,6,1,1,10,6,0,0,0,0,0,0,0,24.0,0,Clear,1.0,5,51.3,130,Moderate,Central Cafeteria,Meals,Standard,44,78.3,56,53,3,5.4,0,Balanced,35,56.5,196,0,Ample,40.55,Low Activity,CIQ-0978,USER_UPLOADED_EXCEL_DATA
2026-10-11,18:00-20:00,2,1,Mid,1,Fest,99,91,120,1,82.5,142,70,250,28.0,14,Sunday,6,1,1,10,6,0,0,0,0,0,0,0,24.0,0,Clear,1.0,5,51.3,130,High,Central Cafeteria,Meals,Standard,53,78.3,149,142,7,4.7,0,Balanced,30,56.5,196,0,Ample,55.11,Moderate Load,CIQ-0979,USER_UPLOADED_EXCEL_DATA
2026-10-11,20:00-22:00,2,1,Mid,1,Fest,80,99,120,0,66.7,144,63,250,25.2,14,Sunday,6,1,1,10,6,0,0,0,0,0,0,0,24.0,0,Clear,1.0,5,51.3,130,Moderate,Central Cafeteria,Meals,Standard,142,78.3,151,144,7,4.6,0,Balanced,70,56.5,196,0,Ample,48.9,Moderate Load,CIQ-0980,USER_UPLOADED_EXCEL_DATA
